,heightOfTheFlowerTruss,passdays
18962,26.37,7
17539,38.09,7
17540,19.54,7
17541,17.84,7
17542,28.99,7
17543,16.71,7
17544,21.42,7
17545,21.98,7
17546,24.39,7
17547,21.98,7
17548,43.5,7
17549,17.7,7
17550,18.41,7
17551,31.36,7
17552,21.38,7
17553,25.91,7
17554,14.23,7
17555,35.4,7
18992,22.16,7
18991,13.504999999999999,7
18990,24.53,7
18989,13.504999999999999,7
18988,2.44,7
18987,13.504999999999999,7
17538,29.59,7
18986,4.0,7
18984,13.504999999999999,7
18983,13.504999999999999,7
18982,13.504999999999999,7
17558,16.57,7
17557,13.84,7
17556,16.67,7
18985,13.504999999999999,7
17537,31.4,7
17536,20.14,7
18972,4.88,7
18964,4.6,7
18965,2.34,7
18966,2.09,7
18967,13.504999999999999,7
18968,1.95,7
18969,2.41,7
18970,3.12,7
18971,2.8,7
18973,7.89,7
18974,1.77,7
18975,2.41,7
18976,2.41,7
18963,25.24,7
18978,13.504999999999999,7
18979,13.504999999999999,7
18980,13.504999999999999,7
18981,2.16,7
18977,2.55,7
17533,18.97,8
17532,21.98,8
17531,34.87,8
17530,20.99,8
17529,22.19,8
17535,27.5,8
17534,29.56,8
17528,28.64,8
20753,28.74,9
20752,26.65,9
20751,23.68,9
20756,18.12,9
20757,30.65,9
20750,21.35,9
20749,13.504999999999999,9
20758,29.2,9
20746,32.99,9
20748,6.23,9
20747,38.83,9
20754,35.47,9
20755,8.81,9
20764,22.83,10
20766,21.88,10
20765,27.72,10
20763,22.76,10
20762,26.83,10
20761,34.12,10
20767,37.03,10
20768,36.11,10
20769,40.88,10
20770,33.66,10
20771,16.42,10
20773,24.99,10
20774,13.504999999999999,10
20772,31.5,10
20776,1.81,10
20759,32.64,10
20760,28.21,10
20785,15.68,10
20775,36.14,10
20783,24.64,10
20782,24.71,10
20784,15.93,10
20780,3.36,10
20779,22.23,10
20778,16.64,10
20777,18.69,10
20781,9.1,10
20877,33.84,11
20881,18.02,11
20878,20.6,11
20879,20.67,11
20880,18.19,11
20882,14.34,11
20890,12.57,11
20884,5.49,11
20896,9.63,11
20895,27.19,11
20894,14.19,11
20883,35.75,11
20892,28.64,11
20891,37.49,11
20893,16.71,11
20889,13.98,11
20888,23.68,11
20887,13.504999999999999,11
20886,20.74,11
20885,13.06,11
20809,38.44,16
20808,44.99,16
20807,19.93,16
20788,33.56,16
20155,5.17,16
20156,1.88,16
20157,2.58,16
20814,17.17,16
20159,4.46,16
20787,13.504999999999999,16
20786,25.06,16
20790,26.16,16
20791,13.504999999999999,16
20792,42.02,16
20793,13.504999999999999,16
20794,13.504999999999999,16
20795,20.88,16
20796,20.96,16
20797,22.83,16
20798,13.504999999999999,16
20799,35.5,16
20158,1.91,16
20800,22.87,16
20802,20.99,16
20803,20.78,16
20804,38.19,16
20805,39.79,16
20806,21.38,16
20810,26.97,16
20815,18.51,16
20164,6.09,16
20163,5.84,16
20162,1.84,16
20161,1.88,16
20160,2.05,16
20801,21.59,16
20811,22.97,16
20789,13.504999999999999,16
20813,13.504999999999999,16
20821,42.94,16
20822,38.3,16
20823,20.0,16
20812,16.6,16
20819,19.29,16
20818,26.9,16
20820,19.79,16
20816,26.94,16
20824,25.24,16
20825,10.3,16
20817,26.48,16
20831,16.88,17
20833,27.79,17
20834,25.31,17
20835,30.37,17
20836,31.04,17
20837,31.82,17
20830,20.39,17
20832,23.79,17
20839,31.04,17
20829,36.11,17
20840,31.33,17
20841,19.47,17
20842,16.35,17
20843,15.33,17
20844,16.42,17
20845,31.22,17
20853,29.95,17
20852,23.54,17
20851,30.65,17
20850,16.57,17
20849,16.74,17
20848,24.5,17
20838,39.43,17
20828,32.11,17
20854,27.15,17
20826,28.88,17
20876,17.7,17
20875,13.504999999999999,17
20874,25.27,17
20873,19.22,17
20872,18.02,17
20871,25.63,17
20870,26.69,17
20869,28.11,17
20868,34.55,17
20867,22.23,17
20866,17.98,17
20865,18.34,17
20864,27.29,17
20863,26.87,17
20862,29.49,17
20861,18.37,17
20860,18.9,17
20859,29.35,17
20858,32.46,17
20857,28.53,17
20856,15.82,17
20855,31.89,17
20847,25.56,17
20827,35.68,17
20846,28.28,17
20193,1.88,18
20199,2.41,18
20980,13.504999999999999,18
20984,21.2,18
20985,13.504999999999999,18
20988,15.04,18
20989,13.504999999999999,18
20992,27.04,18
20993,13.504999999999999,18
20996,13.504999999999999,18
20178,4.07,18
20179,1.98,18
20180,1.98,18
20181,1.7,18
20182,1.84,18
20200,3.29,18
20183,2.05,18
20185,1.91,18
20186,3.79,18
20187,1.84,18
20188,1.13,18
20189,1.59,18
20190,2.55,18
20191,3.29,18
20192,3.01,18
20194,1.88,18
20195,7.93,18
20196,21.03,18
20197,21.35,18
20198,2.9,18
20184,2.02,18
20978,29.24,18
20204,25.84,19
20216,31.04,19
20217,31.04,19
20229,4.07,19
20228,4.04,19
20226,2.83,19
20225,7.58,19
20224,3.12,19
20223,1.73,19
20222,2.97,19
20221,13.81,19
20220,10.83,19
20219,13.504999999999999,19
20218,8.0,19
20201,16.35,19
20227,1.42,19
20203,8.99,19
20202,15.86,19
20214,13.31,19
20213,14.19,19
20211,13.504999999999999,19
20210,10.23,19
20209,10.16,19
20208,13.504999999999999,19
20212,6.48,19
20206,13.504999999999999,19
20205,9.1,19
20215,14.05,19
20207,10.09,19
20269,5.31,20
20268,5.06,20
20259,2.3,20
20267,5.03,20
20266,19.54,20
20264,19.61,20
20263,5.17,20
20260,3.54,20
20261,2.34,20
20262,13.504999999999999,20
20270,6.94,20
20265,11.4,20
20271,7.08,20
20277,7.5,20
20273,7.12,20
20274,4.71,20
20275,4.88,20
20276,4.71,20
20278,2.62,20
20279,3.33,20
20280,3.47,20
20281,8.28,20
20282,8.28,20
20258,13.504999999999999,20
20286,21.81,20
20283,8.67,20
20284,17.45,20
20285,21.81,20
20272,6.87,20
20257,3.93,20
20251,2.73,20
20255,2.9,20
20230,1.77,20
20256,13.504999999999999,20
20232,3.72,20
20233,24.81,20
20234,11.08,20
20235,4.35,20
20236,6.12,20
20237,4.35,20
20238,6.37,20
20239,5.7,20
20240,6.76,20
20241,6.73,20
20231,1.77,20
20243,26.09,20
20242,26.19,20
20253,2.73,20
20252,3.01,20
20250,3.15,20
20249,3.08,20
20254,3.04,20
20247,2.94,20
20246,10.05,20
20245,7.65,20
20244,10.05,20
20248,2.05,20
20294,2.37,21
20301,2.23,21
20300,14.27,21
20299,23.75,21
20298,11.47,21
20297,27.43,21
20296,1.77,21
20295,1.63,21
20293,2.58,21
20288,3.01,21
20291,5.73,21
20290,3.4,21
20289,2.87,21
20304,1.73,21
20287,2.27,21
20303,22.58,21
20307,2.3,21
20306,2.09,21
20305,2.16,21
20292,2.37,21
20302,1.7,21
20309,5.73,21
20308,6.51,21
19014,31.58,21
19013,6.76,21
19012,11.26,21
19011,4.85,21
19010,1.88,21
19009,24.85,21
19007,2.97,21
19006,6.73,21
19004,13.56,21
19003,12.32,21
19005,6.87,21
19001,2.3,21
19000,19.93,21
18999,5.52,21
18998,11.79,21
18997,22.44,21
18996,19.01,21
18995,9.91,21
18994,18.65,21
18993,5.88,21
19002,2.09,21
19031,3.96,22
19027,20.85,22
19028,1.63,22
19029,20.04,22
19032,3.82,22
19030,7.19,22
19034,2.37,22
19035,6.44,22
19036,4.35,22
19026,11.65,22
19033,13.66,22
19025,5.52,22
19021,10.37,22
19023,7.43,22
19022,6.48,22
19020,12.64,22
19019,9.95,22
19018,14.09,22
19017,1.03,22
19016,27.68,22
19015,5.27,22
19024,1.84,22
19054,14.94,23
19055,13.73,23
19056,18.41,23
19057,7.65,23
19058,13.45,23
19059,6.23,23
19060,4.53,23
19065,9.66,23
19062,13.63,23
19063,13.45,23
19064,8.11,23
19066,9.13,23
19068,7.86,23
19067,8.5,23
19053,12.28,23
19061,5.1,23
19052,13.03,23
20898,13.504999999999999,23
19050,19.47,23
19008,13.42,23
19069,2.94,23
19037,24.32,23
19038,23.79,23
19039,20.04,23
19040,21.98,23
19041,5.84,23
19042,3.15,23
19043,39.15,23
19044,30.9,23
19045,16.85,23
19046,11.79,23
19047,11.12,23
19048,15.54,23
19049,14.9,23
19051,5.31,23
19070,23.29,23
19071,16.0,23
19072,6.09,23
20920,13.504999999999999,23
20921,13.504999999999999,23
20922,22.3,23
20923,36.04,23
20924,36.46,23
20925,17.88,23
20926,43.54,23
20919,14.34,23
20927,48.5,23
20929,20.78,23
20930,13.504999999999999,23
20931,12.53,23
20932,13.504999999999999,23
20933,19.93,23
20934,13.504999999999999,23
20935,30.94,23
20928,38.12,23
20936,30.44,23
20918,21.63,23
20916,13.504999999999999,23
20899,17.49,23
20900,13.504999999999999,23
20901,13.504999999999999,23
20902,32.0,23
20903,24.53,23
20904,36.42,23
20905,13.504999999999999,23
20917,28.78,23
20906,30.58,23
20908,12.67,23
20909,15.86,23
20910,13.504999999999999,23
20911,14.97,23
20912,13.504999999999999,23
20913,36.74,23
20915,13.504999999999999,23
20907,41.81,23
20897,21.81,23
20937,29.73,23
20939,35.58,23
19088,14.97,23
19087,7.65,23
19086,8.92,23
19085,24.04,23
19084,6.34,23
19083,6.97,23
19082,15.33,23
19089,17.35,23
19081,5.45,23
19079,4.28,23
19078,13.504999999999999,23
19077,3.47,23
19076,15.75,23
19075,14.16,23
19074,5.35,23
19073,18.69,23
19080,31.68,23
20938,31.89,23
19090,8.57,23
20165,18.05,23
20940,13.504999999999999,23
20941,16.6,23
20942,22.69,23
20943,46.19,23
20177,24.46,23
20176,24.42,23
20175,11.22,23
20174,11.26,23
20172,11.29,23
20171,2.55,23
20170,1.59,23
20169,1.52,23
20168,3.19,23
20167,33.63,23
20166,6.19,23
20173,11.29,23
20914,13.504999999999999,23
20998,20.11,24
20999,13.504999999999999,24
20971,53.35,24
20954,16.57,24
20955,13.504999999999999,24
20956,23.15,24
20979,24.11,24
20957,13.504999999999999,24
20958,37.77,24
20977,14.05,24
20959,43.33,24
20976,13.504999999999999,24
20960,39.61,24
20961,13.504999999999999,24
20962,25.73,24
20963,15.19,24
20964,13.504999999999999,24
20965,17.98,24
20966,46.02,24
20967,18.27,24
20968,37.42,24
20969,15.22,24
20953,33.59,24
20970,57.31,24
20952,13.504999999999999,24
20950,13.504999999999999,24
20973,23.65,24
20974,13.504999999999999,24
20975,16.88,24
20997,13.504999999999999,24
20944,20.39,24
20945,11.79,24
20995,17.91,24
20994,13.504999999999999,24
20991,15.36,24
20990,13.504999999999999,24
20987,12.42,24
20946,13.504999999999999,24
20986,32.53,24
20947,16.78,24
20983,13.504999999999999,24
20948,13.504999999999999,24
20949,18.94,24
20982,16.39,24
20981,13.504999999999999,24
20951,27.26,24
20972,22.3,24
20344,1.31,25
20345,25.06,25
20339,3.61,25
20340,6.9,25
20342,6.02,25
20335,4.96,25
20346,25.03,25
20347,17.52,25
20348,17.45,25
20349,1.7,25
20350,13.504999999999999,25
20351,9.7,25
20352,1.52,25
20337,31.47,25
20334,7.54,25
20332,1.95,25
20331,1.95,25
20328,4.6,25
20327,4.6,25
20325,16.18,25
20323,5.49,25
20315,5.38,25
20316,7.89,25
20318,9.49,25
20319,8.42,25
20320,13.95,25
20333,10.34,25
20336,4.92,25
20358,13.56,26
20353,22.12,26
20354,12.64,26
20355,3.89,26
20368,3.04,26
20367,12.42,26
20366,9.03,26
20365,3.15,26
20364,5.84,26
20363,6.8,26
20362,18.09,26
20361,17.42,26
20360,7.75,26
20359,5.2,26
20357,27.4,26
20356,10.16,26
20383,15.12,27
20370,3.36,27
20381,4.25,27
20380,1.88,27
20379,23.68,27
20378,25.38,27
20377,12.18,27
20376,6.3,27
20375,5.77,27
20374,13.504999999999999,27
20373,1.45,27
20372,5.27,27
20371,3.61,27
20384,11.79,27
20369,12.99,27
20382,3.19,27
19119,12.25,28
19120,11.43,28
19121,4.07,28
19122,4.21,28
19123,15.04,28
19124,13.38,28
19125,15.75,28
19126,6.48,28
19127,4.85,28
19128,5.66,28
19105,12.67,28
19129,19.5,28
19099,6.09,28
19106,10.23,28
19107,5.95,28
19108,4.92,28
19109,7.72,28
19110,19.96,28
19111,9.52,28
19112,20.0,28
19113,9.52,28
19114,16.11,28
19115,3.47,28
19116,7.86,28
19117,8.64,28
19118,15.75,28
19103,10.48,28
19102,11.01,28
19091,3.33,28
19092,6.51,28
19093,6.62,28
19094,14.8,28
19095,22.41,28
19096,6.23,28
19097,7.26,28
19098,14.05,28
19104,12.28,28
19130,6.27,28
19101,6.69,28
20392,5.49,28
20385,1.17,28
20386,3.79,28
20387,1.56,28
20388,3.04,28
20389,1.73,28
20390,19.29,28
20391,12.21,28
20393,11.72,28
20394,13.66,28
20395,11.72,28
19100,6.65,28
19164,13.504999999999999,29
19144,13.504999999999999,29
19161,13.504999999999999,29
19165,25.52,29
19162,13.504999999999999,29
19166,9.81,29
19172,13.52,29
19168,13.504999999999999,29
19169,13.504999999999999,29
19174,19.36,29
19173,12.04,29
19160,13.504999999999999,29
19167,16.39,29
19159,13.504999999999999,29
19158,13.504999999999999,29
19157,5.81,29
19143,13.504999999999999,29
19142,1.56,29
19141,1.52,29
19140,12.0,29
19139,5.81,29
19138,6.12,29
19137,4.35,29
19136,17.7,29
19135,13.504999999999999,29
19134,7.33,29
19133,8.21,29
19145,13.504999999999999,29
19132,5.27,29
19146,7.82,29
19147,13.504999999999999,29
19148,7.82,29
19149,8.11,29
19150,13.504999999999999,29
19151,13.504999999999999,29
19152,13.504999999999999,29
19153,11.04,29
19154,2.37,29
19155,13.504999999999999,29
19156,12.21,29
19131,4.39,29
19163,6.94,29
17578,13.504999999999999,29
17593,16.99,29
17577,21.88,29
19171,3.33,29
17579,17.27,29
17580,3.96,29
17581,37.52,29
17582,9.45,29
17576,13.504999999999999,29
17583,18.83,29
17585,9.77,29
17586,5.35,29
17587,13.27,29
17588,6.05,29
17589,43.61,29
17590,44.18,29
17584,50.65,29
17591,12.28,29
17575,13.1,29
17573,29.84,29
17559,20.28,29
17560,12.92,29
17561,11.22,29
17562,35.12,29
17563,16.07,29
17564,23.22,29
17574,29.38,29
17565,38.16,29
17567,12.07,29
17568,11.12,29
17569,26.19,29
17570,24.71,29
17571,9.73,29
17572,17.13,29
17566,9.1,29
17592,10.65,29
19170,13.504999999999999,29
17594,13.504999999999999,29
17595,32.0,29
17596,13.24,29
17597,13.38,29
17629,6.94,30
17630,20.96,30
17631,24.35,30
17632,13.504999999999999,30
17633,29.45,30
17634,33.35,30
17636,13.66,30
17628,5.98,30
17637,16.99,30
17638,52.35,30
17639,6.9,30
17640,10.19,30
17641,49.35,30
17635,11.72,30
17627,10.97,30
17625,13.504999999999999,30
17643,8.92,30
17624,13.63,30
17623,24.64,30
17622,32.18,30
17621,10.16,30
17620,7.68,30
17619,44.96,30
17618,7.79,30
17617,13.27,30
17616,30.58,30
17615,26.27,30
17614,11.01,30
17613,4.74,30
17612,48.25,30
17626,12.46,30
17642,8.11,30
19201,13.95,30
19176,4.21,30
19209,5.24,30
19210,6.16,30
19211,16.67,30
19212,7.5,30
19213,4.96,30
19214,6.16,30
19215,4.92,30
19216,7.19,30
19217,6.05,30
19218,8.0,30
19219,6.83,30
19220,10.34,30
19221,15.68,30
19222,4.99,30
19223,11.01,30
19224,10.12,30
19226,6.83,30
19227,4.67,30
19228,15.96,30
19229,8.64,30
19230,7.54,30
20314,3.65,30
20313,2.51,30
20312,4.85,30
20311,1.63,30
20310,23.43,30
19175,3.15,30
19208,9.35,30
19207,14.48,30
19225,9.27,30
19205,2.12,30
19206,11.36,30
19178,1.88,30
19179,1.95,30
19180,2.44,30
19181,1.88,30
19182,6.34,30
19184,4.99,30
19185,10.02,30
19186,23.01,30
19187,13.504999999999999,30
19177,7.93,30
19188,13.504999999999999,30
19189,13.504999999999999,30
19190,13.504999999999999,30
19183,16.0,30
19192,5.63,30
19193,3.5,30
19194,2.9,30
19195,9.56,30
19196,11.68,30
19197,4.39,30
19198,3.4,30
19204,2.73,30
19199,13.31,30
19200,14.09,30
19202,11.04,30
19203,8.57,30
19191,5.88,30
17684,13.504999999999999,31
17683,13.504999999999999,31
17598,4.11,31
17681,25.49,31
17685,10.37,31
17599,4.18,31
17682,13.504999999999999,31
17686,13.504999999999999,31
17691,39.19,31
17688,5.91,31
17689,5.98,31
17690,7.15,31
17692,35.33,31
17693,17.98,31
17694,12.64,31
17600,13.06,31
17687,5.91,31
17601,17.95,31
17611,6.83,31
17669,59.47,31
17605,6.73,31
17644,7.75,31
17606,5.45,31
17607,6.3,31
17608,7.96,31
17609,6.41,31
17610,8.57,31
17680,15.58,31
17602,14.05,31
17679,8.64,31
17677,8.42,31
17676,10.09,31
17675,8.99,31
17674,11.01,31
17673,13.504999999999999,31
17672,37.56,31
17671,20.57,31
17670,30.73,31
17678,8.25,31
17645,9.84,31
17700,21.24,31
17647,10.02,31
17704,30.16,31
17703,14.3,31
17702,11.22,31
17701,11.96,31
17604,6.73,31
17699,18.05,31
17668,23.79,31
17698,15.29,31
17697,16.85,31
17696,13.2,31
17695,15.12,31
17646,9.88,31
17666,16.39,31
17665,7.12,31
17664,8.78,31
17667,13.504999999999999,31
17662,6.23,31
17648,11.43,31
17649,13.504999999999999,31
17663,40.74,31
17651,42.73,31
17652,10.87,31
17653,25.73,31
17654,8.57,31
17650,9.03,31
17656,11.12,31
17657,5.03,31
17658,7.82,31
17659,19.79,31
17660,21.35,31
17661,74.9,31
17655,7.12,31
17603,15.61,31
20343,4.0,32
20341,12.0,32
20338,1.06,32
20330,6.62,32
20329,6.62,32
20326,11.72,32
20324,4.46,32
20317,4.04,32
20321,4.64,32
20322,2.65,32
20397,1.98,33
20396,1.73,33
20398,1.66,33
20408,13.504999999999999,34
20407,2.37,34
20406,13.504999999999999,34
20405,7.61,34
20411,3.72,34
20403,12.96,34
20402,3.65,34
20401,1.7,34
20400,11.79,34
20399,27.04,34
20410,2.73,34
20409,15.47,34
20404,11.79,34
19272,9.06,35
19241,4.42,35
19240,8.21,35
19239,8.88,35
19238,3.36,35
19237,1.81,35
19236,3.12,35
19235,2.3,35
19234,4.78,35
19233,4.14,35
19232,2.76,35
19231,1.91,35
19242,3.26,35
19273,1.84,35
20412,8.85,35
20414,4.14,35
19271,1.81,35
19270,1.35,35
19269,1.66,35
19268,6.83,35
19267,11.15,35
19266,11.22,35
19265,2.62,35
19264,6.27,35
19263,8.18,35
19262,9.84,35
19261,9.63,35
19260,2.48,35
19259,2.51,35
20413,2.44,35
19258,1.95,35
19256,2.16,35
19254,2.83,35
19253,2.19,35
19252,10.8,35
19251,3.68,35
19250,5.91,35
19248,7.75,35
19247,6.97,35
19246,4.71,35
19245,8.39,35
19244,2.97,35
19243,5.38,35
20415,9.49,35
19257,2.23,35
19255,2.3,35
19249,7.15,35
17726,14.8,35
17733,3.93,35
17732,9.27,35
17731,9.66,35
17730,5.81,35
17729,16.88,35
17728,19.65,35
17727,12.14,35
17725,9.59,35
17724,9.56,35
17723,12.39,35
17722,11.33,35
17720,15.72,35
17719,8.53,35
17721,17.27,35
17717,6.23,35
17705,15.47,35
17706,13.27,35
17707,7.08,35
17708,4.96,35
17718,5.56,35
17710,17.81,35
17711,9.98,35
17709,5.88,35
17712,8.21,35
17713,14.27,35
17714,8.28,35
17715,8.74,35
17716,15.08,35
19300,8.81,36
19296,3.61,36
19297,12.64,36
19298,10.55,36
19299,13.95,36
19295,3.58,36
19301,8.64,36
19282,1.95,36
19303,6.94,36
19304,5.13,36
19305,10.12,36
19306,6.19,36
19307,8.04,36
19275,2.41,36
19294,6.19,36
19302,4.28,36
19293,8.78,36
19277,12.32,36
19291,12.5,36
19276,16.18,36
17769,6.83,36
19278,7.4,36
19279,5.81,36
19280,11.61,36
19281,12.6,36
19292,11.01,36
19283,6.12,36
19285,5.27,36
19286,10.8,36
19287,10.83,36
19288,5.66,36
19289,9.1,36
19290,7.15,36
19284,5.06,36
17768,11.19,36
19274,3.82,36
17766,14.27,36
17764,23.26,36
17763,10.8,36
17762,10.65,36
17761,25.35,36
17760,11.43,36
17759,12.14,36
17758,9.06,36
17757,8.88,36
17756,9.49,36
17755,10.3,36
17754,11.86,36
17753,20.64,36
17752,22.3,36
17751,9.45,36
17750,12.67,36
17749,16.99,36
17740,19.58,36
17734,7.01,36
17765,12.71,36
17735,5.95,36
17736,23.47,36
17737,22.48,36
17738,12.99,36
17739,10.69,36
17767,13.35,36
17741,9.38,36
17742,7.72,36
17743,9.95,36
17744,7.82,36
17745,20.96,36
17746,21.1,36
17747,15.89,36
17748,15.29,36
19308,2.34,37
19310,4.6,37
19311,2.87,37
19344,17.17,37
19342,22.65,37
19341,7.47,37
19340,6.41,37
19339,13.27,37
19338,12.11,37
19337,11.82,37
19336,9.35,37
19335,8.57,37
19334,3.72,37
19333,4.74,37
19332,5.98,37
19331,7.22,37
19330,20.78,37
19329,7.12,37
19328,3.15,37
19327,6.62,37
19313,1.84,37
19314,2.41,37
19315,4.32,37
19316,11.61,37
19317,6.19,37
19318,3.75,37
19309,2.3,37
19319,3.54,37
19321,7.61,37
19322,4.42,37
19323,12.07,37
19324,12.39,37
19325,5.88,37
19326,1.59,37
19320,7.12,37
19343,5.13,37
19312,3.54,37
17785,11.96,37
17791,6.87,37
17790,22.19,37
17789,6.94,37
17788,9.98,37
17787,19.36,37
17786,10.16,37
17784,10.97,37
17783,24.78,37
17782,8.39,37
17781,2.94,37
17780,12.14,37
17778,11.29,37
17779,10.58,37
17776,23.54,37
17777,6.73,37
17771,27.96,37
17772,19.89,37
17770,22.19,37
17774,14.65,37
17775,13.504999999999999,37
17773,14.37,37
17815,9.38,38
17818,15.22,38
17814,29.38,38
17813,22.8,38
17812,8.53,38
17811,33.73,38
17810,26.9,38
17816,6.41,38
17817,32.92,38
17819,12.07,38
17801,21.24,38
17821,13.95,38
17822,11.58,38
17823,10.34,38
17809,14.12,38
17824,14.8,38
17825,15.65,38
17826,8.07,38
17827,8.39,38
17828,15.19,38
17820,20.96,38
17808,18.51,38
17797,12.6,38
17806,21.42,38
17792,5.77,38
17793,8.28,38
17794,14.8,38
17795,15.58,38
17807,21.95,38
17829,15.15,38
17798,10.55,38
17796,13.52,38
17800,18.27,38
17831,27.93,38
17802,31.61,38
17803,26.76,38
17804,12.04,38
17805,9.31,38
17799,12.11,38
17830,31.29,38
17832,7.96,40
17833,21.95,40
17834,13.504999999999999,40
17835,22.41,40
17836,13.504999999999999,40
17840,19.79,40
17839,26.55,40
20416,15.01,40
20417,2.97,40
20418,13.504999999999999,40
20419,4.5,40
17837,10.69,40
17838,7.54,40
20420,2.05,40
17849,13.504999999999999,40
17854,15.47,40
17853,13.504999999999999,40
17852,6.87,40
17851,7.93,40
17850,6.62,40
17857,14.58,40
17848,11.12,40
17847,13.504999999999999,40
17846,9.95,40
17844,9.52,40
17843,13.504999999999999,40
17842,6.69,40
17841,13.504999999999999,40
17855,13.504999999999999,40
17856,7.19,40
17845,9.77,40
17878,9.17,41
17865,16.85,41
17866,19.26,41
17867,18.16,41
17868,8.78,41
17869,13.17,41
17870,14.65,41
17871,22.12,41
17872,10.62,41
17873,13.84,41
17858,21.59,41
17859,17.17,41
17874,13.504999999999999,41
17875,6.87,41
17876,6.62,41
17877,10.8,41
17860,14.23,41
17884,15.12,41
17883,19.08,41
17881,27.75,41
17880,22.37,41
17861,23.75,41
17862,27.43,41
17882,21.24,41
17879,11.75,41
17863,17.56,41
20422,16.35,41
20430,10.69,41
20421,9.24,41
20429,2.41,41
20428,3.79,41
20427,8.42,41
20426,10.27,41
20423,19.29,41
20424,3.47,41
20425,2.9,41
20431,10.19,41
17864,21.77,41
19355,1.98,42
19356,1.1,42
19357,1.84,42
19368,4.78,42
19359,2.02,42
19360,20.53,42
19362,7.22,42
19363,1.98,42
19364,5.95,42
19365,1.56,42
19366,1.38,42
19358,1.31,42
19361,14.69,42
19367,1.1,42
19354,11.47,42
20432,21.27,42
20433,1.03,42
20434,0.71,42
20435,2.27,42
20436,3.01,42
20437,1.42,42
20438,1.91,42
20439,7.54,42
20440,4.74,42
20441,20.53,42
20442,12.07,42
20443,36.81,42
19386,8.64,42
19385,3.75,42
19384,2.69,42
19383,18.44,42
19382,8.28,42
19381,8.85,42
19380,2.69,42
19379,3.75,42
19378,3.82,42
19377,4.46,42
19376,4.39,42
19375,6.34,42
19374,9.45,42
19373,1.84,42
19372,2.73,42
19371,21.03,42
19370,0.96,42
19369,2.9,42
19353,2.73,42
19350,0.46,42
17897,5.81,42
17885,22.9,42
17886,37.45,42
17887,33.31,42
17888,21.73,42
17889,21.77,42
17890,26.55,42
17891,25.42,42
17892,21.81,42
17893,13.504999999999999,42
17894,13.504999999999999,42
17895,24.0,42
17896,11.01,42
17898,18.9,42
17899,17.84,42
17900,20.32,42
17901,16.25,42
17910,15.19,42
17909,25.03,42
17908,6.62,42
17907,16.0,42
17906,9.17,42
19346,11.22,42
19347,11.08,42
19345,13.91,42
19349,1.84,42
19348,2.51,42
17905,8.42,42
19351,1.91,42
19352,4.25,42
17904,13.504999999999999,42
17903,7.12,42
17911,21.31,42
17902,12.46,42
19417,3.36,43
19403,5.52,43
19405,4.39,43
19402,5.95,43
19401,13.504999999999999,43
19400,7.43,43
19418,4.25,43
19419,14.87,43
19404,8.99,43
19406,11.22,43
19409,6.58,43
19408,1.31,43
19416,1.49,43
19410,4.11,43
19411,2.19,43
19412,2.27,43
19413,3.08,43
19415,18.65,43
19420,18.83,43
19414,1.73,43
19407,11.86,43
19421,3.82,43
19391,2.37,43
19423,4.71,43
17917,7.08,43
17918,13.504999999999999,43
17919,9.35,43
17920,6.9,43
17921,11.19,43
17922,1.73,43
17923,19.33,43
17924,19.01,43
17925,27.61,43
17926,10.94,43
17927,10.34,43
19422,5.91,43
17928,20.14,43
17914,18.02,43
17913,5.56,43
17912,9.27,43
20444,5.84,43
20445,9.49,43
20446,10.87,43
20447,9.66,43
19399,5.91,43
20448,13.504999999999999,43
19425,20.99,43
19424,27.61,43
17929,18.87,43
19398,20.14,43
17916,13.504999999999999,43
19396,22.48,43
19397,13.84,43
17915,19.15,43
19426,2.48,43
17937,17.59,43
17936,12.0,43
17935,7.58,43
17934,8.42,43
17933,19.15,43
17931,19.58,43
19388,2.97,43
17932,25.84,43
19429,6.94,43
19395,0.07,43
19394,0.18,43
17930,17.17,43
19392,1.31,43
19387,3.61,43
19393,0.64,43
19389,2.58,43
19427,2.12,43
19428,2.8,43
19390,2.44,43
17965,13.504999999999999,44
17970,14.83,44
17969,8.07,44
17968,13.504999999999999,44
17967,37.13,44
17966,45.45,44
17964,9.95,44
17958,17.84,44
17950,6.97,44
17951,6.51,44
17952,7.68,44
17953,9.13,44
17954,40.11,44
17955,13.06,44
17956,10.58,44
17957,7.43,44
20449,7.29,44
17959,4.32,44
17960,9.77,44
17963,7.33,44
20450,15.96,44
20460,13.2,44
20452,6.19,44
17962,43.54,44
17938,21.73,44
17939,22.12,44
17940,23.01,44
17941,20.14,44
17942,7.33,44
17943,7.19,44
17944,17.52,44
17945,15.29,44
17946,8.07,44
20451,13.84,44
17947,7.5,44
17949,18.23,44
20462,29.31,44
20461,2.58,44
20459,14.02,44
20458,2.27,44
20457,8.18,44
20456,8.46,44
20455,13.504999999999999,44
20454,5.63,44
20453,3.79,44
17948,6.97,44
17961,12.85,44
19435,9.84,45
19431,12.46,45
19457,8.39,45
19458,30.48,45
19459,8.99,45
19460,9.13,45
19430,12.64,45
19462,13.504999999999999,45
19463,5.73,45
19464,21.95,45
19465,11.5,45
19466,6.65,45
19467,4.5,45
19468,19.26,45
19469,18.02,45
19470,14.58,45
19471,14.58,45
19472,13.504999999999999,45
19473,4.57,45
19474,13.77,45
19475,16.78,45
19456,10.05,45
19455,4.14,45
19461,10.8,45
19453,14.48,45
19432,6.76,45
19433,5.24,45
19454,2.73,45
19436,5.49,45
19437,1.56,45
19438,12.28,45
19439,9.27,45
19440,3.58,45
19441,3.79,45
19442,25.35,45
19434,5.06,45
19444,13.504999999999999,45
19445,7.93,45
19446,8.32,45
19447,9.49,45
19448,9.95,45
19449,9.2,45
19450,5.7,45
19451,15.43,45
19452,7.01,45
19443,13.77,45
17983,16.46,47
17984,13.504999999999999,47
17982,13.504999999999999,47
17981,6.58,47
17980,23.54,47
17979,13.38,47
17974,13.504999999999999,47
17977,13.504999999999999,47
17976,15.65,47
17975,20.04,47
17973,13.504999999999999,47
17972,15.79,47
17971,13.504999999999999,47
17978,13.504999999999999,47
17985,27.82,47
17990,13.504999999999999,47
17987,34.94,47
17986,20.18,47
20476,7.96,47
20475,3.47,47
20474,19.93,47
20473,22.51,47
20472,1.49,47
20471,13.504999999999999,47
20470,16.07,47
20469,23.47,47
20468,13.504999999999999,47
20466,1.13,47
20465,29.77,47
20464,34.44,47
20463,4.53,47
20467,13.504999999999999,47
17991,26.44,47
18000,19.08,47
17999,17.59,47
17998,11.96,47
17997,13.91,47
17996,7.5,47
17995,9.2,47
17994,17.17,47
18001,8.85,47
17993,18.8,47
17989,6.09,47
17988,37.77,47
17992,13.504999999999999,47
18002,13.504999999999999,47
18003,19.36,48
20477,20.35,48
20478,4.0,48
20479,17.73,48
20480,9.73,48
18004,13.504999999999999,48
18008,12.32,48
18005,21.24,48
18016,19.26,48
18015,9.59,48
18014,23.26,48
18013,22.41,48
18012,15.5,48
18011,6.9,48
18006,14.02,48
18007,21.88,48
18010,10.41,48
18009,11.26,48
18020,15.01,49
18019,16.88,49
18018,6.44,49
18017,5.98,49
18024,30.23,49
20481,11.43,49
20482,13.06,49
20483,4.67,49
20484,17.13,49
18023,28.81,49
20486,6.62,49
20487,1.73,49
20488,1.81,49
20489,4.25,49
20490,24.04,49
18021,24.53,49
18022,28.46,49
20485,6.19,49
18029,28.78,49
18026,13.03,49
18027,10.58,49
18028,8.64,49
18030,25.45,49
18031,19.12,49
18032,15.72,49
18033,16.0,49
18034,13.49,49
18035,24.07,49
18036,11.08,49
18037,10.9,49
18038,18.3,49
18039,19.36,49
18025,9.1,49
18041,15.01,49
18042,17.03,49
18043,17.35,49
18044,39.54,49
18045,31.86,49
18046,26.37,49
18047,13.504999999999999,49
18048,13.35,49
18040,15.79,49
19491,9.31,50
19492,13.504999999999999,50
19493,9.63,50
19494,16.74,50
19498,24.0,50
19496,17.38,50
19497,8.0,50
19490,10.05,50
19499,39.93,50
19495,13.504999999999999,50
19489,7.15,50
19484,4.0,50
19487,5.31,50
19486,22.73,50
19485,18.65,50
19483,1.73,50
19482,1.56,50
19481,20.28,50
19477,5.06,50
19478,15.61,50
19479,9.38,50
19500,11.36,50
19480,26.65,50
19488,3.5,50
19523,6.02,50
19512,5.03,50
19502,20.42,50
19524,4.99,50
19525,9.03,50
19526,6.8,50
19476,5.84,50
19521,13.2,50
19520,27.82,50
19519,15.15,50
19518,3.01,50
19517,3.86,50
19516,25.7,50
19515,12.21,50
19514,13.504999999999999,50
19513,1.45,50
19522,11.75,50
19511,13.504999999999999,50
19510,10.94,50
19509,9.59,50
19508,12.67,50
19507,3.26,50
19506,7.26,50
19505,5.56,50
19504,13.504999999999999,50
19503,4.6,50
19501,43.89,50
18088,16.5,50
18060,13.42,50
18086,13.504999999999999,50
18057,10.87,50
18056,13.504999999999999,50
18055,26.12,50
18054,27.22,50
20504,33.13,50
20503,1.81,50
20502,24.07,50
20501,13.504999999999999,50
20500,14.69,50
20499,13.504999999999999,50
20498,13.03,50
20497,11.19,50
20496,13.504999999999999,50
20495,7.61,50
18087,19.5,50
20493,3.58,50
20492,18.62,50
20491,15.82,50
18053,30.44,50
18052,13.504999999999999,50
18051,9.35,50
18050,6.87,50
18049,7.89,50
18058,36.67,50
18059,16.0,50
20494,17.73,50
18062,13.504999999999999,50
18061,13.504999999999999,50
18085,20.78,50
18084,13.504999999999999,50
18083,13.504999999999999,50
18082,18.97,50
18080,15.04,50
18079,16.04,50
18078,13.59,50
18077,13.504999999999999,50
18076,13.504999999999999,50
18075,26.05,50
18074,24.71,50
18081,13.504999999999999,50
18072,24.14,50
18073,13.504999999999999,50
18064,28.21,50
18065,9.84,50
18063,23.72,50
18066,13.504999999999999,50
18068,12.92,50
18069,9.59,50
18070,24.85,50
18071,13.504999999999999,50
18067,4.6,50
19546,21.52,51
19547,1.88,51
19548,2.16,51
19549,19.33,51
19550,8.57,51
19551,23.75,51
19552,24.78,51
19559,4.81,51
19554,27.61,51
19557,1.38,51
19558,0.88,51
19560,5.98,51
19561,2.65,51
19562,2.87,51
19545,1.88,51
19553,5.84,51
19544,5.13,51
19532,3.58,51
19542,12.18,51
19563,5.38,51
19527,11.61,51
19528,9.31,51
19529,6.69,51
19530,4.57,51
19531,19.08,51
19533,5.7,51
19534,4.39,51
19535,8.71,51
19536,10.34,51
19537,8.18,51
19538,5.95,51
19539,10.41,51
19540,5.66,51
19541,13.56,51
19543,7.47,51
19564,0.6,51
19556,1.81,51
18095,13.504999999999999,51
18102,16.6,51
18101,8.64,51
18100,6.48,51
18099,20.96,51
18098,13.504999999999999,51
18097,13.504999999999999,51
18096,13.504999999999999,51
18094,9.66,51
18093,11.29,51
18091,8.25,51
18092,28.39,51
18089,6.94,51
20511,16.96,51
20510,5.56,51
20509,13.504999999999999,51
20508,5.7,51
20507,8.5,51
20506,1.52,51
20505,6.62,51
19555,1.49,51
18090,15.82,51
19601,18.09,52
19600,20.18,52
19602,13.504999999999999,52
19566,7.75,52
19604,15.61,52
19605,27.29,52
19599,18.48,52
19565,3.93,52
19598,14.9,52
19603,18.69,52
19596,9.1,52
19583,14.58,52
19582,16.11,52
19581,8.18,52
19580,6.23,52
19579,2.27,52
19578,2.55,52
19577,26.19,52
19576,8.81,52
19575,7.36,52
19574,21.13,52
19573,21.98,52
19572,8.35,52
19571,27.26,52
19570,6.19,52
19569,7.61,52
19568,21.17,52
19567,22.76,52
19597,7.89,52
19585,26.37,52
19584,12.74,52
19587,5.13,52
19595,8.71,52
19594,11.96,52
19593,12.67,52
19592,13.59,52
19591,14.27,52
19590,4.32,52
19586,2.76,52
19589,4.81,52
19588,3.75,52
18110,29.73,53
18111,8.64,53
18108,7.29,53
18107,21.35,53
18106,8.18,53
18105,21.84,53
18104,7.61,53
18103,8.14,53
18114,16.46,53
18115,18.62,53
18116,10.41,53
18109,21.52,53
18112,19.29,53
18113,18.44,53
18134,20.0,54
18137,13.504999999999999,54
18136,7.79,54
18135,13.504999999999999,54
18133,13.504999999999999,54
18132,6.55,54
18131,5.91,54
18130,17.66,54
18129,19.72,54
18128,8.88,54
18126,6.09,54
18125,7.58,54
18124,7.68,54
18127,7.96,54
18122,20.32,54
18121,20.85,54
18120,30.19,54
18119,11.15,54
18118,8.71,54
18117,13.504999999999999,54
18123,9.59,54
20512,10.94,54
20513,5.06,54
18155,6.73,55
18154,28.88,55
18153,29.31,55
18152,26.58,55
18142,19.12,55
18146,14.02,55
18150,18.8,55
18147,13.504999999999999,55
18148,32.53,55
18149,25.35,55
18156,27.08,55
18145,13.504999999999999,55
18157,13.03,55
18151,18.76,55
18159,7.72,55
18160,44.42,55
18161,10.87,55
18141,45.27,55
18140,61.56,55
18139,29.63,55
18138,16.46,55
18144,7.75,55
20518,10.94,55
20517,3.58,55
20516,13.504999999999999,55
20515,13.504999999999999,55
20514,13.504999999999999,55
18158,12.71,55
18143,6.09,55
19643,19.86,56
20519,9.49,56
19606,20.21,56
19607,19.79,56
19608,20.6,56
19609,20.88,56
19610,1.98,56
19611,26.94,56
19612,13.504999999999999,56
19613,18.27,56
19614,9.91,56
19615,8.21,56
19616,27.47,56
19617,13.504999999999999,56
19618,2.83,56
19619,3.4,56
19620,13.31,56
19621,5.52,56
19622,5.95,56
20520,4.18,56
20521,13.504999999999999,56
20522,13.504999999999999,56
20523,3.61,56
20524,13.504999999999999,56
20525,13.504999999999999,56
19629,3.86,56
20526,28.14,56
19628,7.01,56
19627,7.82,56
19626,13.24,56
19625,14.02,56
19624,3.72,56
19623,4.99,56
20527,3.19,56
19630,7.58,56
19640,14.27,56
19632,2.23,56
19631,12.07,56
19647,16.5,56
19641,16.11,56
19646,13.504999999999999,56
19645,13.504999999999999,56
19644,13.504999999999999,56
19642,18.8,56
19648,4.6,56
19638,2.73,56
19637,6.37,56
19636,28.74,56
19635,12.6,56
19634,16.57,56
19633,16.64,56
19639,2.48,56
20530,13.504999999999999,57
20529,1.56,57
20528,8.42,57
18185,18.19,58
18186,28.88,58
18183,23.89,58
18182,30.12,58
18178,27.19,58
18181,6.87,58
18180,30.27,58
18179,24.35,58
18184,24.18,58
18177,27.89,58
18171,43.08,58
18175,46.83,58
18162,17.13,58
18163,19.08,58
18164,22.83,58
18166,26.27,58
18167,13.504999999999999,58
18176,26.55,58
18168,15.43,58
18170,36.92,58
20531,8.57,58
20532,11.01,58
18172,13.504999999999999,58
18173,18.58,58
18174,43.54,58
18169,29.42,58
18165,44.96,58
18187,34.55,59
18188,10.73,59
19710,19.4,59
19723,9.73,59
19668,15.4,59
19669,21.45,59
19670,15.89,59
19671,15.47,59
19672,29.27,59
19673,30.87,59
19674,4.25,59
19675,7.82,59
19676,6.73,59
19677,5.17,59
19678,6.83,59
19679,22.97,59
19680,17.24,59
19681,9.17,59
19682,17.13,59
19667,14.34,59
19683,25.81,59
19666,23.43,59
19664,16.71,59
19649,11.72,59
19650,11.93,59
19651,25.84,59
19652,4.64,59
19653,12.0,59
19654,11.08,59
19655,12.92,59
19656,12.39,59
19657,10.19,59
19658,12.28,59
19659,14.65,59
19660,10.69,59
19661,17.17,59
19662,34.3,59
19663,27.5,59
19665,24.71,59
19684,37.88,59
19685,27.89,59
19686,9.7,59
19707,7.5,59
19708,8.6,59
19709,13.98,59
19711,15.08,59
19712,13.7,59
19713,22.12,59
19714,11.04,59
19715,8.99,59
19716,15.4,59
19717,19.54,59
19718,13.504999999999999,59
19719,10.16,59
19720,22.62,59
19721,11.04,59
19722,14.12,59
19706,21.81,59
19705,5.59,59
19704,11.79,59
19703,10.69,59
19687,10.83,59
19688,3.33,59
19689,11.93,59
19690,11.01,59
19691,9.59,59
19692,10.8,59
19693,8.92,59
19724,13.504999999999999,59
19694,10.55,59
19696,5.24,59
19697,3.4,59
19698,28.28,59
19699,24.07,59
19700,20.96,59
19701,17.52,59
19702,28.28,59
19695,9.73,59
18191,13.35,59
18190,14.27,59
18192,23.72,59
18189,8.5,59
18216,8.04,59
18215,7.68,59
18214,15.36,59
18213,17.42,59
18212,21.38,59
18211,5.91,59
18210,8.18,59
18209,9.38,59
18207,17.63,59
18206,27.26,59
18205,10.9,59
18208,10.94,59
18203,16.39,59
18193,23.72,59
18194,19.36,59
18204,16.71,59
18196,21.52,59
18197,17.35,59
18195,15.61,59
18199,34.94,59
18200,17.49,59
18201,14.76,59
18202,49.81,59
18198,39.08,59
18227,16.39,60
18233,10.65,60
18232,10.94,60
18231,21.95,60
18230,21.42,60
18229,10.44,60
18228,18.09,60
18226,5.03,60
18217,13.95,60
18224,12.07,60
18223,7.68,60
18222,26.83,60
18221,17.13,60
18220,36.85,60
18219,16.39,60
18218,17.27,60
18225,9.77,60
18247,13.504999999999999,61
20534,5.77,61
20539,13.504999999999999,61
20536,5.27,61
20538,13.504999999999999,61
20537,13.45,61
20535,12.57,61
18246,26.51,61
18245,13.504999999999999,61
20533,13.504999999999999,61
18243,30.3,61
18234,20.85,61
18236,30.44,61
18237,13.504999999999999,61
18238,13.504999999999999,61
18240,34.05,61
18244,17.91,61
18241,13.504999999999999,61
18242,32.04,61
18239,36.71,61
18235,13.504999999999999,61
20542,11.75,62
20552,13.504999999999999,62
20559,13.504999999999999,62
20558,11.54,62
20557,17.31,62
20556,13.7,62
20555,8.14,62
20554,13.504999999999999,62
20553,1.27,62
20549,20.21,62
20550,4.5,62
18279,19.4,62
20548,11.61,62
20547,22.23,62
20546,13.504999999999999,62
20545,7.29,62
20544,23.96,62
20540,9.81,62
20541,5.49,62
20551,13.504999999999999,62
18278,25.27,62
20543,9.31,62
18276,13.504999999999999,62
18263,13.504999999999999,62
18262,17.63,62
18260,13.504999999999999,62
18259,13.504999999999999,62
18258,13.504999999999999,62
18257,19.33,62
18256,10.83,62
18255,13.52,62
18254,17.35,62
18253,13.504999999999999,62
18252,19.36,62
18251,13.504999999999999,62
18250,13.504999999999999,62
18249,8.14,62
18248,14.27,62
18265,6.12,62
18266,6.51,62
18267,13.504999999999999,62
18268,24.18,62
18269,13.03,62
18270,11.01,62
18271,25.59,62
18272,21.63,62
18275,21.84,62
18274,19.54,62
18273,13.504999999999999,62
18277,16.42,62
20568,12.74,64
20567,11.15,64
20564,13.504999999999999,64
20565,13.504999999999999,64
20563,13.504999999999999,64
20562,12.6,64
20561,21.13,64
20560,5.35,64
20566,13.504999999999999,64
20569,13.504999999999999,64
20571,13.504999999999999,64
20573,2.05,64
18280,24.5,64
18281,28.85,64
18282,16.92,64
18283,16.32,64
18284,13.504999999999999,64
18285,13.504999999999999,64
18286,28.32,64
18287,13.504999999999999,64
18288,13.504999999999999,64
18289,30.27,64
18290,29.1,64
18291,29.84,64
20572,17.56,64
18292,9.52,64
20570,26.16,64
20576,25.1,64
20575,7.93,64
20574,13.504999999999999,64
20585,7.75,65
20583,12.57,65
20582,13.504999999999999,65
20581,3.93,65
20580,13.504999999999999,65
20579,10.55,65
20578,0.92,65
20577,8.04,65
20586,44.88,65
20584,12.04,65
18305,24.78,65
18306,13.504999999999999,65
18293,11.33,65
18294,36.32,65
18295,9.73,65
18296,28.39,65
18307,13.31,65
18298,13.38,65
18297,13.1,65
18300,21.45,65
18301,19.54,65
18302,13.98,65
18303,15.43,65
18304,19.04,65
18299,21.98,65
20591,6.8,66
20587,11.58,66
20588,13.06,66
20589,7.43,66
20590,13.504999999999999,66
20592,13.504999999999999,66
18316,35.43,66
20594,15.15,66
18320,30.23,66
18321,26.76,66
18322,27.04,66
18323,15.15,66
18324,13.504999999999999,66
18325,28.99,66
18326,13.504999999999999,66
18327,19.08,66
18328,14.97,66
18329,13.504999999999999,66
18330,23.61,66
18331,13.504999999999999,66
18333,13.504999999999999,66
18332,13.504999999999999,66
20593,10.05,66
18318,29.42,66
18317,25.91,66
18319,11.26,66
18314,23.93,66
20595,2.05,66
20596,3.08,66
20597,7.12,66
20598,1.52,66
20599,6.62,66
20600,21.56,66
18315,29.31,66
20603,8.57,66
20601,13.504999999999999,66
18308,19.96,66
18309,13.504999999999999,66
18310,20.96,66
18311,13.504999999999999,66
18312,21.95,66
18313,13.504999999999999,66
20602,13.1,66
18370,28.74,67
18367,28.39,67
18369,35.22,67
18368,12.46,67
18366,13.504999999999999,67
18361,12.42,67
18364,13.504999999999999,67
18358,26.27,67
18357,13.504999999999999,67
18356,13.504999999999999,67
18355,18.83,67
18354,32.0,67
18353,23.58,67
18352,11.96,67
18351,13.504999999999999,67
18350,11.36,67
18359,18.62,67
18349,13.504999999999999,67
18348,13.504999999999999,67
18347,13.504999999999999,67
18365,13.95,67
18346,29.13,67
18344,13.504999999999999,67
18343,15.15,67
18341,25.95,67
18340,13.504999999999999,67
18339,16.0,67
18338,17.98,67
18337,13.504999999999999,67
18336,28.81,67
18335,8.92,67
18334,8.18,67
18360,13.504999999999999,67
18362,13.49,67
18363,8.88,67
18345,20.71,67
18342,6.16,67
18391,13.504999999999999,68
18378,13.504999999999999,68
18390,15.96,68
18389,13.504999999999999,68
18388,14.09,68
18387,12.67,68
18386,13.84,68
18385,13.504999999999999,68
18384,11.26,68
18383,13.504999999999999,68
18381,15.26,68
18380,19.26,68
18382,3.22,68
18371,32.71,68
18377,30.41,68
18376,13.504999999999999,68
18375,30.12,68
18374,15.89,68
18373,37.45,68
18372,32.11,68
18379,37.59,68
18264,22.02,68
18261,23.36,68
18395,23.79,69
18394,18.55,69
18398,13.06,69
18392,10.69,69
18396,24.6,69
18393,10.73,69
18397,13.504999999999999,69
18399,22.94,69
18403,13.73,69
18405,13.504999999999999,69
18406,25.95,69
18407,20.14,69
18401,16.64,69
18400,13.504999999999999,69
18402,17.66,69
18404,14.16,69
20604,13.504999999999999,70
20607,16.5,70
20608,13.504999999999999,70
20609,13.504999999999999,70
20610,13.504999999999999,70
20611,23.58,70
20612,13.504999999999999,70
20606,13.504999999999999,70
20605,4.74,70
20614,4.04,71
20613,13.504999999999999,71
20622,13.504999999999999,71
20619,5.45,71
20621,1.95,71
20615,9.95,71
20616,13.504999999999999,71
20617,13.504999999999999,71
20620,5.27,71
20618,8.28,71
18415,13.13,72
18416,19.5,72
18417,13.45,72
18425,13.504999999999999,72
18418,11.01,72
18419,10.76,72
18420,12.53,72
18422,13.504999999999999,72
18423,33.63,72
18424,13.504999999999999,72
18414,13.7,72
18413,13.504999999999999,72
20629,3.47,72
18411,8.99,72
18410,28.88,72
18409,13.504999999999999,72
18408,22.05,72
18428,41.35,72
18426,26.34,72
20628,2.3,72
20627,3.12,72
20626,3.15,72
20625,13.24,72
20624,4.28,72
20623,9.35,72
18412,33.84,72
18427,19.43,72
18429,32.67,72
18421,31.19,72
18438,19.36,72
18436,6.27,72
18435,13.504999999999999,72
18434,13.504999999999999,72
18437,13.504999999999999,72
18432,15.15,72
18431,28.6,72
18430,13.504999999999999,72
18433,25.03,72
20638,13.504999999999999,73
20633,9.31,73
20634,16.07,73
20635,13.504999999999999,73
20636,13.504999999999999,73
20637,4.57,73
20639,6.27,73
20644,3.33,73
20641,11.72,73
20642,2.87,73
20643,4.6,73
20632,6.83,73
20645,7.54,73
20646,7.58,73
20647,6.23,73
20640,31.5,73
20631,37.81,73
18452,10.44,73
18455,11.19,73
18439,12.64,73
18440,13.504999999999999,73
18441,11.22,73
18442,8.88,73
18443,19.4,73
18444,13.504999999999999,73
18445,13.504999999999999,73
20630,7.96,73
18446,13.504999999999999,73
18448,13.504999999999999,73
18449,16.25,73
18450,10.51,73
18451,8.0,73
20648,4.5,73
18453,13.504999999999999,73
18454,13.504999999999999,73
18447,44.71,73
20649,13.504999999999999,73
18456,13.504999999999999,73
20650,8.0,73
18480,5.06,73
18479,39.68,73
18478,37.66,73
18477,7.86,73
18476,37.38,73
18475,22.69,73
18474,21.49,73
18472,21.35,73
18471,47.72,73
18470,44.07,73
18469,22.97,73
18468,10.41,73
18467,18.23,73
18466,29.77,73
18473,42.76,73
18464,13.504999999999999,73
18465,33.06,73
20651,9.73,73
18458,38.09,73
18459,26.23,73
18457,33.27,73
18461,46.97,73
18462,19.86,73
18463,21.17,73
18460,37.13,73
18485,24.42,75
18491,20.71,75
18486,26.9,75
18487,30.3,75
18488,41.31,75
18489,32.0,75
18490,26.73,75
18492,20.81,75
18481,35.79,75
18482,14.73,75
20652,23.4,75
20653,5.17,75
18483,14.34,75
18484,28.67,75
18495,24.5,76
18494,44.71,76
18493,47.61,76
18497,22.02,76
20654,1.88,76
20655,13.504999999999999,76
20656,29.35,76
18496,37.66,76
19761,35.58,77
19726,10.41,77
19749,13.504999999999999,77
19750,34.37,77
19752,24.67,77
19725,6.12,77
19754,23.36,77
19755,10.12,77
19756,8.96,77
19757,4.14,77
19748,40.85,77
19758,5.24,77
19760,16.11,77
19762,33.91,77
19763,32.6,77
19764,25.24,77
19765,13.49,77
19766,14.44,77
19767,14.83,77
19768,25.63,77
19759,8.46,77
19747,37.42,77
19753,20.96,77
19745,31.65,77
19727,12.35,77
19728,13.38,77
19729,11.29,77
19746,36.25,77
19731,13.03,77
19732,10.83,77
19733,7.82,77
19734,8.6,77
19735,10.87,77
19730,6.65,77
19737,8.11,77
19736,3.26,77
19744,40.67,77
19743,15.15,77
19742,14.34,77
19751,27.29,77
19740,23.4,77
19739,17.98,77
19738,18.87,77
19741,24.25,77
20657,13.504999999999999,78
20658,1.42,78
20660,13.504999999999999,78
20661,6.83,78
20662,4.25,78
20663,13.504999999999999,78
20664,13.504999999999999,78
20665,13.504999999999999,78
20666,7.29,78
20667,1.27,78
20659,4.99,78
18504,20.11,78
18506,19.08,78
18513,34.12,78
18512,13.504999999999999,78
18511,21.81,78
18510,28.07,78
18509,35.19,78
18508,13.84,78
18507,38.05,78
18519,39.58,78
18505,34.58,78
18517,44.25,78
18516,32.07,78
18515,24.39,78
18520,30.37,78
18503,26.12,78
18498,28.6,78
18499,17.73,78
18500,20.5,78
18501,26.41,78
18502,29.7,78
18514,18.44,78
18518,15.22,78
19791,39.12,79
19790,35.5,79
19789,15.26,79
19788,21.45,79
19782,12.53,79
19792,5.24,79
19793,5.1,79
19794,1.95,79
19795,12.25,79
19796,11.22,79
19787,22.05,79
19786,4.6,79
19778,10.9,79
19784,16.64,79
19769,8.92,79
19770,6.83,79
19771,8.14,79
19772,9.13,79
19773,13.63,79
19774,19.79,79
19775,9.52,79
19776,15.29,79
19777,16.6,79
19797,15.72,79
19779,11.5,79
19780,11.01,79
19781,13.98,79
19848,13.31,79
19783,10.55,79
19785,17.06,79
19798,15.22,79
19802,13.52,79
19800,10.9,79
19826,7.72,79
19827,18.34,79
19828,16.78,79
19829,8.6,79
19830,9.35,79
19831,5.91,79
19832,8.6,79
19833,11.96,79
19834,11.96,79
19825,7.65,79
19835,13.31,79
19837,8.53,79
19838,7.22,79
19839,15.5,79
19840,14.94,79
19841,6.12,79
19842,6.16,79
19843,7.58,79
19844,5.95,79
19845,7.19,79
19836,7.15,79
19824,19.26,79
19823,5.1,79
19822,3.36,79
19801,8.04,79
19849,12.71,79
19803,11.58,79
19804,18.55,79
19805,20.92,79
19806,28.85,79
19807,8.28,79
19808,11.22,79
19809,10.87,79
19810,9.91,79
19811,6.55,79
19812,19.5,79
19813,10.48,79
19814,11.36,79
19815,2.44,79
19816,31.82,79
19817,5.95,79
19818,16.35,79
19819,15.36,79
19820,20.07,79
19821,3.89,79
19799,12.28,79
19850,12.71,79
19858,6.02,79
19852,11.12,79
19867,14.41,79
18527,29.17,79
18526,35.19,79
18525,18.37,79
18524,33.95,79
18523,16.78,79
18522,40.81,79
18521,36.64,79
19851,12.35,79
20673,8.85,79
20672,4.57,79
20671,9.38,79
20670,2.97,79
20669,4.25,79
19847,16.85,79
19866,37.98,79
19853,12.99,79
19854,13.1,79
20668,2.48,79
19856,21.31,79
19857,5.31,79
19846,18.51,79
19859,4.46,79
19860,5.17,79
19861,27.65,79
19855,11.43,79
19865,37.17,79
19862,20.71,79
19863,15.22,79
19864,46.02,79
18532,10.73,81
18528,22.76,81
18529,6.23,81
18530,19.72,81
18531,13.49,81
18533,9.7,81
18534,3.89,81
18535,30.8,81
18536,35.68,81
18537,28.88,81
18538,3.47,81
20675,4.85,82
20674,12.28,82
20679,4.07,82
20676,28.88,82
20680,9.59,82
20681,2.8,82
20678,6.27,82
20682,13.504999999999999,82
20683,13.504999999999999,82
20684,13.504999999999999,82
20685,10.23,82
20677,29.88,82
20697,3.54,83
18546,30.58,83
18547,28.32,83
18548,29.24,83
18550,17.06,83
18551,19.79,83
18552,13.504999999999999,83
18553,22.16,83
18554,21.91,83
18555,38.65,83
18556,44.67,83
18557,13.63,83
18549,20.07,83
18545,9.06,83
18542,35.4,83
18543,7.33,83
20696,1.35,83
20694,1.66,83
20693,1.49,83
20692,6.41,83
20691,9.49,83
18544,23.93,83
20690,6.09,83
20688,3.4,83
20687,1.59,83
20686,38.3,83
18539,22.37,83
18540,21.91,83
18541,16.18,83
20689,4.71,83
20695,6.9,83
18560,42.37,84
18561,30.44,84
18563,44.85,84
18562,29.49,84
18564,31.29,84
18565,25.81,84
18566,13.504999999999999,84
18567,26.02,84
18568,28.92,84
18569,23.33,84
18558,22.3,84
18559,34.8,84
19890,10.83,85
19889,8.42,85
19888,12.5,85
19887,12.18,85
19886,10.97,85
19885,18.41,85
19892,16.6,85
19884,6.55,85
19891,10.58,85
19893,7.79,85
18579,18.23,85
19883,6.41,85
19895,21.56,85
19896,12.5,85
19897,21.63,85
19898,6.65,85
19899,43.72,85
19900,49.95,85
19901,25.03,85
19902,20.04,85
19903,8.81,85
19894,4.14,85
19882,27.61,85
19877,22.05,85
19880,9.49,85
18578,39.86,85
18577,39.36,85
18576,42.83,85
18575,41.35,85
18574,15.93,85
18573,11.61,85
18572,16.92,85
18571,18.3,85
18570,23.75,85
19868,29.88,85
19869,13.504999999999999,85
19870,4.96,85
19871,7.29,85
19872,6.9,85
19873,7.22,85
19874,2.51,85
19875,30.76,85
19876,31.33,85
19904,28.64,85
19878,23.26,85
19879,19.58,85
19881,26.3,85
19905,25.66,85
19920,7.82,85
19907,27.33,85
19933,28.99,85
19934,17.06,85
19935,8.64,85
19936,11.26,85
19937,12.39,85
19938,13.504999999999999,85
19939,9.52,85
19940,7.5,85
18585,49.73,85
18584,24.71,85
18583,17.63,85
18582,7.82,85
18581,21.63,85
18580,40.74,85
19906,5.56,85
20698,17.24,85
20699,13.504999999999999,85
20700,23.26,85
20701,13.504999999999999,85
20702,13.504999999999999,85
19931,4.53,85
19932,37.38,85
19929,23.36,85
19908,2.83,85
19909,6.37,85
19910,6.34,85
19911,6.94,85
19912,3.5,85
19913,3.08,85
19914,4.25,85
19915,24.5,85
19916,20.57,85
19930,5.88,85
19918,19.19,85
19917,7.5,85
19919,16.81,85
19921,0.21,85
19922,2.9,85
19923,2.9,85
19924,11.04,85
19925,12.25,85
19926,10.73,85
19927,14.44,85
19928,15.4,85
18587,29.77,86
18590,15.15,86
18591,16.18,86
18586,20.67,86
18588,10.97,86
18589,16.0,86
19959,2.41,87
20714,6.05,87
20713,13.59,87
20712,4.11,87
20711,18.76,87
20710,13.504999999999999,87
19958,2.48,87
20708,35.65,87
20707,7.19,87
20706,15.12,87
20705,13.504999999999999,87
20704,3.01,87
20703,3.65,87
19956,12.78,87
20715,4.42,87
19955,13.24,87
19953,18.16,87
19952,36.25,87
19951,54.27,87
19950,29.84,87
19949,30.27,87
19948,28.28,87
19947,24.42,87
19946,23.5,87
19945,20.18,87
19944,7.72,87
19943,8.25,87
19942,6.27,87
19941,27.12,87
19954,18.83,87
20716,13.504999999999999,87
20709,13.504999999999999,87
19979,26.62,87
19969,6.19,87
19968,22.23,87
19967,6.51,87
19966,17.2,87
19965,13.504999999999999,87
19964,41.98,87
19963,21.17,87
19970,32.04,87
19971,36.5,87
19972,19.26,87
19973,11.89,87
19974,30.05,87
19975,32.53,87
19977,8.5,87
19978,15.43,87
19976,6.87,87
19980,21.49,87
19961,10.48,87
19962,21.38,87
19957,27.89,87
19989,4.67,87
19988,23.96,87
19960,12.28,87
19987,18.48,87
19985,15.54,87
19984,11.43,87
19983,25.7,87
19982,7.33,87
19981,7.08,87
19986,11.19,87
18595,28.28,90
18596,47.86,90
18594,55.89,90
20717,18.62,90
18592,68.78,90
18597,40.07,90
18593,47.86,90
20718,3.82,91
18598,10.94,92
18610,23.89,92
18600,28.46,92
20720,10.62,92
20719,17.84,92
18613,18.9,92
18612,27.93,92
18611,21.13,92
18599,42.76,92
18608,41.1,92
18609,34.51,92
18606,38.44,92
18605,27.29,92
18604,24.74,92
18603,41.66,92
18602,34.94,92
18601,52.25,92
18607,34.87,92
20723,12.35,93
20721,6.65,93
20722,5.91,93
20016,16.99,93
20039,14.16,93
20013,19.26,93
20012,11.82,93
20011,17.59,93
20010,6.05,93
20009,21.77,93
20008,10.73,93
20007,8.39,93
20040,13.59,93
20005,8.92,93
20004,6.48,93
20003,7.29,93
20014,8.5,93
20002,9.49,93
20000,9.2,93
19999,6.12,93
19998,5.2,93
19997,22.55,93
19996,8.14,93
19995,17.98,93
19994,11.68,93
19993,16.21,93
19992,21.03,93
19991,17.63,93
19990,17.56,93
20001,8.32,93
20015,9.24,93
20006,7.01,93
20036,6.87,93
20038,11.22,93
20037,5.38,93
20035,6.37,93
20034,11.08,93
20033,6.9,93
20032,12.04,93
20030,7.33,93
20029,3.75,93
20028,25.42,93
20027,12.11,93
20031,7.79,93
20025,15.58,93
20024,14.69,93
20023,15.54,93
20022,17.03,93
20021,10.27,93
20020,32.18,93
20019,25.77,93
20018,23.22,93
20026,10.73,93
20017,20.92,93
18627,22.3,94
18626,12.71,94
18625,25.27,94
18624,43.58,94
18621,45.45,94
18622,34.09,94
18619,50.02,94
18620,36.6,94
18628,33.45,94
18623,39.96,94
18629,27.26,94
18615,46.51,94
18631,28.42,94
18632,33.42,94
18633,42.12,94
18634,29.63,94
18635,35.04,94
18636,35.43,94
18637,29.49,94
18616,44.57,94
20044,3.29,94
18614,23.54,94
18630,50.87,94
20045,13.66,94
18617,40.11,94
20103,2.58,94
20082,21.13,94
20081,15.61,94
20080,6.34,94
20079,19.33,94
20078,14.23,94
20077,12.64,94
20076,12.07,94
20075,2.87,94
20074,16.42,94
20073,21.03,94
20072,15.65,94
20071,17.81,94
20070,8.81,94
20069,21.95,94
20068,12.96,94
20083,8.92,94
20084,8.88,94
20085,10.62,94
20086,9.42,94
20102,11.22,94
20101,20.14,94
20100,19.08,94
20099,8.46,94
20098,11.61,94
20097,9.42,94
20096,17.63,94
20067,15.65,94
20095,13.59,94
20093,7.01,94
20092,8.04,94
20091,6.9,94
20090,5.17,94
20089,6.09,94
20088,4.92,94
20087,8.64,94
20094,19.04,94
20104,2.55,94
20066,15.61,94
20061,19.01,94
20058,6.69,94
20059,4.18,94
20060,6.16,94
20065,7.22,94
20041,10.44,94
20042,15.08,94
20043,19.86,94
20062,20.71,94
20063,12.78,94
20064,15.58,94
20057,6.8,94
20055,7.4,94
20053,6.44,94
20052,16.53,94
20051,11.01,94
20050,7.12,94
20049,8.46,94
20048,12.74,94
20047,13.1,94
18618,37.77,94
20046,11.89,94
20054,6.97,94
20056,7.72,94
18639,42.09,95
18654,28.6,95
18643,14.83,95
18644,15.36,95
18645,13.88,95
18646,44.67,95
18647,3.4,95
18648,34.73,95
18649,25.91,95
18650,12.64,95
18651,11.43,95
18652,12.32,95
18653,23.47,95
18642,23.26,95
18641,28.11,95
18640,24.5,95
18638,35.82,95
20726,3.89,96
20725,4.18,96
20724,16.5,96
20727,9.59,96
18668,40.99,97
20728,5.13,97
20729,19.68,97
20730,9.1,97
18671,28.57,97
18670,26.65,97
18669,29.88,97
18667,19.43,97
18666,16.6,97
18664,48.21,97
18663,35.68,97
18662,34.87,97
18661,39.4,97
18660,42.02,97
18659,37.84,97
18658,26.87,97
18657,32.35,97
18656,33.35,97
18655,29.59,97
18665,35.72,97
20731,2.58,98
18687,46.51,99
18688,55.89,99
18679,44.32,99
18686,43.68,99
18689,45.27,99
18685,22.27,99
18677,35.43,99
18683,27.89,99
18682,24.32,99
18681,42.8,99
18680,58.9,99
18675,11.93,99
18676,40.07,99
18678,39.43,99
18684,60.96,99
18696,59.4,101
18694,20.35,101
18693,45.42,101
18692,53.38,101
18691,33.2,101
18690,28.35,101
18695,15.86,101
20734,7.89,102
20733,8.0,102
18704,49.77,102
18709,33.42,102
20732,8.11,102
18708,29.1,102
18701,40.32,102
18706,43.29,102
18705,18.62,102
18703,18.9,102
18702,20.78,102
18700,35.54,102
18707,38.3,102
18699,36.0,102
18698,38.9,102
18697,32.78,102
18674,38.58,102
18673,34.9,102
18672,12.28,102
18721,21.31,106
18720,18.62,106
18719,18.27,106
18718,43.82,106
18717,37.98,106
18716,30.9,106
18715,40.81,106
18714,9.24,106
18713,42.58,106
18712,30.83,106
18711,27.72,106
18710,37.77,106
20735,19.22,107
20736,9.73,108
18730,70.05,108
18728,31.26,108
18727,37.88,108
18726,24.6,108
18725,30.73,108
18731,39.79,108
18732,48.85,108
18733,36.5,108
18724,25.56,108
18723,13.504999999999999,108
18722,29.2,108
18729,21.13,108
20123,26.69,109
20125,22.02,109
20124,26.05,109
20126,11.93,109
20128,27.47,109
20129,25.81,109
20130,3.19,109
20131,4.88,109
20122,8.04,109
20127,23.93,109
20121,14.97,109
20114,10.73,109
20118,26.69,109
18736,13.504999999999999,109
18735,32.14,109
18734,21.95,109
20120,12.71,109
20119,2.16,109
20117,13.73,109
20116,26.3,109
18737,26.55,109
20105,30.02,109
20107,14.48,109
20108,15.12,109
20109,17.49,109
20110,17.88,109
20111,16.64,109
20112,14.44,109
20113,4.39,109
20106,10.37,109
18738,9.17,109
18739,15.61,109
18740,14.83,109
18747,31.5,109
18746,23.89,109
18745,37.98,109
20115,20.21,109
18743,18.3,109
18742,34.09,109
18741,34.41,109
18744,17.59,109
18748,42.23,111
20737,9.81,111
18751,46.9,111
18752,59.04,111
18753,42.55,111
18754,40.67,111
18755,48.46,111
18756,33.31,111
18757,38.58,111
18758,24.57,111
18750,61.91,111
18749,64.53,111
18770,17.24,113
18764,47.89,113
18765,22.41,113
18766,47.68,113
18767,40.6,113
18768,35.19,113
18769,31.15,113
18761,50.55,113
18771,56.57,113
18763,46.23,113
18762,35.65,113
18760,43.08,113
18759,57.59,113
18774,62.83,114
18775,30.12,114
18776,35.33,114
18777,43.33,114
18778,27.68,114
18779,40.14,114
18773,58.55,114
18772,21.06,114
18792,22.02,115
18780,22.05,115
18781,23.29,115
18793,20.14,115
18784,36.46,115
18783,45.63,115
20132,13.06,115
20135,10.12,115
20136,12.88,115
18782,13.95,115
20134,13.504999999999999,115
18785,51.72,115
20133,5.7,115
18787,33.84,115
18788,44.42,115
18789,25.24,115
18790,56.07,115
18791,24.39,115
18786,51.12,115
18795,36.57,116
18796,44.21,116
18797,29.52,116
18794,33.03,116
20142,9.31,116
18798,24.71,116
20140,9.7,116
20143,13.88,116
20144,7.47,116
20139,7.12,116
20146,3.93,116
20147,8.99,116
20148,5.66,116
20149,13.73,116
20150,8.57,116
18804,37.91,116
18803,41.59,116
18802,22.27,116
18801,23.86,116
18800,33.52,116
18799,35.12,116
20141,7.43,116
20145,13.504999999999999,116
18805,13.504999999999999,116
20138,14.51,116
20137,4.21,116
20742,1.81,118
20741,1.91,118
20740,5.27,118
20739,7.15,118
20738,1.63,118
18812,51.82,119
18811,23.29,119
18810,25.24,119
18806,30.51,119
18808,35.04,119
18807,38.94,119
20743,20.0,119
20744,12.88,119
18809,65.59,119
18828,61.38,121
18822,47.43,121
18823,42.55,121
18824,38.62,121
18825,47.68,121
18826,42.97,121
18827,41.31,121
18829,27.43,121
20745,4.14,121
18818,41.7,121
18817,44.92,121
18816,24.0,121
18815,32.57,121
18814,30.27,121
18813,45.17,121
18820,30.02,121
18819,30.97,121
18821,29.27,121
17522,45.63,122
17501,46.69,122
17521,35.22,122
17519,37.91,122
17518,61.81,122
17517,47.19,122
17516,24.5,122
17515,35.08,122
17514,33.77,122
17513,32.88,122
17512,39.86,122
17511,60.25,122
17510,32.57,122
17509,21.45,122
17508,28.14,122
17507,31.72,122
17506,52.21,122
17505,47.33,122
17504,36.5,122
17503,28.67,122
17502,49.63,122
17523,32.92,122
17520,34.62,122
17500,27.5,122
18831,22.62,122
18830,24.35,122
20154,7.43,122
20153,6.65,122
20152,6.16,122
20151,6.97,122
18854,18.48,122
18852,14.19,122
18851,13.13,122
18850,11.5,122
18849,47.68,122
18848,19.82,122
18847,18.69,122
18846,18.12,122
18853,13.81,122
18844,17.38,122
18832,26.19,122
18845,14.55,122
18833,28.42,122
18834,3.01,122
18836,13.504999999999999,122
18837,2.73,122
18835,3.43,122
18838,23.12,122
18839,13.98,122
18840,19.65,122
18841,12.0,122
18842,18.44,122
18843,15.22,122
18908,25.35,123
18912,8.14,123
18911,18.05,123
18910,14.83,123
18909,28.67,123
18913,7.93,123
18907,12.81,123
18900,14.05,123
18905,26.87,123
18904,19.29,123
18903,17.7,123
18902,31.68,123
18899,20.32,123
18914,4.18,123
18906,15.86,123
18915,3.96,123
17527,15.54,123
18917,10.58,123
17524,46.73,123
17525,14.34,123
17526,19.75,123
18898,10.41,123
18928,40.6,123
18927,33.66,123
18926,11.01,123
18925,7.5,123
18924,9.13,123
18923,10.69,123
18922,21.59,123
18921,17.66,123
18920,22.05,123
18919,19.22,123
18918,18.48,123
18916,9.66,123
18897,29.81,123
18901,30.65,123
18895,1.31,123
18871,31.86,123
18870,18.16,123
18869,15.33,123
18868,2.44,123
18867,2.69,123
18866,2.55,123
18865,20.11,123
18864,27.72,123
18872,17.49,123
18863,23.82,123
18862,19.82,123
18861,19.47,123
18860,3.33,123
18859,2.9,123
18858,3.47,123
18857,18.76,123
18856,15.82,123
18855,2.65,123
18896,20.53,123
18873,21.91,123
18875,39.96,123
18876,33.49,123
18894,21.49,123
18893,27.93,123
18892,3.82,123
18891,2.9,123
18890,20.42,123
18874,15.96,123
18888,3.19,123
18887,22.34,123
18886,20.0,123
18889,12.0,123
18877,11.4,123
18878,18.62,123
18879,15.82,123
18885,12.67,123
18880,5.24,123
18881,4.07,123
18882,16.21,123
18883,16.78,123
18884,11.54,123
18930,5.84,129
18929,8.32,129
18945,12.14,129
18944,7.54,129
18943,9.84,129
18946,9.38,129
18941,18.27,129
18931,13.504999999999999,129
18932,3.26,129
18933,9.56,129
18935,12.74,129
18942,19.43,129
18934,10.02,129
18940,16.85,129
18939,9.24,129
18938,16.32,129
18937,21.35,129
18936,13.504999999999999,129
18948,3.01,130
18961,13.504999999999999,130
18960,10.55,130
18959,8.39,130
18958,6.41,130
18957,8.35,130
18956,28.14,130
18955,28.5,130
18953,12.04,130
18952,16.42,130
18951,8.78,130
18950,11.08,130
18949,8.74,130
18947,9.81,130
18954,25.35,130
