number,heightOfTheFlowerTruss,passdays
1,26.37,7
74,38.09,7
75,19.54,7
76,17.84,7
77,28.99,7
78,16.71,7
80,21.42,7
82,21.98,7
84,24.39,7
85,21.98,7
86,43.5,7
87,17.7,7
88,18.41,7
90,31.36,7
91,21.38,7
94,25.91,7
96,14.23,7
99,35.4,7
39,22.16,7
39,13.504999999999999,7
38,24.53,7
37,13.504999999999999,7
36,2.44,7
35,13.504999999999999,7
73,29.59,7
34,4.0,7
32,13.504999999999999,7
31,13.504999999999999,7
28,13.504999999999999,7
100,16.57,7
100,13.84,7
100,16.67,7
33,13.504999999999999,7
72,31.4,7
71,20.14,7
17,4.88,7
2,4.6,7
4,2.34,7
5,2.09,7
6,13.504999999999999,7
10,1.95,7
11,2.41,7
13,3.12,7
16,2.8,7
18,7.89,7
19,1.77,7
20,2.41,7
21,2.41,7
1,25.24,7
23,13.504999999999999,7
25,13.504999999999999,7
26,13.504999999999999,7
27,2.16,7
22,2.55,7
68,18.97,8
65,21.98,8
64,34.87,8
63,20.99,8
62,22.19,8
70,27.5,8
69,29.56,8
61,28.64,8
11,28.74,9
10,26.65,9
9,23.68,9
12,18.12,9
13,30.65,9
8,21.35,9
7,13.504999999999999,9
18,29.2,9
2,32.99,9
4,6.23,9
3,38.83,9
11,35.47,9
12,8.81,9
29,22.83,10
34,21.88,10
33,27.72,10
27,22.76,10
26,26.83,10
23,34.12,10
35,37.03,10
39,36.11,10
41,40.88,10
42,33.66,10
44,16.42,10
48,24.99,10
49,13.504999999999999,10
46,31.5,10
55,1.81,10
21,32.64,10
22,28.21,10
70,15.68,10
52,36.14,10
67,24.64,10
67,24.71,10
68,15.93,10
62,3.36,10
59,22.23,10
58,16.64,10
57,18.69,10
66,9.1,10
75,33.84,11
79,18.02,11
76,20.6,11
77,20.67,11
78,18.19,11
80,14.34,11
91,12.57,11
82,5.49,11
100,9.63,11
98,27.19,11
97,14.19,11
81,35.75,11
92,28.64,11
91,37.49,11
95,16.71,11
89,13.98,11
87,23.68,11
85,13.504999999999999,11
84,20.74,11
83,13.06,11
19,38.44,16
18,44.99,16
17,19.93,16
3,33.56,16
1,5.17,16
2,1.88,16
4,2.58,16
24,17.17,16
6,4.46,16
2,13.504999999999999,16
1,25.06,16
5,26.16,16
5,13.504999999999999,16
6,42.02,16
7,13.504999999999999,16
8,13.504999999999999,16
9,20.88,16
10,20.96,16
10,22.83,16
11,13.504999999999999,16
11,35.5,16
5,1.91,16
11,22.87,16
13,20.99,16
13,20.78,16
15,38.19,16
16,39.79,16
17,21.38,16
20,26.97,16
24,18.51,16
10,6.09,16
10,5.84,16
9,1.84,16
8,1.88,16
7,2.05,16
11,21.59,16
20,22.97,16
3,13.504999999999999,16
21,13.504999999999999,16
27,42.94,16
29,38.3,16
30,20.0,16
21,16.6,16
26,19.29,16
25,26.9,16
27,19.79,16
25,26.94,16
30,25.24,16
31,10.3,16
25,26.48,16
36,16.88,17
39,27.79,17
39,25.31,17
41,30.37,17
41,31.04,17
41,31.82,17
36,20.39,17
38,23.79,17
41,31.04,17
35,36.11,17
42,31.33,17
43,19.47,17
44,16.35,17
44,15.33,17
44,16.42,17
45,31.22,17
51,29.95,17
50,23.54,17
49,30.65,17
48,16.57,17
48,16.74,17
46,24.5,17
41,39.43,17
34,32.11,17
51,27.15,17
33,28.88,17
68,17.7,17
67,13.504999999999999,17
67,25.27,17
66,19.22,17
66,18.02,17
65,25.63,17
64,26.69,17
64,28.11,17
63,34.55,17
62,22.23,17
61,17.98,17
61,18.34,17
60,27.29,17
59,26.87,17
59,29.49,17
57,18.37,17
57,18.9,17
56,29.35,17
55,32.46,17
54,28.53,17
53,15.82,17
52,31.89,17
46,25.56,17
34,35.68,17
45,28.28,17
33,1.88,18
37,2.41,18
70,13.504999999999999,18
72,21.2,18
72,13.504999999999999,18
73,15.04,18
73,13.504999999999999,18
74,27.04,18
74,13.504999999999999,18
75,13.504999999999999,18
11,4.07,18
15,1.98,18
17,1.98,18
19,1.7,18
20,1.84,18
38,3.29,18
20,2.05,18
21,1.91,18
23,3.79,18
25,1.84,18
26,1.13,18
27,1.59,18
28,2.55,18
31,3.29,18
32,3.01,18
33,1.88,18
34,7.93,18
35,21.03,18
35,21.35,18
36,2.9,18
20,2.02,18
69,29.24,18
43,25.84,19
49,31.04,19
49,31.04,19
60,4.07,19
60,4.04,19
57,2.83,19
55,7.58,19
53,3.12,19
53,1.73,19
53,2.97,19
52,13.81,19
51,10.83,19
50,13.504999999999999,19
49,8.0,19
41,16.35,19
58,1.42,19
42,8.99,19
41,15.86,19
48,13.31,19
48,14.19,19
46,13.504999999999999,19
45,10.23,19
44,10.16,19
44,13.504999999999999,19
46,6.48,19
44,13.504999999999999,19
43,9.1,19
48,14.05,19
44,10.09,19
78,5.31,20
78,5.06,20
74,2.3,20
78,5.03,20
76,19.54,20
76,19.61,20
75,5.17,20
74,3.54,20
74,2.34,20
75,13.504999999999999,20
79,6.94,20
76,11.4,20
79,7.08,20
81,7.5,20
79,7.12,20
80,4.71,20
81,4.88,20
81,4.71,20
82,2.62,20
82,3.33,20
82,3.47,20
83,8.28,20
83,8.28,20
73,13.504999999999999,20
84,21.81,20
83,8.67,20
84,17.45,20
84,21.81,20
79,6.87,20
73,3.93,20
71,2.73,20
72,2.9,20
61,1.77,20
73,13.504999999999999,20
62,3.72,20
63,24.81,20
63,11.08,20
65,4.35,20
65,6.12,20
65,4.35,20
65,6.37,20
66,5.7,20
66,6.76,20
66,6.73,20
61,1.77,20
67,26.09,20
67,26.19,20
71,2.73,20
71,3.01,20
70,3.15,20
70,3.08,20
71,3.04,20
69,2.94,20
68,10.05,20
68,7.65,20
68,10.05,20
69,2.05,20
90,2.37,21
94,2.23,21
93,14.27,21
93,23.75,21
92,11.47,21
92,27.43,21
91,1.77,21
91,1.63,21
90,2.58,21
85,3.01,21
88,5.73,21
86,3.4,21
86,2.87,21
96,1.73,21
85,2.27,21
95,22.58,21
99,2.3,21
99,2.09,21
96,2.16,21
90,2.37,21
94,1.7,21
100,5.73,21
100,6.51,21
30,31.58,21
28,6.76,21
27,11.26,21
25,4.85,21
22,1.88,21
21,24.85,21
20,2.97,21
18,6.73,21
17,13.56,21
15,12.32,21
18,6.87,21
12,2.3,21
11,19.93,21
10,5.52,21
8,11.79,21
6,22.44,21
6,19.01,21
5,9.91,21
3,18.65,21
1,5.88,21
13,2.09,21
54,3.96,22
47,20.85,22
50,1.63,22
52,20.04,22
55,3.82,22
53,7.19,22
58,2.37,22
59,6.44,22
60,4.35,22
46,11.65,22
56,13.66,22
44,5.52,22
40,10.37,22
42,7.43,22
41,6.48,22
37,12.64,22
36,9.95,22
35,14.09,22
34,1.03,22
33,27.68,22
32,5.27,22
43,1.84,22
75,14.94,23
75,13.73,23
75,18.41,23
76,7.65,23
76,13.45,23
77,6.23,23
78,4.53,23
81,9.66,23
80,13.63,23
80,13.45,23
81,8.11,23
82,9.13,23
84,7.86,23
83,8.5,23
73,12.28,23
79,5.1,23
73,13.03,23
1,13.504999999999999,23
71,19.47,23
20,13.42,23
85,2.94,23
61,24.32,23
62,23.79,23
64,20.04,23
65,21.98,23
66,5.84,23
67,3.15,23
67,39.15,23
68,30.9,23
69,16.85,23
69,11.79,23
70,11.12,23
70,15.54,23
71,14.9,23
72,5.31,23
85,23.29,23
86,16.0,23
86,6.09,23
20,13.504999999999999,23
20,13.504999999999999,23
21,22.3,23
22,36.04,23
22,36.46,23
24,17.88,23
25,43.54,23
19,14.34,23
25,48.5,23
26,20.78,23
27,13.504999999999999,23
27,12.53,23
28,13.504999999999999,23
28,19.93,23
30,13.504999999999999,23
30,30.94,23
26,38.12,23
31,30.44,23
18,21.63,23
17,13.504999999999999,23
2,17.49,23
2,13.504999999999999,23
4,13.504999999999999,23
4,32.0,23
5,24.53,23
6,36.42,23
7,13.504999999999999,23
17,28.78,23
7,30.58,23
8,12.67,23
9,15.86,23
10,13.504999999999999,23
11,14.97,23
13,13.504999999999999,23
13,36.74,23
15,13.504999999999999,23
8,41.81,23
1,21.81,23
32,29.73,23
36,35.58,23
97,14.97,23
97,7.65,23
96,8.92,23
95,24.04,23
95,6.34,23
94,6.97,23
93,15.33,23
98,17.35,23
93,5.45,23
92,4.28,23
91,13.504999999999999,23
90,3.47,23
89,15.75,23
89,14.16,23
88,5.35,23
87,18.69,23
92,31.68,23
35,31.89,23
99,8.57,23
1,18.05,23
36,13.504999999999999,23
37,16.6,23
39,22.69,23
40,46.19,23
10,24.46,23
10,24.42,23
9,11.22,23
9,11.26,23
8,11.29,23
7,2.55,23
6,1.59,23
6,1.52,23
4,3.19,23
4,33.63,23
3,6.19,23
8,11.29,23
14,13.504999999999999,23
75,20.11,24
76,13.504999999999999,24
64,53.35,24
50,16.57,24
51,13.504999999999999,24
51,23.15,24
69,24.11,24
52,13.504999999999999,24
52,37.77,24
68,14.05,24
54,43.33,24
68,13.504999999999999,24
55,39.61,24
56,13.504999999999999,24
56,25.73,24
57,15.19,24
59,13.504999999999999,24
59,17.98,24
60,46.02,24
60,18.27,24
61,37.42,24
61,15.22,24
49,33.59,24
63,57.31,24
49,13.504999999999999,24
47,13.504999999999999,24
65,23.65,24
67,13.504999999999999,24
67,16.88,24
75,13.504999999999999,24
41,20.39,24
43,11.79,24
74,17.91,24
74,13.504999999999999,24
73,15.36,24
73,13.504999999999999,24
72,12.42,24
45,13.504999999999999,24
72,32.53,24
45,16.78,24
71,13.504999999999999,24
46,13.504999999999999,24
46,18.94,24
70,16.39,24
70,13.504999999999999,24
48,27.26,24
64,22.3,24
31,1.31,25
32,25.06,25
28,3.61,25
29,6.9,25
30,6.02,25
26,4.96,25
32,25.03,25
35,17.52,25
35,17.45,25
36,1.7,25
38,13.504999999999999,25
39,9.7,25
40,1.52,25
27,31.47,25
25,7.54,25
23,1.95,25
23,1.95,25
21,4.6,25
21,4.6,25
20,16.18,25
19,5.49,25
11,5.38,25
12,7.89,25
15,9.49,25
16,8.42,25
17,13.95,25
24,10.34,25
26,4.92,25
48,13.56,26
43,22.12,26
45,12.64,26
46,3.89,26
60,3.04,26
58,12.42,26
57,9.03,26
56,3.15,26
55,5.84,26
54,6.8,26
52,18.09,26
51,17.42,26
50,7.75,26
49,5.2,26
48,27.4,26
46,10.16,26
83,15.12,27
62,3.36,27
79,4.25,27
76,1.88,27
75,23.68,27
74,25.38,27
72,12.18,27
71,6.3,27
70,5.77,27
69,13.504999999999999,27
68,1.45,27
67,5.27,27
66,3.61,27
84,11.79,27
61,12.99,27
81,3.19,27
23,12.25,28
23,11.43,28
24,4.07,28
24,4.21,28
25,15.04,28
26,13.38,28
26,15.75,28
27,6.48,28
28,4.85,28
28,5.66,28
13,12.67,28
29,19.5,28
7,6.09,28
13,10.23,28
15,5.95,28
15,4.92,28
16,7.72,28
17,19.96,28
17,9.52,28
17,20.0,28
17,9.52,28
18,16.11,28
19,3.47,28
20,7.86,28
21,8.64,28
21,15.75,28
10,10.48,28
10,11.01,28
1,3.33,28
2,6.51,28
2,6.62,28
3,14.8,28
5,22.41,28
5,6.23,28
6,7.26,28
6,14.05,28
12,12.28,28
30,6.27,28
9,6.69,28
95,5.49,28
86,1.17,28
87,3.79,28
88,1.56,28
90,3.04,28
92,1.73,28
93,19.29,28
94,12.21,28
97,11.72,28
98,13.66,28
99,11.72,28
9,6.65,28
53,13.504999999999999,29
38,13.504999999999999,29
50,13.504999999999999,29
54,25.52,29
51,13.504999999999999,29
54,9.81,29
58,13.52,29
55,13.504999999999999,29
56,13.504999999999999,29
60,19.36,29
59,12.04,29
49,13.504999999999999,29
55,16.39,29
49,13.504999999999999,29
48,13.504999999999999,29
46,5.81,29
37,13.504999999999999,29
36,1.56,29
36,1.52,29
35,12.0,29
35,5.81,29
34,6.12,29
34,4.35,29
33,17.7,29
33,13.504999999999999,29
32,7.33,29
32,8.21,29
38,13.504999999999999,29
31,5.27,29
39,7.82,29
40,13.504999999999999,29
41,7.82,29
41,8.11,29
42,13.504999999999999,29
42,13.504999999999999,29
43,13.504999999999999,29
43,11.04,29
44,2.37,29
44,13.504999999999999,29
45,12.21,29
31,4.39,29
52,6.94,29
14,13.504999999999999,29
28,16.99,29
14,21.88,29
57,3.33,29
15,17.27,29
16,3.96,29
17,37.52,29
18,9.45,29
13,13.504999999999999,29
19,18.83,29
22,9.77,29
23,5.35,29
24,13.27,29
25,6.05,29
25,43.61,29
26,44.18,29
21,50.65,29
27,12.28,29
12,13.1,29
11,29.84,29
1,20.28,29
2,12.92,29
3,11.22,29
3,35.12,29
4,16.07,29
4,23.22,29
11,29.38,29
5,38.16,29
6,12.07,29
7,11.12,29
8,26.19,29
8,24.71,29
9,9.73,29
10,17.13,29
6,9.1,29
27,10.65,29
57,13.504999999999999,29
28,13.504999999999999,29
29,32.0,29
30,13.24,29
30,13.38,29
51,6.94,30
53,20.96,30
54,24.35,30
55,13.504999999999999,30
56,29.45,30
56,33.35,30
57,13.66,30
51,5.98,30
58,16.99,30
58,52.35,30
58,6.9,30
58,10.19,30
59,49.35,30
57,11.72,30
50,10.97,30
49,13.504999999999999,30
60,8.92,30
49,13.63,30
48,24.64,30
48,32.18,30
47,10.16,30
46,7.68,30
45,44.96,30
45,7.79,30
44,13.27,30
42,30.58,30
42,26.27,30
39,11.01,30
39,4.74,30
38,48.25,30
50,12.46,30
60,8.11,30
78,13.95,30
61,4.21,30
83,5.24,30
83,6.16,30
84,16.67,30
86,7.5,30
86,4.96,30
88,6.16,30
88,4.92,30
89,7.19,30
89,6.05,30
92,8.0,30
92,6.83,30
94,10.34,30
94,15.68,30
95,4.99,30
96,11.01,30
97,10.12,30
98,6.83,30
98,4.67,30
99,15.96,30
99,8.64,30
100,7.54,30
10,3.65,30
7,2.51,30
5,4.85,30
3,1.63,30
1,23.43,30
61,3.15,30
82,9.35,30
82,14.48,30
97,9.27,30
80,2.12,30
81,11.36,30
62,1.88,30
62,1.95,30
63,2.44,30
63,1.88,30
64,6.34,30
65,4.99,30
66,10.02,30
66,23.01,30
67,13.504999999999999,30
62,7.93,30
69,13.504999999999999,30
70,13.504999999999999,30
70,13.504999999999999,30
65,16.0,30
72,5.63,30
73,3.5,30
73,2.9,30
74,9.56,30
74,11.68,30
75,4.39,30
75,3.4,30
80,2.73,30
76,13.31,30
76,14.09,30
78,11.04,30
79,8.57,30
72,5.88,30
87,13.504999999999999,31
86,13.504999999999999,31
31,4.11,31
85,25.49,31
88,10.37,31
31,4.18,31
85,13.504999999999999,31
88,13.504999999999999,31
91,39.19,31
89,5.91,31
90,5.98,31
90,7.15,31
91,35.33,31
92,17.98,31
92,12.64,31
33,13.06,31
89,5.91,31
33,17.95,31
37,6.83,31
78,59.47,31
34,6.73,31
62,7.75,31
35,5.45,31
36,6.3,31
36,7.96,31
36,6.41,31
37,8.57,31
84,15.58,31
33,14.05,31
83,8.64,31
82,8.42,31
82,10.09,31
81,8.99,31
81,11.01,31
80,13.504999999999999,31
80,37.56,31
79,20.57,31
79,30.73,31
83,8.25,31
62,9.84,31
96,21.24,31
63,10.02,31
100,30.16,31
98,14.3,31
98,11.22,31
97,11.96,31
34,6.73,31
95,18.05,31
78,23.79,31
95,15.29,31
94,16.85,31
93,13.2,31
93,15.12,31
63,9.88,31
77,16.39,31
76,7.12,31
76,8.78,31
77,13.504999999999999,31
75,6.23,31
64,11.43,31
64,13.504999999999999,31
75,40.74,31
65,42.73,31
66,10.87,31
67,25.73,31
69,8.57,31
65,9.03,31
70,11.12,31
71,5.03,31
72,7.82,31
73,19.79,31
74,21.35,31
74,74.9,31
69,7.12,31
33,15.61,31
30,4.0,32
29,12.0,32
27,1.06,32
22,6.62,32
22,6.62,32
20,11.72,32
19,4.46,32
14,4.04,32
17,4.64,32
18,2.65,32
44,1.98,33
34,1.73,33
46,1.66,33
78,13.504999999999999,34
76,2.37,34
75,13.504999999999999,34
71,7.61,34
83,3.72,34
69,12.96,34
68,3.65,34
67,1.7,34
66,11.79,34
64,27.04,34
80,2.73,34
80,15.47,34
70,11.79,34
29,9.06,35
8,4.42,35
7,8.21,35
7,8.88,35
6,3.36,35
5,1.81,35
4,3.12,35
4,2.3,35
3,4.78,35
2,4.14,35
1,2.76,35
1,1.91,35
8,3.26,35
30,1.84,35
89,8.85,35
96,4.14,35
27,1.81,35
27,1.35,35
27,1.66,35
26,6.83,35
26,11.15,35
25,11.22,35
24,2.62,35
23,6.27,35
22,8.18,35
21,9.84,35
20,9.63,35
19,2.48,35
19,2.51,35
93,2.44,35
18,1.95,35
17,2.16,35
16,2.83,35
16,2.19,35
15,10.8,35
14,3.68,35
13,5.91,35
12,7.75,35
12,6.97,35
11,4.71,35
11,8.39,35
9,2.97,35
9,5.38,35
98,9.49,35
18,2.23,35
17,2.3,35
13,7.15,35
16,14.8,35
20,3.93,35
19,9.27,35
19,9.66,35
18,5.81,35
17,16.88,35
17,19.65,35
16,12.14,35
15,9.59,35
15,9.56,35
14,12.39,35
14,11.33,35
13,15.72,35
12,8.53,35
13,17.27,35
9,6.23,35
1,15.47,35
1,13.27,35
2,7.08,35
2,4.96,35
9,5.56,35
3,17.81,35
4,9.98,35
2,5.88,35
4,8.21,35
5,14.27,35
5,8.28,35
7,8.74,35
8,15.08,35
53,8.81,36
49,3.61,36
51,12.64,36
52,10.55,36
53,13.95,36
49,3.58,36
54,8.64,36
37,1.95,36
56,6.94,36
57,5.13,36
58,10.12,36
58,6.19,36
60,8.04,36
31,2.41,36
48,6.19,36
55,4.28,36
48,8.78,36
33,12.32,36
46,12.5,36
32,16.18,36
50,6.83,36
33,7.4,36
34,5.81,36
35,11.61,36
36,12.6,36
47,11.01,36
38,6.12,36
40,5.27,36
41,10.8,36
44,10.83,36
44,5.66,36
45,9.1,36
45,7.15,36
40,5.06,36
49,11.19,36
31,3.82,36
48,14.27,36
46,23.26,36
44,10.8,36
44,10.65,36
44,25.35,36
43,11.43,36
43,12.14,36
42,9.06,36
41,8.88,36
40,9.49,36
39,10.3,36
38,11.86,36
37,20.64,36
37,22.3,36
34,9.45,36
33,12.67,36
32,16.99,36
25,19.58,36
21,7.01,36
47,12.71,36
21,5.95,36
22,23.47,36
23,22.48,36
24,12.99,36
24,10.69,36
49,13.35,36
26,9.38,36
26,7.72,36
27,9.95,36
27,7.82,36
29,20.96,36
29,21.1,36
31,15.89,36
32,15.29,36
61,2.34,37
64,4.6,37
64,2.87,37
100,17.17,37
98,22.65,37
96,7.47,37
96,6.41,37
95,13.27,37
94,12.11,37
93,11.82,37
92,9.35,37
91,8.57,37
90,3.72,37
90,4.74,37
88,5.98,37
88,7.22,37
87,20.78,37
86,7.12,37
85,3.15,37
85,6.62,37
67,1.84,37
67,2.41,37
68,4.32,37
69,11.61,37
69,6.19,37
71,3.75,37
61,2.3,37
72,3.54,37
73,7.61,37
75,4.42,37
76,12.07,37
78,12.39,37
79,5.88,37
83,1.59,37
73,7.12,37
99,5.13,37
65,3.54,37
65,11.96,37
70,6.87,37
69,22.19,37
68,6.94,37
67,9.98,37
67,19.36,37
65,10.16,37
64,10.97,37
63,24.78,37
62,8.39,37
60,2.94,37
59,12.14,37
58,11.29,37
59,10.58,37
56,23.54,37
57,6.73,37
51,27.96,37
52,19.89,37
51,22.19,37
53,14.65,37
54,13.504999999999999,37
52,14.37,37
89,9.38,38
92,15.22,38
88,29.38,38
88,22.8,38
87,8.53,38
86,33.73,38
86,26.9,38
89,6.41,38
91,32.92,38
92,12.07,38
80,21.24,38
94,13.95,38
95,11.58,38
95,10.34,38
85,14.12,38
96,14.8,38
96,15.65,38
97,8.07,38
97,8.39,38
99,15.19,38
93,20.96,38
85,18.51,38
77,12.6,38
84,21.42,38
71,5.77,38
72,8.28,38
73,14.8,38
74,15.58,38
84,21.95,38
99,15.15,38
77,10.55,38
75,13.52,38
79,18.27,38
100,27.93,38
81,31.61,38
81,26.76,38
83,12.04,38
83,9.31,38
78,12.11,38
100,31.29,38
1,7.96,40
2,21.95,40
2,13.504999999999999,40
3,22.41,40
3,13.504999999999999,40
6,19.79,40
5,26.55,40
1,15.01,40
2,2.97,40
3,13.504999999999999,40
17,4.5,40
4,10.69,40
4,7.54,40
18,2.05,40
14,13.504999999999999,40
17,15.47,40
16,13.504999999999999,40
16,6.87,40
15,7.93,40
15,6.62,40
20,14.58,40
14,11.12,40
13,13.504999999999999,40
12,9.95,40
10,9.52,40
8,13.504999999999999,40
8,6.69,40
7,13.504999999999999,40
18,13.504999999999999,40
19,7.19,40
12,9.77,40
35,9.17,41
26,16.85,41
27,19.26,41
27,18.16,41
28,8.78,41
29,13.17,41
29,14.65,41
30,22.12,41
31,10.62,41
32,13.84,41
22,21.59,41
23,17.17,41
32,13.504999999999999,41
33,6.87,41
33,6.62,41
34,10.8,41
23,14.23,41
40,15.12,41
39,19.08,41
38,27.75,41
37,22.37,41
24,23.75,41
24,27.43,41
39,21.24,41
36,11.75,41
25,17.56,41
26,16.35,41
39,10.69,41
21,9.24,41
38,2.41,41
37,3.79,41
35,8.42,41
33,10.27,41
29,19.29,41
31,3.47,41
32,2.9,41
40,10.19,41
26,21.77,41
9,1.98,42
10,1.1,42
10,1.84,42
16,4.78,42
12,2.02,42
12,20.53,42
13,7.22,42
14,1.98,42
14,5.95,42
15,1.56,42
15,1.38,42
11,1.31,42
13,14.69,42
15,1.1,42
8,11.47,42
41,21.27,42
44,1.03,42
45,0.71,42
46,2.27,42
48,3.01,42
50,1.42,42
54,1.91,42
55,7.54,42
56,4.74,42
57,20.53,42
58,12.07,42
60,36.81,42
30,8.64,42
29,3.75,42
28,2.69,42
27,18.44,42
26,8.28,42
26,8.85,42
24,2.69,42
23,3.75,42
23,3.82,42
22,4.46,42
21,4.39,42
21,6.34,42
20,9.45,42
19,1.84,42
19,2.73,42
18,21.03,42
17,0.96,42
16,2.9,42
7,2.73,42
4,0.46,42
49,5.81,42
41,22.9,42
42,37.45,42
42,33.31,42
43,21.73,42
43,21.77,42
44,26.55,42
44,25.42,42
45,21.81,42
45,13.504999999999999,42
46,13.504999999999999,42
47,24.0,42
48,11.01,42
50,18.9,42
50,17.84,42
51,20.32,42
51,16.25,42
60,15.19,42
59,25.03,42
58,6.62,42
57,16.0,42
56,9.17,42
1,11.22,42
2,11.08,42
1,13.91,42
3,1.84,42
3,2.51,42
54,8.42,42
6,1.91,42
7,4.25,42
53,13.504999999999999,42
52,7.12,42
60,21.31,42
52,12.46,42
51,3.36,43
41,5.52,43
42,4.39,43
41,5.95,43
40,13.504999999999999,43
40,7.43,43
51,4.25,43
52,14.87,43
42,8.99,43
43,11.22,43
46,6.58,43
45,1.31,43
50,1.49,43
46,4.11,43
47,2.19,43
48,2.27,43
49,3.08,43
50,18.65,43
52,18.83,43
49,1.73,43
44,11.86,43
53,3.82,43
33,2.37,43
54,4.71,43
65,7.08,43
65,13.504999999999999,43
66,9.35,43
67,6.9,43
69,11.19,43
70,1.73,43
71,19.33,43
71,19.01,43
72,27.61,43
73,10.94,43
73,10.34,43
54,5.91,43
75,20.14,43
63,18.02,43
62,5.56,43
61,9.27,43
61,5.84,43
64,9.49,43
65,10.87,43
66,9.66,43
39,5.91,43
68,13.504999999999999,43
57,20.99,43
56,27.61,43
75,18.87,43
38,20.14,43
64,13.504999999999999,43
36,22.48,43
37,13.84,43
63,19.15,43
58,2.48,43
80,17.59,43
80,12.0,43
79,7.58,43
79,8.42,43
77,19.15,43
76,19.58,43
32,2.97,43
77,25.84,43
60,6.94,43
35,0.07,43
35,0.18,43
76,17.17,43
34,1.31,43
31,3.61,43
34,0.64,43
32,2.58,43
58,2.12,43
59,2.8,43
33,2.44,43
96,13.504999999999999,44
100,14.83,44
99,8.07,44
98,13.504999999999999,44
97,37.13,44
97,45.45,44
96,9.95,44
91,17.84,44
87,6.97,44
87,6.51,44
88,7.68,44
88,9.13,44
89,40.11,44
89,13.06,44
89,10.58,44
90,7.43,44
70,7.29,44
92,4.32,44
93,9.77,44
95,7.33,44
71,15.96,44
86,13.2,44
75,6.19,44
94,43.54,44
81,21.73,44
81,22.12,44
82,23.01,44
82,20.14,44
83,7.33,44
83,7.19,44
84,17.52,44
84,15.29,44
85,8.07,44
72,13.84,44
85,7.5,44
86,18.23,44
97,29.31,44
96,2.58,44
85,14.02,44
84,2.27,44
83,8.18,44
81,8.46,44
80,13.504999999999999,44
79,5.63,44
77,3.79,44
85,6.97,44
93,12.85,44
65,9.84,45
62,12.46,45
83,8.39,45
84,30.48,45
86,8.99,45
86,9.13,45
61,12.64,45
88,13.504999999999999,45
89,5.73,45
90,21.95,45
91,11.5,45
94,6.65,45
94,4.5,45
95,19.26,45
96,18.02,45
96,14.58,45
97,14.58,45
97,13.504999999999999,45
98,4.57,45
99,13.77,45
100,16.78,45
83,10.05,45
82,4.14,45
87,10.8,45
81,14.48,45
62,6.76,45
63,5.24,45
82,2.73,45
66,5.49,45
67,1.56,45
68,12.28,45
68,9.27,45
69,3.58,45
69,3.79,45
70,25.35,45
64,5.06,45
72,13.504999999999999,45
73,7.93,45
74,8.32,45
75,9.49,45
76,9.95,45
77,9.2,45
77,5.7,45
78,15.43,45
79,7.01,45
71,13.77,45
11,16.46,47
11,13.504999999999999,47
10,13.504999999999999,47
9,6.58,47
8,23.54,47
7,13.38,47
4,13.504999999999999,47
6,13.504999999999999,47
6,15.65,47
5,20.04,47
3,13.504999999999999,47
2,15.79,47
1,13.504999999999999,47
7,13.504999999999999,47
12,27.82,47
14,13.504999999999999,47
13,34.94,47
12,20.18,47
19,7.96,47
18,3.47,47
17,19.93,47
15,22.51,47
14,1.49,47
12,13.504999999999999,47
11,16.07,47
10,23.47,47
9,13.504999999999999,47
7,1.13,47
4,29.77,47
2,34.44,47
1,4.53,47
8,13.504999999999999,47
15,26.44,47
19,19.08,47
19,17.59,47
18,11.96,47
18,13.91,47
17,7.5,47
17,9.2,47
16,17.17,47
20,8.85,47
16,18.8,47
14,6.09,47
13,37.77,47
15,13.504999999999999,47
20,13.504999999999999,47
21,19.36,48
23,20.35,48
24,4.0,48
25,17.73,48
28,9.73,48
21,13.504999999999999,48
24,12.32,48
22,21.24,48
30,19.26,48
29,9.59,48
28,23.26,48
28,22.41,48
27,15.5,48
26,6.9,48
23,14.02,48
23,21.88,48
25,10.41,48
25,11.26,48
32,15.01,49
32,16.88,49
31,6.44,49
31,5.98,49
35,30.23,49
40,11.43,49
41,13.06,49
42,4.67,49
43,17.13,49
34,28.81,49
45,6.62,49
51,1.73,49
52,1.81,49
53,4.25,49
54,24.04,49
33,24.53,49
34,28.46,49
44,6.19,49
38,28.78,49
36,13.03,49
37,10.58,49
37,8.64,49
38,25.45,49
39,19.12,49
40,15.72,49
40,16.0,49
41,13.49,49
42,24.07,49
43,11.08,49
43,10.9,49
44,18.3,49
44,19.36,49
36,9.1,49
46,15.01,49
47,17.03,49
47,17.35,49
48,39.54,49
48,31.86,49
49,26.37,49
49,13.504999999999999,49
50,13.35,49
45,15.79,49
9,9.31,50
10,13.504999999999999,50
11,9.63,50
11,16.74,50
14,24.0,50
12,17.38,50
14,8.0,50
9,10.05,50
15,39.93,50
12,13.504999999999999,50
8,7.15,50
5,4.0,50
7,5.31,50
6,22.73,50
6,18.65,50
4,1.73,50
4,1.56,50
3,20.28,50
1,5.06,50
2,15.61,50
2,9.38,50
15,11.36,50
3,26.65,50
7,3.5,50
29,6.02,50
23,5.03,50
16,20.42,50
29,4.99,50
30,9.03,50
30,6.8,50
1,5.84,50
28,13.2,50
27,27.82,50
27,15.15,50
26,3.01,50
26,3.86,50
25,25.7,50
25,12.21,50
24,13.504999999999999,50
24,1.45,50
28,11.75,50
22,13.504999999999999,50
22,10.94,50
21,9.59,50
21,12.67,50
20,3.26,50
20,7.26,50
19,5.56,50
18,13.504999999999999,50
17,4.6,50
16,43.89,50
75,16.5,50
57,13.42,50
74,13.504999999999999,50
56,10.87,50
54,13.504999999999999,50
54,26.12,50
53,27.22,50
77,33.13,50
76,1.81,50
73,24.07,50
72,13.504999999999999,50
71,14.69,50
70,13.504999999999999,50
66,13.03,50
64,11.19,50
63,13.504999999999999,50
60,7.61,50
75,19.5,50
57,3.58,50
56,18.62,50
55,15.82,50
53,30.44,50
52,13.504999999999999,50
52,9.35,50
51,6.87,50
51,7.89,50
56,36.67,50
57,16.0,50
58,17.73,50
58,13.504999999999999,50
58,13.504999999999999,50
74,20.78,50
73,13.504999999999999,50
72,13.504999999999999,50
72,18.97,50
70,15.04,50
70,16.04,50
69,13.59,50
68,13.504999999999999,50
67,13.504999999999999,50
66,26.05,50
66,24.71,50
71,13.504999999999999,50
65,24.14,50
65,13.504999999999999,50
59,28.21,50
60,9.84,50
59,23.72,50
60,13.504999999999999,50
63,12.92,50
63,9.59,50
64,24.85,50
64,13.504999999999999,50
61,4.6,50
45,21.52,51
46,1.88,51
46,2.16,51
49,19.33,51
50,8.57,51
50,23.75,51
51,24.78,51
57,4.81,51
53,27.61,51
56,1.38,51
56,0.88,51
57,5.98,51
58,2.65,51
58,2.87,51
43,1.88,51
52,5.84,51
42,5.13,51
33,3.58,51
40,12.18,51
59,5.38,51
31,11.61,51
31,9.31,51
32,6.69,51
32,4.57,51
33,19.08,51
34,5.7,51
34,4.39,51
35,8.71,51
35,10.34,51
36,8.18,51
37,5.95,51
38,10.41,51
39,5.66,51
40,13.56,51
42,7.47,51
60,0.6,51
55,1.81,51
85,13.504999999999999,51
89,16.6,51
88,8.64,51
88,6.48,51
87,20.96,51
86,13.504999999999999,51
86,13.504999999999999,51
85,13.504999999999999,51
84,9.66,51
80,11.29,51
77,8.25,51
79,28.39,51
76,6.94,51
100,16.96,51
98,5.56,51
95,13.504999999999999,51
90,5.7,51
88,8.5,51
84,1.52,51
80,6.62,51
54,1.49,51
77,15.82,51
97,18.09,52
97,20.18,52
98,13.504999999999999,52
77,7.75,52
99,15.61,52
100,27.29,52
96,18.48,52
76,3.93,52
96,14.9,52
99,18.69,52
95,9.1,52
87,14.58,52
87,16.11,52
86,8.18,52
86,6.23,52
85,2.27,52
85,2.55,52
84,26.19,52
83,8.81,52
83,7.36,52
82,21.13,52
82,21.98,52
81,8.35,52
80,27.26,52
79,6.19,52
79,7.61,52
78,21.17,52
78,22.76,52
95,7.89,52
89,26.37,52
88,12.74,52
91,5.13,52
94,8.71,52
93,11.96,52
93,12.67,52
93,13.59,52
93,14.27,52
92,4.32,52
90,2.76,52
92,4.81,52
91,3.75,52
95,29.73,53
96,8.64,53
93,7.29,53
93,21.35,53
93,8.18,53
92,21.84,53
91,7.61,53
91,8.14,53
98,16.46,53
99,18.62,53
100,10.41,53
93,21.52,53
97,19.29,53
98,18.44,53
13,20.0,54
20,13.504999999999999,54
19,7.79,54
18,13.504999999999999,54
12,13.504999999999999,54
9,6.55,54
9,5.91,54
8,17.66,54
8,19.72,54
7,8.88,54
6,6.09,54
6,7.58,54
6,7.68,54
6,7.96,54
4,20.32,54
4,20.85,54
3,30.19,54
3,11.15,54
2,8.71,54
1,13.504999999999999,54
5,9.59,54
6,10.94,54
7,5.06,54
37,6.73,55
36,28.88,55
36,29.31,55
34,26.58,55
26,19.12,55
30,14.02,55
33,18.8,55
30,13.504999999999999,55
32,32.53,55
32,25.35,55
37,27.08,55
29,13.504999999999999,55
38,13.03,55
33,18.76,55
39,7.72,55
39,44.42,55
40,10.87,55
25,45.27,55
24,61.56,55
22,29.63,55
21,16.46,55
29,7.75,55
30,10.94,55
24,3.58,55
23,13.504999999999999,55
22,13.504999999999999,55
21,13.504999999999999,55
38,12.71,55
27,6.09,55
27,19.86,56
35,9.49,56
1,20.21,56
1,19.79,56
2,20.6,56
2,20.88,56
3,1.98,56
3,26.94,56
4,13.504999999999999,56
4,18.27,56
5,9.91,56
5,8.21,56
6,27.47,56
7,13.504999999999999,56
8,2.83,56
8,3.4,56
9,13.31,56
10,5.52,56
10,5.95,56
37,4.18,56
38,13.504999999999999,56
41,13.504999999999999,56
43,3.61,56
45,13.504999999999999,56
47,13.504999999999999,56
14,3.86,56
48,28.14,56
13,7.01,56
13,7.82,56
12,13.24,56
12,14.02,56
11,3.72,56
11,4.99,56
53,3.19,56
15,7.58,56
24,14.27,56
16,2.23,56
15,12.07,56
29,16.5,56
26,16.11,56
28,13.504999999999999,56
28,13.504999999999999,56
27,13.504999999999999,56
26,18.8,56
30,4.6,56
23,2.73,56
21,6.37,56
20,28.74,56
19,12.6,56
18,16.57,56
17,16.64,56
23,2.48,56
68,13.504999999999999,57
61,1.56,57
56,8.42,57
59,18.19,58
60,28.88,58
58,23.89,58
57,30.12,58
54,27.19,58
56,6.87,58
55,30.27,58
54,24.35,58
58,24.18,58
53,27.89,58
49,43.08,58
51,46.83,58
41,17.13,58
41,19.08,58
43,22.83,58
44,26.27,58
45,13.504999999999999,58
52,26.55,58
46,15.43,58
48,36.92,58
81,8.57,58
84,11.01,58
49,13.504999999999999,58
50,18.58,58
51,43.54,58
46,29.42,58
43,44.96,58
61,34.55,59
63,10.73,59
83,19.4,59
98,9.73,59
49,15.4,59
50,21.45,59
51,15.89,59
51,15.47,59
52,29.27,59
52,30.87,59
53,4.25,59
53,7.82,59
55,6.73,59
55,5.17,59
56,6.83,59
57,22.97,59
58,17.24,59
58,9.17,59
59,17.13,59
48,14.34,59
60,25.81,59
46,23.43,59
45,16.71,59
31,11.72,59
31,11.93,59
34,25.84,59
35,4.64,59
36,12.0,59
36,11.08,59
37,12.92,59
38,12.39,59
39,10.19,59
39,12.28,59
40,14.65,59
41,10.69,59
43,17.17,59
44,34.3,59
44,27.5,59
46,24.71,59
61,37.88,59
61,27.89,59
62,9.7,59
80,7.5,59
81,8.6,59
82,13.98,59
84,15.08,59
85,13.7,59
86,22.12,59
88,11.04,59
89,8.99,59
90,15.4,59
93,19.54,59
93,13.504999999999999,59
94,10.16,59
94,22.62,59
96,11.04,59
96,14.12,59
80,21.81,59
79,5.59,59
78,11.79,59
78,10.69,59
63,10.83,59
64,3.33,59
67,11.93,59
68,11.01,59
68,9.59,59
69,10.8,59
71,8.92,59
100,13.504999999999999,59
71,10.55,59
73,5.24,59
73,3.4,59
75,28.28,59
75,24.07,59
76,20.96,59
76,17.52,59
77,28.28,59
72,9.73,59
64,13.35,59
64,14.27,59
65,23.72,59
63,8.5,59
80,8.04,59
80,7.68,59
79,15.36,59
79,17.42,59
78,21.38,59
76,5.91,59
76,8.18,59
75,9.38,59
74,17.63,59
73,27.26,59
72,10.9,59
75,10.94,59
71,16.39,59
65,23.72,59
66,19.36,59
71,16.71,59
67,21.52,59
67,17.35,59
66,15.61,59
68,34.94,59
69,17.49,59
69,14.76,59
70,49.81,59
68,39.08,59
92,16.39,60
98,10.65,60
98,10.94,60
97,21.95,60
97,21.42,60
96,10.44,60
93,18.09,60
91,5.03,60
84,13.95,60
90,12.07,60
89,7.68,60
88,26.83,60
87,17.13,60
86,36.85,60
85,16.39,60
84,17.27,60
90,9.77,60
10,13.504999999999999,61
5,5.77,61
13,13.504999999999999,61
9,5.27,61
11,13.504999999999999,61
10,13.45,61
7,12.57,61
9,26.51,61
8,13.504999999999999,61
4,13.504999999999999,61
7,30.3,61
1,20.85,61
2,30.44,61
2,13.504999999999999,61
3,13.504999999999999,61
5,34.05,61
8,17.91,61
6,13.504999999999999,61
7,32.04,61
5,36.71,61
1,13.504999999999999,61
17,11.75,62
31,13.504999999999999,62
40,13.504999999999999,62
38,11.54,62
37,17.31,62
36,13.7,62
34,8.14,62
33,13.504999999999999,62
32,1.27,62
28,20.21,62
29,4.5,62
29,19.4,62
27,11.61,62
26,22.23,62
25,13.504999999999999,62
22,7.29,62
21,23.96,62
14,9.81,62
15,5.49,62
30,13.504999999999999,62
29,25.27,62
18,9.31,62
28,13.504999999999999,62
20,13.504999999999999,62
20,17.63,62
18,13.504999999999999,62
18,13.504999999999999,62
17,13.504999999999999,62
17,19.33,62
16,10.83,62
16,13.52,62
15,17.35,62
14,13.504999999999999,62
14,19.36,62
13,13.504999999999999,62
13,13.504999999999999,62
12,8.14,62
11,14.27,62
22,6.12,62
22,6.51,62
23,13.504999999999999,62
23,24.18,62
24,13.03,62
24,11.01,62
25,25.59,62
25,21.63,62
27,21.84,62
27,19.54,62
26,13.504999999999999,62
28,16.42,62
52,12.74,64
51,11.15,64
48,13.504999999999999,64
49,13.504999999999999,64
47,13.504999999999999,64
44,12.6,64
43,21.13,64
41,5.35,64
50,13.504999999999999,64
53,13.504999999999999,64
55,13.504999999999999,64
58,2.05,64
31,24.5,64
32,28.85,64
33,16.92,64
33,16.32,64
34,13.504999999999999,64
35,13.504999999999999,64
36,28.32,64
36,13.504999999999999,64
38,13.504999999999999,64
38,30.27,64
39,29.1,64
39,29.84,64
56,17.56,64
40,9.52,64
54,26.16,64
62,25.1,64
61,7.93,64
59,13.504999999999999,64
75,7.75,65
73,12.57,65
70,13.504999999999999,65
68,3.93,65
67,13.504999999999999,65
66,10.55,65
64,0.92,65
63,8.04,65
76,44.88,65
74,12.04,65
49,24.78,65
50,13.504999999999999,65
41,11.33,65
41,36.32,65
42,9.73,65
43,28.39,65
50,13.31,65
44,13.38,65
44,13.1,65
46,21.45,65
46,19.54,65
47,13.98,65
47,15.43,65
48,19.04,65
45,21.98,65
82,6.8,66
77,11.58,66
77,13.06,66
80,7.43,66
81,13.504999999999999,66
83,13.504999999999999,66
56,35.43,66
85,15.15,66
60,30.23,66
61,26.76,66
61,27.04,66
62,15.15,66
62,13.504999999999999,66
63,28.99,66
63,13.504999999999999,66
65,19.08,66
66,14.97,66
66,13.504999999999999,66
68,23.61,66
69,13.504999999999999,66
70,13.504999999999999,66
70,13.504999999999999,66
84,10.05,66
59,29.42,66
57,25.91,66
60,11.26,66
55,23.93,66
86,2.05,66
87,3.08,66
88,7.12,66
90,1.52,66
93,6.62,66
94,21.56,66
56,29.31,66
99,8.57,66
95,13.504999999999999,66
51,19.96,66
52,13.504999999999999,66
53,20.96,66
53,13.504999999999999,66
54,21.95,66
54,13.504999999999999,66
97,13.1,66
100,28.74,67
98,28.39,67
99,35.22,67
99,12.46,67
97,13.504999999999999,67
93,12.42,67
95,13.504999999999999,67
90,26.27,67
89,13.504999999999999,67
88,13.504999999999999,67
88,18.83,67
87,32.0,67
86,23.58,67
85,11.96,67
84,13.504999999999999,67
83,11.36,67
91,18.62,67
82,13.504999999999999,67
82,13.504999999999999,67
81,13.504999999999999,67
97,13.95,67
80,29.13,67
78,13.504999999999999,67
78,15.15,67
76,25.95,67
74,13.504999999999999,67
74,16.0,67
73,17.98,67
72,13.504999999999999,67
72,28.81,67
71,8.92,67
71,8.18,67
92,13.504999999999999,67
93,13.49,67
94,8.88,67
79,20.71,67
77,6.16,67
17,13.504999999999999,68
6,13.504999999999999,68
17,15.96,68
16,13.504999999999999,68
15,14.09,68
14,12.67,68
14,13.84,68
13,13.504999999999999,68
13,11.26,68
12,13.504999999999999,68
11,15.26,68
11,19.26,68
12,3.22,68
2,32.71,68
6,30.41,68
5,13.504999999999999,68
5,30.12,68
4,15.89,68
3,37.45,68
2,32.11,68
10,37.59,68
20,22.02,68
18,23.36,68
23,23.79,69
22,18.55,69
25,13.06,69
21,10.69,69
24,24.6,69
21,10.73,69
24,13.504999999999999,69
25,22.94,69
28,13.73,69
29,13.504999999999999,69
30,25.95,69
30,20.14,69
27,16.64,69
26,13.504999999999999,69
27,17.66,69
29,14.16,69
1,13.504999999999999,70
11,16.5,70
12,13.504999999999999,70
14,13.504999999999999,70
15,13.504999999999999,70
17,23.58,70
18,13.504999999999999,70
7,13.504999999999999,70
5,4.74,70
23,4.04,71
20,13.504999999999999,71
39,13.504999999999999,71
36,5.45,71
38,1.95,71
26,9.95,71
27,13.504999999999999,71
32,13.504999999999999,71
37,5.27,71
35,8.28,71
35,13.13,72
36,19.5,72
37,13.45,72
40,13.504999999999999,72
38,11.01,72
38,10.76,72
38,12.53,72
39,13.504999999999999,72
40,33.63,72
40,13.504999999999999,72
35,13.7,72
34,13.504999999999999,72
50,3.47,72
33,8.99,72
32,28.88,72
31,13.504999999999999,72
31,22.05,72
42,41.35,72
41,26.34,72
49,2.3,72
48,3.12,72
47,3.15,72
44,13.24,72
42,4.28,72
41,9.35,72
33,33.84,72
42,19.43,72
43,32.67,72
39,31.19,72
50,19.36,72
49,6.27,72
48,13.504999999999999,72
47,13.504999999999999,72
49,13.504999999999999,72
46,15.15,72
45,28.6,72
43,13.504999999999999,72
47,25.03,72
71,13.504999999999999,73
61,9.31,73
65,16.07,73
67,13.504999999999999,73
68,13.504999999999999,73
70,4.57,73
73,6.27,73
82,3.33,73
75,11.72,73
78,2.87,73
79,4.6,73
58,6.83,73
84,7.54,73
91,7.58,73
92,6.23,73
74,31.5,73
57,37.81,73
58,10.44,73
61,11.19,73
51,12.64,73
51,13.504999999999999,73
52,11.22,73
52,8.88,73
53,19.4,73
53,13.504999999999999,73
54,13.504999999999999,73
56,7.96,73
54,13.504999999999999,73
55,13.504999999999999,73
56,16.25,73
57,10.51,73
57,8.0,73
93,4.5,73
58,13.504999999999999,73
59,13.504999999999999,73
54,44.71,73
95,13.504999999999999,73
61,13.504999999999999,73
97,8.0,73
90,5.06,73
89,39.68,73
88,37.66,73
87,7.86,73
86,37.38,73
85,22.69,73
84,21.49,73
82,21.35,73
81,47.72,73
80,44.07,73
77,22.97,73
76,10.41,73
75,18.23,73
74,29.77,73
83,42.76,73
71,13.504999999999999,73
73,33.06,73
99,9.73,73
64,38.09,73
65,26.23,73
62,33.27,73
67,46.97,73
68,19.86,73
69,21.17,73
66,37.13,73
8,24.42,75
17,20.71,75
10,26.9,75
11,30.3,75
13,41.31,75
14,32.0,75
16,26.73,75
19,20.81,75
1,35.79,75
3,14.73,75
18,23.4,75
20,5.17,75
5,14.34,75
6,28.67,75
26,24.5,76
24,44.71,76
22,47.61,76
30,22.02,76
21,1.88,76
25,13.504999999999999,76
28,29.35,76
27,37.66,76
25,35.58,77
2,10.41,77
18,13.504999999999999,77
19,34.37,77
20,24.67,77
1,6.12,77
21,23.36,77
22,10.12,77
22,8.96,77
23,4.14,77
18,40.85,77
23,5.24,77
24,16.11,77
27,33.91,77
27,32.6,77
28,25.24,77
29,13.49,77
29,14.44,77
30,14.83,77
30,25.63,77
24,8.46,77
17,37.42,77
21,20.96,77
17,31.65,77
2,12.35,77
3,13.38,77
4,11.29,77
17,36.25,77
6,13.03,77
6,10.83,77
8,7.82,77
10,8.6,77
11,10.87,77
5,6.65,77
13,8.11,77
12,3.26,77
17,40.67,77
16,15.15,77
16,14.34,77
20,27.29,77
15,23.4,77
14,17.98,77
14,18.87,77
15,24.25,77
58,13.504999999999999,78
59,1.42,78
61,13.504999999999999,78
62,6.83,78
64,4.25,78
65,13.504999999999999,78
66,13.504999999999999,78
67,13.504999999999999,78
70,7.29,78
71,1.27,78
60,4.99,78
38,20.11,78
42,19.08,78
51,34.12,78
50,13.504999999999999,78
49,21.81,78
48,28.07,78
47,35.19,78
44,13.84,78
43,38.05,78
59,39.58,78
41,34.58,78
56,44.25,78
55,32.07,78
53,24.39,78
60,30.37,78
37,26.12,78
31,28.6,78
33,17.73,78
34,20.5,78
35,26.41,78
36,29.7,78
52,18.44,78
58,15.22,78
46,39.12,79
46,35.5,79
45,15.26,79
44,21.45,79
39,12.53,79
47,5.24,79
47,5.1,79
48,1.95,79
49,12.25,79
49,11.22,79
44,22.05,79
43,4.6,79
37,10.9,79
41,16.64,79
31,8.92,79
31,6.83,79
32,8.14,79
32,9.13,79
33,13.63,79
34,19.79,79
35,9.52,79
36,15.29,79
36,16.6,79
50,15.72,79
37,11.5,79
38,11.01,79
38,13.98,79
86,13.31,79
40,10.55,79
41,17.06,79
50,15.22,79
52,13.52,79
51,10.9,79
71,7.72,79
72,18.34,79
72,16.78,79
73,8.6,79
73,9.35,79
75,5.91,79
75,8.6,79
76,11.96,79
76,11.96,79
71,7.65,79
77,13.31,79
78,8.53,79
79,7.22,79
80,15.5,79
80,14.94,79
82,6.12,79
82,6.16,79
83,7.58,79
84,5.95,79
84,7.19,79
78,7.15,79
70,19.26,79
69,5.1,79
68,3.36,79
52,8.04,79
86,12.71,79
53,11.58,79
55,18.55,79
56,20.92,79
57,28.85,79
58,8.28,79
59,11.22,79
59,10.87,79
60,9.91,79
60,6.55,79
61,19.5,79
62,10.48,79
63,11.36,79
63,2.44,79
64,31.82,79
64,5.95,79
66,16.35,79
66,15.36,79
67,20.07,79
68,3.89,79
51,12.28,79
87,12.71,79
94,6.02,79
88,11.12,79
100,14.41,79
79,29.17,79
77,35.19,79
76,18.37,79
73,33.95,79
71,16.78,79
64,40.81,79
63,36.64,79
87,12.35,79
91,8.85,79
90,4.57,79
89,9.38,79
87,2.97,79
85,4.25,79
85,16.85,79
99,37.98,79
89,12.99,79
91,13.1,79
81,2.48,79
93,21.31,79
94,5.31,79
85,18.51,79
95,4.46,79
95,5.17,79
96,27.65,79
92,11.43,79
99,37.17,79
97,20.71,79
97,15.22,79
98,46.02,79
89,10.73,81
81,22.76,81
85,6.23,81
86,19.72,81
87,13.49,81
90,9.7,81
92,3.89,81
95,30.8,81
96,35.68,81
97,28.88,81
98,3.47,81
2,4.85,82
1,12.28,82
7,4.07,82
3,28.88,82
8,9.59,82
9,2.8,82
6,6.27,82
16,13.504999999999999,82
18,13.504999999999999,82
19,13.504999999999999,82
20,10.23,82
5,29.88,82
40,3.54,83
10,30.58,83
11,28.32,83
13,29.24,83
15,17.06,83
16,19.79,83
18,13.504999999999999,83
19,22.16,83
20,21.91,83
24,38.65,83
27,44.67,83
28,13.63,83
14,20.07,83
9,9.06,83
5,35.4,83
6,7.33,83
39,1.35,83
36,1.66,83
32,1.49,83
30,6.41,83
29,9.49,83
8,23.93,83
28,6.09,83
25,3.4,83
23,1.59,83
21,38.3,83
1,22.37,83
2,21.91,83
4,16.18,83
26,4.71,83
37,6.9,83
33,42.37,84
34,30.44,84
38,44.85,84
36,29.49,84
39,31.29,84
40,25.81,84
46,13.504999999999999,84
47,26.02,84
49,28.92,84
50,23.33,84
31,22.3,84
32,34.8,84
17,10.83,85
16,8.42,85
15,12.5,85
14,12.18,85
14,10.97,85
12,18.41,85
18,16.6,85
11,6.55,85
18,10.58,85
19,7.79,85
61,18.23,85
10,6.41,85
22,21.56,85
22,12.5,85
23,21.63,85
23,6.65,85
24,43.72,85
24,49.95,85
26,25.03,85
26,20.04,85
27,8.81,85
20,4.14,85
10,27.61,85
7,22.05,85
8,9.49,85
60,39.86,85
59,39.36,85
58,42.83,85
57,41.35,85
56,15.93,85
55,11.61,85
53,16.92,85
52,18.3,85
51,23.75,85
1,29.88,85
2,13.504999999999999,85
2,4.96,85
3,7.29,85
4,6.9,85
4,7.22,85
5,2.51,85
6,30.76,85
6,31.33,85
28,28.64,85
7,23.26,85
8,19.58,85
9,26.3,85
29,25.66,85
41,7.82,85
31,27.33,85
54,28.99,85
55,17.06,85
56,8.64,85
57,11.26,85
57,12.39,85
58,13.504999999999999,85
60,9.52,85
60,7.5,85
70,49.73,85
69,24.71,85
68,17.63,85
66,7.82,85
63,21.63,85
62,40.74,85
30,5.56,85
43,17.24,85
55,13.504999999999999,85
59,23.26,85
61,13.504999999999999,85
66,13.504999999999999,85
53,4.53,85
54,37.38,85
52,23.36,85
31,2.83,85
32,6.37,85
33,6.34,85
33,6.94,85
34,3.5,85
34,3.08,85
35,4.25,85
36,24.5,85
37,20.57,85
53,5.88,85
39,19.19,85
38,7.5,85
39,16.81,85
42,0.21,85
44,2.9,85
44,2.9,85
46,11.04,85
46,12.25,85
48,10.73,85
50,14.44,85
50,15.4,85
73,29.77,86
78,15.15,86
79,16.18,86
71,20.67,86
76,10.97,86
77,16.0,86
73,2.41,87
93,6.05,87
92,13.59,87
90,4.11,87
88,18.76,87
86,13.504999999999999,87
72,2.48,87
84,35.65,87
80,7.19,87
77,15.12,87
75,13.504999999999999,87
74,3.01,87
73,3.65,87
71,12.78,87
94,4.42,87
70,13.24,87
69,18.16,87
68,36.25,87
68,54.27,87
67,29.84,87
67,30.27,87
66,28.28,87
65,24.42,87
65,23.5,87
64,20.18,87
63,7.72,87
62,8.25,87
62,6.27,87
61,27.12,87
69,18.83,87
96,13.504999999999999,87
85,13.504999999999999,87
90,26.62,87
82,6.19,87
81,22.23,87
80,6.51,87
80,17.2,87
78,13.504999999999999,87
78,41.98,87
77,21.17,87
83,32.04,87
83,36.5,87
84,19.26,87
85,11.89,87
87,30.05,87
88,32.53,87
89,8.5,87
90,15.43,87
89,6.87,87
91,21.49,87
75,10.48,87
76,21.38,87
72,27.89,87
97,4.67,87
97,23.96,87
75,12.28,87
96,18.48,87
95,15.54,87
94,11.43,87
93,25.7,87
92,7.33,87
92,7.08,87
96,11.19,87
17,28.28,90
19,47.86,90
16,55.89,90
11,18.62,90
11,68.78,90
20,40.07,90
14,47.86,90
27,3.82,91
20,10.94,92
41,23.89,92
22,28.46,92
63,10.62,92
50,17.84,92
45,18.9,92
44,27.93,92
43,21.13,92
21,42.76,92
37,41.1,92
39,34.51,92
33,38.44,92
32,27.29,92
31,24.74,92
28,41.66,92
27,34.94,92
25,52.25,92
35,34.87,92
94,12.35,93
91,6.65,93
91,5.91,93
25,16.99,93
49,14.16,93
22,19.26,93
22,11.82,93
21,17.59,93
20,6.05,93
18,21.77,93
17,10.73,93
16,8.39,93
50,13.59,93
15,8.92,93
15,6.48,93
14,7.29,93
23,8.5,93
13,9.49,93
12,9.2,93
11,6.12,93
10,5.2,93
10,22.55,93
9,8.14,93
8,17.98,93
6,11.68,93
4,16.21,93
3,21.03,93
2,17.63,93
1,17.56,93
12,8.32,93
24,9.24,93
16,7.01,93
45,6.87,93
47,11.22,93
46,5.38,93
45,6.37,93
44,11.08,93
44,6.9,93
43,12.04,93
41,7.33,93
40,3.75,93
40,25.42,93
39,12.11,93
42,7.79,93
36,15.58,93
35,14.69,93
34,15.54,93
33,17.03,93
30,10.27,93
28,32.18,93
27,25.77,93
27,23.22,93
38,10.73,93
26,20.92,93
65,22.3,94
63,12.71,94
62,25.27,94
61,43.58,94
56,45.45,94
59,34.09,94
53,50.02,94
55,36.6,94
66,33.45,94
60,39.96,94
67,27.26,94
48,46.51,94
72,28.42,94
75,33.42,94
76,42.12,94
77,29.63,94
78,35.04,94
79,35.43,94
80,29.49,94
50,44.57,94
52,3.29,94
47,23.54,94
70,50.87,94
53,13.66,94
51,40.11,94
100,2.58,94
86,21.13,94
85,15.61,94
85,6.34,94
83,19.33,94
82,14.23,94
81,12.64,94
80,12.07,94
79,2.87,94
78,16.42,94
77,21.03,94
75,15.65,94
74,17.81,94
74,8.81,94
73,21.95,94
72,12.96,94
86,8.92,94
87,8.88,94
88,10.62,94
89,9.42,94
99,11.22,94
98,20.14,94
97,19.08,94
96,8.46,94
95,11.61,94
95,9.42,94
94,17.63,94
71,15.65,94
94,13.59,94
93,7.01,94
93,8.04,94
92,6.9,94
92,5.17,94
91,6.09,94
91,4.92,94
90,8.64,94
93,19.04,94
100,2.55,94
70,15.61,94
67,19.01,94
65,6.69,94
66,4.18,94
67,6.16,94
70,7.22,94
51,10.44,94
52,15.08,94
52,19.86,94
68,20.71,94
69,12.78,94
69,15.58,94
65,6.8,94
63,7.4,94
62,6.44,94
60,16.53,94
59,11.01,94
59,7.12,94
58,8.46,94
55,12.74,94
54,13.1,94
52,37.77,94
54,11.89,94
62,6.97,94
63,7.72,94
82,42.09,95
100,28.6,95
86,14.83,95
90,15.36,95
90,13.88,95
91,44.67,95
92,3.4,95
94,34.73,95
95,25.91,95
96,12.64,95
97,11.43,95
98,12.32,95
99,23.47,95
85,23.26,95
84,28.11,95
83,24.5,95
81,35.82,95
18,3.89,96
8,4.18,96
5,16.5,96
19,9.59,96
17,40.99,97
29,5.13,97
35,19.68,97
37,9.1,97
20,28.57,97
19,26.65,97
18,29.88,97
16,19.43,97
15,16.6,97
13,48.21,97
12,35.68,97
11,34.87,97
10,39.4,97
9,42.02,97
7,37.84,97
5,26.87,97
4,32.35,97
3,33.35,97
2,29.59,97
14,35.72,97
55,2.58,98
58,46.51,99
59,55.89,99
47,44.32,99
57,43.68,99
60,45.27,99
56,22.27,99
44,35.43,99
53,27.89,99
51,24.32,99
50,42.8,99
49,58.9,99
42,11.93,99
43,40.07,99
46,39.43,99
54,60.96,99
80,59.4,101
77,20.35,101
68,45.42,101
65,53.38,101
63,33.2,101
61,28.35,101
79,15.86,101
95,7.89,102
91,8.0,102
94,49.77,102
99,33.42,102
85,8.11,102
98,29.1,102
89,40.32,102
96,43.29,102
95,18.62,102
92,18.9,102
90,20.78,102
87,35.54,102
97,38.3,102
86,36.0,102
83,38.9,102
81,32.78,102
32,38.58,102
29,34.9,102
22,12.28,102
39,21.31,106
38,18.62,106
37,18.27,106
35,43.82,106
34,37.98,106
32,30.9,106
30,40.81,106
29,9.24,106
27,42.58,106
26,30.83,106
23,27.72,106
22,37.77,106
90,19.22,107
99,9.73,108
76,70.05,108
73,31.26,108
72,37.88,108
71,24.6,108
70,30.73,108
77,39.79,108
78,48.85,108
79,36.5,108
68,25.56,108
66,13.504999999999999,108
65,29.2,108
75,21.13,108
74,26.69,109
75,22.02,109
74,26.05,109
76,11.93,109
77,27.47,109
78,25.81,109
79,3.19,109
79,4.88,109
73,8.04,109
77,23.93,109
72,14.97,109
68,10.73,109
71,26.69,109
86,13.504999999999999,109
84,32.14,109
82,21.95,109
72,12.71,109
71,2.16,109
70,13.73,109
70,26.3,109
87,26.55,109
61,30.02,109
62,14.48,109
63,15.12,109
63,17.49,109
64,17.88,109
64,16.64,109
65,14.44,109
66,4.39,109
62,10.37,109
88,9.17,109
89,15.61,109
90,14.83,109
100,31.5,109
99,23.89,109
98,37.98,109
69,20.21,109
96,18.3,109
95,34.09,109
91,34.41,109
97,17.59,109
3,42.23,111
29,9.81,111
7,46.9,111
9,59.04,111
10,42.55,111
12,40.67,111
16,48.46,111
18,33.31,111
19,38.58,111
20,24.57,111
6,61.91,111
4,64.53,111
39,17.24,113
27,47.89,113
29,22.41,113
34,47.68,113
35,40.6,113
37,35.19,113
38,31.15,113
24,50.55,113
40,56.57,113
26,46.23,113
25,35.65,113
23,43.08,113
21,57.59,113
45,62.83,114
49,30.12,114
51,35.33,114
57,43.33,114
59,27.68,114
60,40.14,114
42,58.55,114
41,21.06,114
79,22.02,115
64,22.05,115
66,23.29,115
80,20.14,115
69,36.46,115
68,45.63,115
71,13.06,115
75,10.12,115
80,12.88,115
67,13.95,115
74,13.504999999999999,115
70,51.72,115
74,5.7,115
75,33.84,115
76,44.42,115
77,25.24,115
78,56.07,115
78,24.39,115
74,51.12,115
82,36.57,116
83,44.21,116
86,29.52,116
81,33.03,116
88,9.31,116
88,24.71,116
87,9.7,116
89,13.88,116
90,7.47,116
87,7.12,116
91,3.93,116
92,8.99,116
93,5.66,116
95,13.73,116
96,8.57,116
99,37.91,116
95,41.59,116
94,22.27,116
93,23.86,116
90,33.52,116
89,35.12,116
88,7.43,116
91,13.504999999999999,116
100,13.504999999999999,116
86,14.51,116
85,4.21,116
21,1.81,118
21,1.91,118
20,5.27,118
16,7.15,118
1,1.63,118
20,51.82,119
14,23.29,119
13,25.24,119
3,30.51,119
9,35.04,119
5,38.94,119
22,20.0,119
26,12.88,119
12,65.59,119
48,61.38,121
38,47.43,121
39,42.55,121
42,38.62,121
43,47.68,121
45,42.97,121
47,41.31,121
50,27.43,121
53,4.14,121
30,41.7,121
29,44.92,121
28,24.0,121
27,32.57,121
23,30.27,121
21,45.17,121
36,30.02,121
34,30.97,121
37,29.27,121
86,45.63,122
55,46.69,122
85,35.22,122
82,37.91,122
81,61.81,122
79,47.19,122
75,24.5,122
73,35.08,122
72,33.77,122
71,32.88,122
71,39.86,122
68,60.25,122
65,32.57,122
64,21.45,122
63,28.14,122
62,31.72,122
60,52.21,122
59,47.33,122
58,36.5,122
57,28.67,122
56,49.63,122
87,32.92,122
84,34.62,122
52,27.5,122
2,22.62,122
1,24.35,122
84,7.43,122
82,6.65,122
76,6.16,122
66,6.97,122
30,18.48,122
25,14.19,122
24,13.13,122
24,11.5,122
23,47.68,122
21,19.82,122
19,18.69,122
19,18.12,122
26,13.81,122
17,17.38,122
6,26.19,122
18,14.55,122
6,28.42,122
7,3.01,122
9,13.504999999999999,122
10,2.73,122
7,3.43,122
13,23.12,122
13,13.98,122
14,19.65,122
15,12.0,122
16,18.44,122
16,15.22,122
81,25.35,123
85,8.14,123
82,18.05,123
82,14.83,123
81,28.67,123
87,7.93,123
80,12.81,123
76,14.05,123
79,26.87,123
78,19.29,123
78,17.7,123
77,31.68,123
76,20.32,123
88,4.18,123
80,15.86,123
88,3.96,123
95,15.54,123
90,10.58,123
88,46.73,123
90,14.34,123
91,19.75,123
73,10.41,123
100,40.6,123
100,33.66,123
99,11.01,123
99,7.5,123
97,9.13,123
97,10.69,123
95,21.59,123
94,17.66,123
93,22.05,123
93,19.22,123
92,18.48,123
90,9.66,123
73,29.81,123
77,30.65,123
71,1.31,123
43,31.86,123
41,18.16,123
41,15.33,123
40,2.44,123
40,2.69,123
39,2.55,123
39,20.11,123
38,27.72,123
47,17.49,123
38,23.82,123
36,19.82,123
35,19.47,123
34,3.33,123
34,2.9,123
33,3.47,123
32,18.76,123
32,15.82,123
31,2.65,123
72,20.53,123
47,21.91,123
53,39.96,123
53,33.49,123
69,21.49,123
68,27.93,123
67,3.82,123
66,2.9,123
65,20.42,123
51,15.96,123
63,3.19,123
62,22.34,123
62,20.0,123
64,12.0,123
54,11.4,123
55,18.62,123
56,15.82,123
59,12.67,123
57,5.24,123
57,4.07,123
58,16.21,123
58,16.78,123
59,11.54,123
7,5.84,129
6,8.32,129
41,12.14,129
38,7.54,129
37,9.84,129
45,9.38,129
36,18.27,129
8,13.504999999999999,129
9,3.26,129
12,9.56,129
21,12.74,129
36,19.43,129
13,10.02,129
35,16.85,129
33,9.24,129
29,16.32,129
27,21.35,129
23,13.504999999999999,129
56,3.01,130
95,13.504999999999999,130
91,10.55,130
90,8.39,130
88,6.41,130
87,8.35,130
85,28.14,130
85,28.5,130
72,12.04,130
72,16.42,130
68,8.78,130
66,11.08,130
60,8.74,130
52,9.81,130
80,25.35,130
