,날짜,EC급액,EC배액,pH급액,pH배액,내부이산화탄소,평균온도,J/Day
0,2021-10-21 10:00:00,4.543442222222222,3.288178333333333,5.796055555555555,6.264777777777778,668.0,28.40222222222222,1579.0
1,2021-10-21 11:00:00,4.66488923076923,3.9662215384615385,5.8770439560439565,6.1288901098901105,566.2527472527472,29.13923076923077,1579.0
2,2021-10-21 12:00:00,6.469644133333333,6.323824,5.765986666666667,5.976866666666666,457.3333333333333,29.628,1579.0
3,2021-10-21 13:00:00,6.193139599999999,6.5399268,5.75054,5.96614,417.26,31.566999999999997,1579.0
4,2021-10-21 14:00:00,6.168096285714286,6.361244571428571,5.7556,5.962971428571429,345.74285714285713,32.05614285714285,1579.0
5,2021-10-21 15:00:00,6.5083339473684205,5.893299561403508,5.765280701754386,6.023508771929824,286.5964912280702,29.981754385964912,1579.0
6,2021-10-21 16:00:00,6.441679206349206,5.262569047619047,5.787238095238095,6.071190476190476,270.46031746031747,25.21095238095238,1579.0
7,2021-10-21 17:00:00,6.260233188405797,4.848814637681159,5.81568115942029,6.101826086956522,295.6811594202899,20.411014492753623,1579.0
8,2021-10-21 18:00:00,6.11648752,4.56364736,5.836424,6.1342479999999995,321.008,19.39432,1579.0
9,2021-10-21 19:00:00,6.03311220338983,4.365155762711865,5.838745762711865,6.151186440677966,353.3220338983051,19.337118644067797,1579.0
10,2021-10-21 20:00:00,5.957794262295082,4.008069836065574,5.851901639344263,6.172508196721312,386.73770491803276,18.45377049180328,1579.0
11,2021-10-21 21:00:00,5.915742521008403,2.2789651260504202,5.876126050420168,6.191109243697479,407.5378151260504,18.43252100840336,1579.0
12,2021-10-21 22:00:00,5.895329120879121,0.10200538461538461,5.8857912087912085,6.183868131868132,423.02197802197804,18.26978021978022,1579.0
13,2021-10-21 23:00:00,5.892395454545454,0.052030454545454546,5.8919772727272735,6.204159090909091,446.0,18.172954545454544,1574.7333333333333
14,2021-10-22 00:00:00,5.879016279069767,0.03797255813953488,5.895511627906977,6.2104418604651155,463.0813953488372,18.19279069767442,1547.0
15,2021-10-22 01:00:00,5.875977266666666,0.033079333333333336,5.900026666666667,6.212033333333334,477.0133333333333,18.087533333333333,1547.0
16,2021-10-22 02:00:00,5.876662826086956,0.03181934782608696,5.927652173913044,6.231673913043478,490.0869565217391,18.082391304347826,1547.0
17,2021-10-22 03:00:00,5.878206212121213,0.031645151515151515,5.905378787878788,6.214045454545455,507.5151515151515,18.062272727272727,1547.0
18,2021-10-22 04:00:00,5.877246535433071,0.03157417322834646,5.907503937007874,6.20996062992126,520.6062992125984,18.04023622047244,1547.0
19,2021-10-22 05:00:00,5.821506076923077,0.031300153846153846,5.9081,6.183215384615385,515.9615384615385,16.872615384615386,1547.0
20,2021-10-22 06:00:00,5.790247272727273,0.03211515151515152,5.908787878787879,6.208181818181818,526.8181818181819,17.2130303030303,1547.0
21,2021-10-22 07:00:00,5.775887608695652,0.03190282608695652,5.9101739130434785,6.205565217391305,533.2391304347826,16.77413043478261,1547.0
22,2021-10-22 08:00:00,5.631717435897436,0.04227102564102564,5.901666666666666,6.226598290598291,467.47008547008545,18.852820512820514,1547.0
23,2021-10-22 09:00:00,4.378257699115044,0.3576091150442478,5.753495575221239,6.198938053097345,500.1946902654867,23.14849557522124,1547.0
24,2021-10-22 10:00:00,4.785908888888889,4.690421851851852,5.6957407407407405,6.104074074074074,555.2962962962963,27.489814814814817,1547.0
25,2021-10-22 11:00:00,6.388228596491228,6.373940877192982,5.752526315789474,5.996456140350877,526.3333333333334,29.236491228070175,1547.0
26,2021-10-22 12:00:00,6.236639338842975,6.209411652892562,5.760520661157025,5.983785123966943,626.6694214876034,31.115123966942146,1547.0
27,2021-10-22 13:00:00,5.9818223999999995,5.957233199999999,5.76492,5.98274,544.9,31.936799999999998,1547.0
28,2021-10-22 14:00:00,5.785239824561404,5.730670350877193,5.781824561403509,5.991649122807018,341.94736842105266,30.365438596491227,1547.0
29,2021-10-22 15:00:00,5.788233536585366,5.291527012195122,5.8119756097560975,6.100335365853659,260.5609756097561,29.36896341463415,1547.0
30,2021-10-22 16:00:00,5.775957567567568,5.033532702702703,5.814054054054054,6.1192972972972965,264.72972972972974,27.994594594594595,1547.0
31,2021-10-25 14:00:00,6.411280319371728,6.399935287958114,5.760005235602095,6.017188481675392,331.4921465968586,30.563979057591624,0.0
32,2021-10-25 15:00:00,6.652660518134715,5.704494404145078,5.788005181347151,6.130756476683938,290.3316062176166,28.057512953367876,0.0
33,2021-10-25 16:00:00,6.606087098445595,5.1457513471502585,5.831217616580311,6.182580310880829,314.0259067357513,23.40616580310881,0.0
34,2021-10-25 17:00:00,6.408836958762887,4.753309020618557,5.87929381443299,6.212515463917526,330.37113402061857,18.926907216494847,0.0
35,2021-10-25 18:00:00,6.1910235567010306,4.388975979381443,5.87451030927835,6.25698969072165,358.67525773195877,18.38319587628866,0.0
36,2021-10-25 19:00:00,6.151236633165829,4.105326633165829,5.8927939698492455,6.266939698492463,387.10552763819095,18.07075376884422,0.0
37,2021-10-25 20:00:00,6.080911666666666,3.57629625,5.910171875,6.270723958333334,418.734375,17.484114583333334,0.0
38,2021-10-25 21:00:00,6.058825380434782,2.616956141304348,5.935684782608695,6.286092391304348,441.7391304347826,17.759619565217392,0.0
39,2021-10-25 22:00:00,6.063144270833334,0.6280577083333333,5.958432291666667,6.291703125000001,463.9114583333333,17.6484375,0.0
40,2021-10-25 23:00:00,6.075870051282052,0.1270639487179487,5.962635897435897,6.302753846153847,483.1025641025641,17.5905641025641,208.26666666666668
41,2021-10-26 00:00:00,6.069308256410257,0.11537276923076922,5.968553846153846,6.311820512820513,497.7282051282051,17.640410256410256,1562.0
42,2021-10-26 01:00:00,6.060289030612245,0.1100844387755102,5.971918367346939,6.311489795918367,514.1071428571429,17.476326530612244,1562.0
43,2021-10-26 02:00:00,6.053688210526316,0.1055467894736842,5.976068421052632,6.313663157894736,528.5526315789474,17.406157894736843,1562.0
44,2021-10-26 03:00:00,6.048449896907217,0.10154417525773196,5.9790824742268045,6.316072164948453,543.3762886597938,17.418041237113403,1562.0
45,2021-10-26 04:00:00,6.051689949748743,0.09830979899497487,5.980924623115578,6.317336683417086,554.5829145728643,17.42542713567839,1562.0
46,2021-10-26 05:00:00,6.019207389162562,0.0942286699507389,5.985098522167487,6.309837438423645,533.8768472906404,16.74522167487685,1562.0
47,2021-10-26 06:00:00,5.9293079057591624,0.0894279057591623,5.985083769633508,6.299874345549738,534.1413612565445,16.185497382198953,1562.0
48,2021-10-26 07:00:00,5.94362135,0.08861075,5.989285,6.329715,534.91,16.9834,1562.0
49,2021-10-26 08:00:00,5.9768792893401015,0.08695005076142132,5.988370558375635,6.340324873096447,491.07106598984774,19.33543147208122,1562.0
50,2021-10-26 09:00:00,4.680546666666666,0.5192924193548387,5.747112903225807,6.286263440860214,510.60752688172045,24.880483870967744,1562.0
51,2021-10-26 10:00:00,3.6017369072164946,0.9940183505154639,5.556603092783505,6.285020618556701,658.6494845360825,27.32757731958763,1562.0
52,2021-10-26 11:00:00,3.715139037433155,2.1373417112299467,5.497181818181818,6.262994652406418,544.4598930481284,28.251229946524063,1562.0
53,2021-10-26 12:00:00,6.701354444444445,6.7449996825396825,5.78015873015873,6.0587089947089945,519.3015873015873,30.961005291005293,1562.0
54,2021-10-26 13:00:00,6.665003689839573,6.686821550802139,5.793390374331551,6.010401069518716,557.8502673796792,32.72716577540107,1562.0
55,2021-10-26 14:00:00,6.409859351758794,6.47931040201005,5.781567839195979,6.017773869346734,357.49748743718595,31.062512562814067,1562.0
56,2021-10-26 15:00:00,6.651172769230769,6.1947648205128205,5.793805128205128,6.072861538461539,295.5128205128205,28.18051282051282,1562.0
57,2021-10-26 16:00:00,6.611463915343915,6.03841582010582,5.817407407407408,6.1152116402116405,308.6507936507937,23.294497354497352,1562.0
58,2021-10-26 17:00:00,6.441145555555555,5.760760444444444,5.864477777777778,6.149166666666666,319.1,19.297944444444447,1562.0
59,2021-10-26 18:00:00,6.2508564062500005,5.554069166666667,5.878989583333333,6.180578125,350.7604166666667,18.555833333333332,1562.0
60,2021-10-26 19:00:00,6.182574329896907,5.468701958762886,5.885443298969072,6.196422680412371,383.0412371134021,18.14922680412371,1562.0
61,2021-10-26 20:00:00,6.119909340101523,5.324578324873096,5.9008730964467,6.200223350253807,416.4060913705584,17.729492385786802,1562.0
62,2021-10-26 21:00:00,6.057808144329897,5.104214536082474,5.9173247422680415,6.207731958762887,440.2061855670103,17.315103092783506,1562.0
63,2021-10-26 22:00:00,6.017690103092784,4.817625721649485,5.9264381443298975,6.2260773195876284,459.88659793814435,17.397061855670103,1562.0
64,2021-10-26 23:00:00,6.04297256281407,4.320384170854271,5.9322412060301515,6.232120603015075,478.5929648241206,17.57261306532663,1556.0
65,2021-10-27 00:00:00,6.033316435643564,3.59927900990099,5.936910891089109,6.244257425742574,496.8910891089109,17.284158415841585,1526.0
66,2021-10-27 01:00:00,6.03720725,2.6089588,5.941470000000001,6.253869999999999,513.37,17.58395,1526.0
67,2021-10-27 02:00:00,6.046494502617802,2.0330098429319374,5.941785340314136,6.2572931937172775,529.4083769633507,17.322303664921467,1526.0
68,2021-10-27 03:00:00,6.017642041884816,1.8775344502617801,5.941251308900523,6.263439790575917,544.2146596858639,17.330366492146595,1526.0
69,2021-10-27 04:00:00,6.040296262626263,1.8569699494949494,5.945964646464646,6.276863636363636,556.8434343434343,17.441717171717173,1526.0
70,2021-10-27 05:00:00,5.99575832460733,1.8185994240837695,5.943628272251309,6.273675392670157,522.303664921466,16.777329842931938,1526.0
71,2021-10-27 06:00:00,5.928273833333334,1.7822178333333334,5.949066666666667,6.273133333333333,489.6,16.041166666666665,1526.0
72,2021-10-27 07:00:00,5.94102534883721,1.7743910852713178,5.950472868217054,6.301713178294574,490.5581395348837,17.673720930232555,1526.0
73,2021-10-27 08:00:00,6.003632433862434,1.7838683597883598,5.954576719576719,6.30973544973545,419.4761904761905,19.093386243386245,1526.0
74,2021-10-27 09:00:00,5.1947660396039606,0.5229527722772277,5.837237623762377,6.2447128712871285,460.03960396039605,21.148762376237624,1526.0
75,2021-10-27 10:00:00,4.5746656650246305,0.6105654187192118,5.691551724137931,6.230916256157635,482.45320197044333,20.94344827586207,1526.0
76,2021-10-27 11:00:00,4.273125811518324,0.7046565968586387,5.614905759162303,6.249832460732985,498.5916230366492,23.393246073298428,1526.0
77,2021-10-27 12:00:00,4.8392288068181815,4.302113693181818,5.677534090909091,6.189903409090909,411.78977272727275,26.706022727272728,1526.0
78,2021-10-27 13:00:00,6.346608756476685,6.351568082901554,5.824481865284974,6.065243523316063,472.54404145077723,27.821502590673575,1526.0
79,2021-10-27 14:00:00,6.341382797927461,6.201749948186529,5.8314818652849745,6.063062176165803,330.3626943005181,29.52119170984456,1526.0
80,2021-10-27 15:00:00,6.352960052910054,5.8225396825396825,5.846322751322751,6.137714285714286,278.8253968253968,26.6494708994709,1526.0
81,2021-10-27 16:00:00,6.358362272727272,5.685486111111111,5.872590909090909,6.191969696969697,304.62626262626264,22.475353535353534,1526.0
82,2021-10-27 17:00:00,6.227228095238096,5.139292751322751,5.884343915343916,6.2129417989418,318.9470899470899,17.92973544973545,1526.0
83,2021-10-27 18:00:00,6.066247052631579,4.624084421052632,5.900410526315789,6.246821052631579,353.5842105263158,17.586684210526315,1526.0
84,2021-10-27 19:00:00,6.083804690721649,4.3044759278350515,5.919020618556701,6.270907216494845,381.29896907216494,17.935670103092782,1526.0
85,2021-10-27 20:00:00,6.06974606557377,3.9627942622950822,5.9305901639344265,6.276065573770492,408.90710382513663,17.555628415300546,1526.0
86,2021-10-27 21:00:00,6.062585350000001,3.60658465,5.943295000000001,6.29143,430.17,17.7722,1526.0
87,2021-10-27 22:00:00,6.066695,3.0336627450980393,5.956892156862745,6.298593137254902,450.19117647058823,17.58808823529412,1526.0
88,2021-10-27 23:00:00,6.084598134715026,1.0323226943005182,5.959046632124353,6.310227979274612,470.30051813471505,17.694507772020724,1463.0
89,2021-10-28 00:00:00,6.061533631578947,0.11566026315789472,5.973578947368421,6.318305263157895,482.09473684210525,17.536473684210524,1148.0
90,2021-10-28 01:00:00,6.047969072164949,0.07302541237113402,5.9757216494845355,6.323546391752577,498.0412371134021,17.403659793814434,1148.0
91,2021-10-28 02:00:00,6.031140388349514,0.06077558252427184,5.981742718446602,6.325796116504854,508.21844660194176,17.471359223300972,1148.0
92,2021-10-28 03:00:00,6.02424188172043,0.05809274193548387,5.987532258064516,6.330166666666667,521.6397849462365,17.470483870967744,1148.0
93,2021-10-28 04:00:00,6.023003686868687,0.05726166666666666,5.990707070707071,6.326338383838384,534.1565656565657,17.36868686868687,1148.0
94,2021-10-28 05:00:00,5.996919545454545,0.05642429292929293,5.992979797979798,6.3281363636363634,514.989898989899,16.898434343434342,1148.0
95,2021-10-28 06:00:00,5.936126421568628,0.05513142156862745,5.9957794117647065,6.330411764705882,490.22549019607845,16.286911764705884,1148.0
96,2021-10-28 07:00:00,5.9451676595744685,0.0547606914893617,5.995888297872341,6.347441489361702,495.75531914893617,16.894202127659575,1148.0
97,2021-10-28 08:00:00,5.960474271356784,0.053982211055276376,5.994954773869347,6.354577889447236,458.8291457286432,19.518994974874374,1148.0
98,2021-10-28 09:00:00,4.661468350515464,0.6512401030927836,5.7134381443298965,6.293510309278351,469.87113402061857,24.928402061855667,1148.0
99,2021-10-28 10:00:00,3.7392090839694654,1.1582480152671757,5.477809160305343,6.289183206106871,388.68702290076334,28.725725190839697,1148.0
100,2021-10-28 11:00:00,4.790104536082474,5.271226082474227,5.668546391752578,6.205144329896907,395.77319587628864,30.386494845360822,1148.0
101,2021-11-02 16:00:00,11.240058108108107,5.00783,6.362,6.592594594594594,300.4864864864865,20.59027027027027,1272.0
102,2021-11-02 17:00:00,6.695043229166667,2.2644183854166666,6.009677083333333,6.387385416666667,321.5625,18.444427083333334,1272.0
103,2021-11-02 18:00:00,6.561121601941748,2.559824174757282,6.02290291262136,6.365014563106796,343.1504854368932,18.068058252427186,1272.0
104,2021-11-02 19:00:00,6.487728564102564,2.8444635897435897,6.031082051282051,6.327097435897437,375.65128205128207,17.571384615384616,1272.0
105,2021-11-02 20:00:00,6.4022071794871795,3.0548385641025644,6.067082051282051,6.30414358974359,403.4153846153846,17.23082051282051,1272.0
106,2021-11-02 21:00:00,6.359430677083334,3.2324522916666667,6.11628125,6.296338541666667,426.7135416666667,17.189114583333332,1272.0
107,2021-11-02 22:00:00,6.361288787878788,3.3821468181818184,6.115621212121212,6.300383838383839,447.1868686868687,17.280252525252525,1272.0
108,2021-11-02 23:00:00,6.362669362745097,3.5080465686274507,6.117656862745098,6.304044117647059,466.25,17.11627450980392,1262.6666666666667
109,2021-11-03 00:00:00,6.34312625,3.59730425,6.123985,6.315585,484.295,16.99365,1216.0
110,2021-11-03 01:00:00,6.323667538461539,3.6746164615384616,6.132205128205128,6.332902564102564,500.8974358974359,16.794564102564102,1216.0
111,2021-11-03 02:00:00,6.310955125628141,3.74497608040201,6.138185929648241,6.34943216080402,516.894472361809,16.869145728643215,1216.0
112,2021-11-03 03:00:00,6.309066666666666,3.8091865591397847,6.140596774193549,6.366607526881721,531.1881720430108,16.864462365591397,1216.0
113,2021-11-03 04:00:00,6.315521755319149,3.868687021276596,6.143739361702127,6.386239361702128,544.3085106382979,17.07276595744681,1216.0
114,2021-11-03 05:00:00,6.3032974331550795,3.906323689839572,6.149219251336898,6.396181818181819,549.6737967914438,16.87010695187166,1216.0
115,2021-11-03 06:00:00,6.287647340425532,3.9359969680851066,6.148494680851063,6.41411170212766,555.6489361702128,16.799414893617023,1216.0
116,2021-11-03 07:00:00,6.251239392265194,3.932623038674033,6.158779005524862,6.432486187845304,551.889502762431,16.6892817679558,1216.0
117,2021-11-03 08:00:00,6.274885396825397,3.9756696296296297,6.151084656084657,6.461820105820107,538.2063492063492,17.89296296296296,1216.0
118,2021-11-03 09:00:00,5.146229523809524,4.181728465608465,5.960089947089948,6.440338624338624,551.5079365079365,22.136984126984128,1216.0
119,2021-11-03 10:00:00,4.580848461538461,5.152094666666667,5.756266666666667,6.272389743589743,446.5128205128205,26.948461538461537,1216.0
120,2021-11-03 11:00:00,6.264601058201059,6.340885026455026,5.974793650793651,6.1160052910052904,373.4074074074074,27.557089947089946,1216.0
121,2021-11-03 12:00:00,6.020527842105263,5.974677105263158,5.992642105263158,6.1252894736842105,462.7526315789474,27.594736842105263,1216.0
122,2021-11-03 13:00:00,5.63054159574468,5.605951170212767,6.006765957446808,6.140414893617021,499.4255319148936,29.572393617021273,1216.0
123,2021-11-03 14:00:00,5.368183717277487,5.377365706806282,6.016434554973822,6.153094240837696,381.3874345549738,28.607958115183244,1216.0
124,2021-11-03 15:00:00,5.327656885245902,5.38896262295082,6.0279890710382515,6.220770491803279,326.30601092896177,26.028306010928965,1216.0
125,2021-11-03 16:00:00,5.308778695652174,5.341746521739131,6.051032608695652,6.287673913043478,295.4130434782609,22.17907608695652,1216.0
126,2021-11-03 17:00:00,5.189920837696334,5.166537748691099,6.092287958115183,6.3023664921465965,321.26178010471205,18.549476439790574,1216.0
127,2021-11-03 18:00:00,5.107554301075269,5.055073279569893,6.1015107526881724,6.343080645161291,354.31182795698925,18.030752688172043,1216.0
128,2021-11-03 19:00:00,5.0602809944751375,5.0030400552486185,6.128624309392265,6.352016574585635,387.21546961325964,17.594917127071824,1216.0
129,2021-11-03 20:00:00,5.014619533678756,4.95480621761658,6.13860103626943,6.355419689119171,415.0777202072539,17.270880829015546,1216.0
130,2021-11-03 21:00:00,4.993930572916667,4.948769479166667,6.1477916666666665,6.377848958333334,437.484375,17.409947916666667,1216.0
131,2021-11-03 22:00:00,5.0029046808510635,4.964231223404256,6.156154255319149,6.39025,457.8404255319149,17.57223404255319,1216.0
132,2021-11-03 23:00:00,5.00643057591623,4.961318586387435,6.163685863874345,6.390204188481675,476.3193717277487,17.338219895287956,1236.0
133,2021-11-04 00:00:00,4.99461355670103,4.94923206185567,6.166474226804124,6.391170103092783,493.3659793814433,17.346597938144328,1336.0
134,2021-11-04 01:00:00,5.0071729591836736,4.961956479591836,6.171382653061224,6.396836734693878,510.6173469387755,17.546224489795918,1336.0
135,2021-11-04 02:00:00,5.013134444444444,4.967083888888889,6.174703703703704,6.39812962962963,519.3333333333334,17.46425925925926,1336.0
136,2021-11-12 09:00:00,2.657813375796178,4.502809363057325,5.231713375796178,5.9014904458598725,558.1974522292994,19.132611464968154,493.0
137,2021-11-12 10:00:00,5.086283468208093,5.8858526589595375,5.507815028901734,5.877543352601156,657.3236994219653,19.30236994219653,493.0
138,2021-11-12 11:00:00,6.552251329787234,6.045556276595745,5.684585106382979,5.891276595744681,567.5372340425532,16.932287234042555,493.0
139,2021-11-12 12:00:00,6.997490105263158,6.850584684210527,5.732778947368422,5.905136842105263,628.1210526315789,18.581105263157895,493.0
140,2021-11-12 13:00:00,7.0274071354166665,6.914466510416666,5.7347552083333335,5.909567708333333,599.96875,17.4765625,493.0
141,2021-11-12 14:00:00,7.037868809523809,7.016084166666667,5.75675,5.9348214285714285,544.047619047619,17.594285714285714,493.0
142,2021-11-12 15:00:00,7.053624748603352,7.092564022346369,5.755368715083799,5.949664804469274,553.4301675977654,17.503296089385476,493.0
143,2021-11-12 16:00:00,7.027288888888889,7.090162751322752,5.751232804232804,5.944306878306878,625.6560846560847,16.645238095238096,493.0
144,2021-11-12 17:00:00,6.955729949238579,7.060324974619289,5.756659898477157,5.947121827411168,599.9086294416244,16.393401015228427,493.0
145,2021-11-12 18:00:00,6.897602164948453,7.0147250515463915,5.761701030927835,5.9550670103092775,622.5412371134021,15.618350515463918,493.0
146,2021-11-12 19:00:00,6.869672893401015,6.965342690355331,5.758583756345177,5.952456852791879,640.6751269035533,15.975431472081217,493.0
147,2021-11-12 20:00:00,6.837151122994653,6.976896631016043,5.764647058823529,5.953877005347594,628.0695187165776,15.695026737967913,493.0
148,2021-11-12 21:00:00,6.801165076923077,6.963669846153846,5.785976923076923,5.954223076923077,613.2153846153847,15.984461538461538,493.0
149,2021-11-12 22:00:00,6.8224151428571425,6.985417285714286,5.797328571428571,5.954671428571428,629.0714285714286,15.807285714285713,493.0
150,2021-11-12 23:00:00,6.861424333333333,7.006073166666667,5.795983333333334,5.955683333333334,631.45,16.36,491.0
151,2021-11-13 00:00:00,6.851682,6.996682545454545,5.797145454545455,5.950927272727273,633.4727272727273,15.735272727272726,481.0
152,2021-11-13 01:00:00,6.868246623376624,7.0119150649350654,5.79725974025974,5.953545454545455,632.1298701298701,16.334545454545456,481.0
153,2021-11-13 02:00:00,6.859899620253164,6.993529126582278,5.794759493670886,5.949772151898734,635.4430379746835,15.893164556962025,481.0
154,2021-11-13 03:00:00,6.885782256410256,7.016899948717948,5.792892307692308,5.951641025641026,635.974358974359,16.358410256410256,481.0
155,2021-11-13 04:00:00,6.8731304188481674,6.997972722513088,5.792523560209425,5.948534031413613,638.5706806282723,15.99455497382199,481.0
156,2021-11-13 05:00:00,6.867518601036269,6.9849623316062175,5.790839378238342,5.947870466321244,638.6321243523316,15.889170984455959,481.0
157,2021-11-13 06:00:00,6.906460324324324,7.02391027027027,5.790313513513514,5.952551351351351,632.772972972973,16.931891891891894,481.0
158,2021-11-13 07:00:00,6.95656,7.078723386243386,5.785396825396826,5.952396825396825,640.5132275132275,16.703968253968256,481.0
159,2021-11-13 08:00:00,6.95288023255814,7.070526046511628,5.7886976744186045,5.94893023255814,618.5697674418604,17.108081395348837,481.0
160,2021-11-13 09:00:00,6.68426216374269,7.183486842105263,5.76874269005848,5.948105263157895,562.6374269005848,19.031345029239766,481.0
161,2021-11-13 10:00:00,5.832060378378379,7.338674648648649,5.677313513513514,5.9156756756756765,441.7837837837838,25.68475675675676,481.0
162,2021-11-13 11:00:00,7.002037830687831,7.25688873015873,5.786486772486772,5.906582010582011,402.51851851851853,27.191428571428574,481.0
163,2021-11-13 12:00:00,6.737242538071066,6.903282081218275,5.794812182741117,5.899111675126903,427.8680203045685,28.375431472081218,481.0
164,2021-11-13 13:00:00,6.50523192513369,6.603187005347593,5.793176470588236,5.898513368983957,476.7005347593583,25.861657754010697,481.0
165,2021-11-13 14:00:00,6.282356700507615,6.434782081218275,5.795030456852793,5.90556345177665,404.9187817258883,25.97274111675127,481.0
166,2021-11-13 15:00:00,6.420514198895028,6.506818784530387,5.794381215469612,5.927104972375691,308.646408839779,24.573480662983428,481.0
167,2021-11-13 16:00:00,6.332855536723164,6.404415197740113,5.794638418079097,5.933587570621469,297.774011299435,20.237062146892654,481.0
168,2021-11-13 17:00:00,6.188702738095238,6.2280734523809524,5.791791666666667,5.951428571428572,322.2916666666667,18.58488095238095,481.0
169,2021-11-13 18:00:00,6.029752984293194,6.057585183246073,5.79934554973822,5.957570680628272,362.586387434555,17.07670157068063,481.0
170,2021-11-13 19:00:00,5.949699784946237,5.983235967741936,5.80189247311828,5.9658225806451615,391.5,17.01516129032258,481.0
171,2021-11-13 20:00:00,5.91925233502538,5.979651979695432,5.803187817258884,5.962045685279187,413.6802030456853,17.017817258883248,481.0
172,2021-11-13 21:00:00,5.918739175257732,5.985156237113402,5.796850515463917,5.961252577319588,431.3041237113402,17.109329896907216,481.0
173,2021-11-13 22:00:00,5.936703246073298,6.006968010471204,5.790769633507853,5.964696335078535,447.0994764397906,17.157853403141363,481.0
174,2021-11-13 23:00:00,5.940096943005181,6.012600673575129,5.7893212435233155,5.959321243523315,461.68911917098444,17.199274611398963,571.1333333333333
175,2021-11-14 00:00:00,5.943787875647668,6.0177008808290156,5.785409326424871,5.9569067357512955,475.1658031088083,17.238704663212435,1157.0
176,2021-11-14 01:00:00,5.953636855670103,6.024992422680413,5.777273195876289,5.955974226804124,489.1443298969072,17.203298969072165,1157.0
177,2021-11-14 02:00:00,5.95449010989011,6.023918076923077,5.772736263736263,5.951989010989011,499.7197802197802,17.209670329670328,1157.0
178,2021-11-14 03:00:00,5.957472164948454,6.030146597938145,5.766247422680412,5.951030927835052,511.7628865979381,17.229948453608248,1157.0
179,2021-11-14 04:00:00,5.950797243243244,6.0221284324324325,5.7618,5.94881081081081,523.1513513513513,17.167513513513512,1157.0
180,2021-11-14 05:00:00,5.948601135135134,6.012227945945946,5.755351351351352,5.947059459459459,531.827027027027,17.349027027027027,1157.0
181,2021-11-14 06:00:00,5.970103571428572,6.034147755102041,5.745188775510204,5.942841836734694,540.1887755102041,17.425051020408162,1157.0
182,2021-11-14 07:00:00,5.951502765957447,6.039111648936171,5.741531914893616,5.94229255319149,536.7712765957447,17.424893617021276,1157.0
183,2021-11-14 08:00:00,5.92123140625,6.0171653125,5.73846875,5.937864583333333,537.5833333333334,17.347604166666667,1157.0
184,2021-11-14 09:00:00,5.771618894736842,6.031681684210526,5.721284210526316,5.924621052631579,589.9947368421052,18.61657894736842,1157.0
185,2021-11-14 10:00:00,4.857414256410256,6.11492241025641,5.625907692307692,5.828215384615384,459.73846153846154,21.80887179487179,1157.0
186,2021-11-14 11:00:00,4.233367340425532,6.2847547340425525,5.536005319148936,5.865590425531915,426.8563829787234,25.413723404255318,1157.0
187,2021-11-14 12:00:00,5.641425026455026,6.647196825396825,5.663417989417989,5.865910052910053,449.7724867724868,23.720529100529102,1157.0
188,2021-11-14 13:00:00,6.436122043010752,6.72764811827957,5.741494623655915,5.859435483870968,425.0752688172043,24.620698924731183,1157.0
189,2021-11-14 14:00:00,6.6681092929292936,6.742030959595959,5.73820202020202,5.872227272727272,523.2323232323232,23.558181818181822,1157.0
190,2021-11-14 15:00:00,6.684329465240642,6.8128497860962565,5.739941176470587,5.891641711229947,360.27807486631013,22.004812834224598,1157.0
191,2021-11-14 16:00:00,6.586063350515464,6.692409845360825,5.745963917525773,5.892252577319588,338.1185567010309,19.051443298969073,1157.0
192,2021-11-14 17:00:00,6.413146755319149,6.4751760106382985,5.748771276595745,5.907164893617021,347.79787234042556,17.45531914893617,1157.0
193,2021-11-14 18:00:00,6.336598035714285,6.407847559523809,5.751833333333333,5.903380952380952,371.98214285714283,17.324642857142855,1157.0
194,2021-11-15 22:00:00,5.396675360000001,5.4590862399999995,5.724704,5.930015999999999,473.792,17.171599999999998,874.0
195,2021-11-15 23:00:00,5.381217894736842,5.449131421052632,5.719347368421052,5.940921052631579,486.0157894736842,16.946157894736842,917.3333333333334
196,2021-11-16 00:00:00,5.360801230769231,5.440335846153846,5.715,5.921441025641026,499.9230769230769,16.83579487179487,1199.0
197,2021-11-16 01:00:00,5.348749898477157,5.436048781725888,5.7092842639593915,5.918208121827411,512.4010152284264,16.80045685279188,1199.0
198,2021-11-16 02:00:00,5.343447371134021,5.432891391752577,5.7032113402061855,5.9150206185567,524.3505154639175,16.76201030927835,1199.0
199,2021-11-16 03:00:00,5.343885751295337,5.4330634715025905,5.695984455958549,5.911310880829015,536.2849740932643,16.850103626943007,1199.0
200,2021-11-16 04:00:00,5.3519888944723615,5.440070653266331,5.688040201005025,5.908346733668342,548.2412060301508,16.912211055276384,1199.0
201,2021-11-16 05:00:00,5.35134703125,5.4347036979166665,5.680072916666667,5.905171875,557.2239583333334,16.777708333333333,1199.0
202,2021-11-16 06:00:00,5.339436302083333,5.421140625,5.6742083333333335,5.900609374999999,568.0260416666666,16.832135416666667,1199.0
203,2021-11-16 07:00:00,5.3266028813559325,5.416961468926554,5.664209039548022,5.895881355932203,565.5762711864406,17.00485875706215,1199.0
204,2021-11-16 08:00:00,5.20619776119403,5.307844776119404,5.660514925373135,5.894753731343283,553.8059701492538,17.119402985074625,1199.0
205,2021-11-16 09:00:00,4.656423915662651,5.385716325301205,5.604801204819277,5.8247891566265055,529.8795180722891,21.924277108433735,1199.0
206,2021-11-16 10:00:00,3.343555,5.4973600000000005,5.4895,5.785,385.0,26.485,1199.0
207,2021-11-16 11:00:00,5.218133333333333,5.649663333333333,5.706,5.851666666666667,381.3333333333333,27.900000000000002,1199.0
208,2021-11-16 12:00:00,5.337854999999999,5.394195,5.731,5.8605,786.0,29.32,1199.0
209,2021-11-16 13:00:00,5.1021275,5.1580375,5.7335,5.8565000000000005,439.5,31.5225,1199.0
210,2021-11-16 14:00:00,5.11124,5.10466,5.733,5.85,565.0,30.08,1199.0
211,2021-11-16 15:00:00,5.055134000000001,5.201016,5.7306,5.8876,315.2,27.972,1199.0
212,2021-11-16 16:00:00,5.034858333333333,5.1496,5.727,5.9013333333333335,307.8333333333333,21.173333333333332,1199.0
213,2021-11-16 17:00:00,4.8895125,4.9473175,5.726,5.9085,338.75,17.09,1199.0
214,2021-11-16 18:00:00,4.840915,4.89129,5.73,5.92225,354.5,17.1575,1199.0
215,2021-11-16 19:00:00,4.808466666666667,4.86124,5.727333333333333,5.919,384.0,17.080000000000002,1199.0
216,2021-11-16 20:00:00,4.800358,4.862508,5.7244,5.9176,403.0,17.106,1199.0
217,2021-11-16 21:00:00,4.79283,4.86184,5.72,5.915,422.0,16.98,1199.0
218,2021-11-16 23:00:00,4.7780000000000005,4.858015,5.71,5.905,456.25,16.822499999999998,999.1666666666666
219,2021-11-17 00:00:00,4.76289,4.84776,5.707,5.901,475.0,16.4,0.0
220,2021-11-17 02:00:00,4.75112,4.849270000000001,5.6985,5.8925,495.5,16.564999999999998,0.0
221,2021-11-17 03:00:00,4.74753,4.84522,5.693,5.89,510.0,17.23,0.0
222,2021-11-17 04:00:00,4.753620000000001,4.8517133333333335,5.687333333333334,5.891000000000001,523.6666666666666,16.843333333333334,0.0
223,2021-11-17 05:00:00,4.751,4.84674,5.687,5.886,527.0,17.1,0.0
224,2021-11-17 06:00:00,4.733403333333333,4.83229,5.681333333333334,5.881333333333333,543.6666666666666,16.95,0.0
225,2021-11-17 07:00:00,4.74313,4.84092,5.678,5.881,543.0,17.255000000000003,0.0
226,2021-11-17 08:00:00,4.761616666666666,4.825886666666666,5.673666666666667,5.8676666666666675,551.3333333333334,17.406666666666666,0.0
227,2021-11-17 09:00:00,4.215206274509804,4.94772908496732,5.619529411764706,5.791307189542484,609.0980392156863,23.108888888888888,0.0
228,2021-11-17 10:00:00,3.920187602040816,5.1656075,5.548551020408164,5.7845306122448985,592.1836734693877,28.02780612244898,0.0
229,2021-11-17 11:00:00,5.400941204188482,5.501153821989528,5.659848167539267,5.792821989528797,526.717277486911,29.381151832460734,0.0
230,2021-11-17 12:00:00,5.383627005347593,5.416690909090909,5.680165775401069,5.797454545454546,570.620320855615,29.428823529411762,0.0
231,2021-11-17 13:00:00,5.137119489795918,5.165595969387756,5.677719387755102,5.792760204081633,459.7091836734694,31.51,0.0
232,2021-11-17 14:00:00,4.985650909090909,5.058554375,5.676011363636364,5.795994318181818,504.9943181818182,27.460340909090913,0.0
233,2021-11-17 15:00:00,4.971196649484536,5.095523917525774,5.678659793814433,5.824546391752577,374.340206185567,26.78298969072165,0.0
234,2021-11-17 16:00:00,4.883503968253969,4.981654074074074,5.686015873015872,5.849148148148148,377.58730158730157,20.493121693121694,0.0
235,2021-11-17 17:00:00,4.7697557368421055,4.8138709,5.691294736842106,5.873473684210526,403.07894736842104,18.030631578947368,0.0
236,2021-11-17 18:00:00,4.689944052631579,4.7127688947368425,5.699552631578947,5.877978947368422,443.31052631578945,17.454473684210527,0.0
237,2021-11-17 19:00:00,4.637768775510204,4.682394642857143,5.704795918367347,5.875984693877551,469.41326530612247,17.32030612244898,0.0
238,2021-11-17 20:00:00,4.614211058201058,4.677439259259259,5.708333333333333,5.875412698412698,498.984126984127,17.3084126984127,0.0
239,2021-11-17 21:00:00,4.601837234042553,4.669348404255319,5.7089042553191485,5.876367021276596,531.0531914893617,17.328936170212767,0.0
240,2021-11-17 22:00:00,4.593458826530613,4.665653163265306,5.711479591836735,5.874540816326531,562.0,17.286530612244896,0.0
241,2021-11-17 23:00:00,4.587605084656085,4.663079947089947,5.711444444444444,5.873746031746031,587.1640211640212,17.087777777777777,167.33333333333334
242,2021-11-18 00:00:00,4.584120765027322,4.660464918032787,5.710153005464481,5.871945355191257,603.7213114754098,17.123661202185794,1255.0
243,2021-11-18 01:00:00,4.5847244210526314,4.667929105263158,5.707657894736842,5.869136842105263,617.8684210526316,16.950894736842105,1255.0
244,2021-11-18 02:00:00,4.573810267379679,4.66466385026738,5.708860962566845,5.86651871657754,625.8930481283422,16.80187165775401,1255.0
245,2021-11-18 03:00:00,4.5626015343915345,4.660419947089947,5.708328042328042,5.865063492063492,631.010582010582,16.645767195767196,1255.0
246,2021-11-18 04:00:00,4.5499297340425535,4.649297925531915,5.709515957446808,5.86325,635.9414893617021,16.564095744680852,1255.0
247,2021-11-18 05:00:00,4.541048795811518,4.640784764397906,5.708806282722513,5.86351832460733,641.0314136125654,16.50675392670157,1255.0
248,2021-11-18 06:00:00,4.529493497267759,4.623539344262295,5.707147540983606,5.86196174863388,645.0765027322404,16.07846994535519,1255.0
249,2021-11-18 07:00:00,4.501144224598931,4.585071711229946,5.708395721925134,5.860192513368984,646.1016042780749,16.377005347593585,1255.0
250,2021-11-18 08:00:00,4.535406436781609,4.621156379310344,5.705758620689656,5.863091954022988,630.1666666666666,17.605689655172412,1255.0
251,2021-11-18 09:00:00,4.016197277486911,4.729679005235602,5.636947643979057,5.816235602094241,508.5235602094241,21.86214659685864,1255.0
252,2021-11-18 10:00:00,3.3083199999999997,4.816693967391305,5.489369565217391,5.808190217391304,512.8586956521739,22.915489130434782,1255.0
253,2021-11-18 11:00:00,3.473409132653061,4.9302268877551025,5.4628469387755105,5.813418367346939,572.3724489795918,23.1134693877551,1255.0
254,2021-11-18 12:00:00,4.800269319371728,5.241135497382198,5.604356020942409,5.761376963350785,425.869109947644,25.610523560209423,1255.0
255,2021-11-18 13:00:00,4.929808152173913,5.183306576086957,5.61691304347826,5.7609891304347824,430.08152173913044,25.751195652173916,1255.0
256,2021-11-18 14:00:00,5.028535585106383,5.066839202127659,5.6359095744680845,5.776808510638298,483.0904255319149,24.416063829787234,1255.0
257,2021-11-18 15:00:00,5.065876666666667,5.1387477595628415,5.652109289617487,5.807420765027323,327.62295081967216,25.110765027322408,1255.0
258,2021-11-18 16:00:00,5.052076649746192,5.093309086294417,5.6591725888324875,5.820167512690356,312.8730964467005,20.52060913705584,1255.0
259,2021-11-18 17:00:00,4.9173376795580115,4.924818066298342,5.68114364640884,5.848784530386741,333.8729281767956,17.7492817679558,1255.0
260,2021-11-18 18:00:00,4.798073142857143,4.809513371428571,5.6926628571428575,5.857942857142858,363.37714285714287,17.275714285714287,1255.0
261,2021-11-18 19:00:00,4.754447988505747,4.7976014942528735,5.699172413793103,5.8549367816091955,388.08045977011494,17.286494252873563,1255.0
262,2021-11-18 20:00:00,4.730509476439791,4.786420732984293,5.707842931937173,5.856680628272251,410.85340314136124,17.064031413612565,1255.0
263,2021-11-18 21:00:00,4.7141214583333335,4.776912708333334,5.713411458333333,5.858286458333333,431.53125,16.999010416666668,1255.0
264,2021-11-18 22:00:00,4.714734468926554,4.7847664463276836,5.717587570621469,5.859830508474577,449.8813559322034,17.108305084745762,1255.0
265,2021-11-18 23:00:00,4.718094978378378,4.795008702702702,5.721913513513514,5.860275675675676,466.33513513513515,17.02772972972973,1052.5806451612902
266,2021-11-19 00:00:00,4.7076085221674875,4.788386009852217,5.724241379310345,5.8615960591133005,481.7487684729064,16.904039408866996,0.0
267,2021-11-19 01:00:00,4.705136010638298,4.789427180851064,5.727297872340426,5.862984042553191,496.2340425531915,16.89409574468085,0.0
268,2021-11-19 02:00:00,4.701507388888889,4.787773888888889,5.728466666666667,5.860272222222222,509.06111111111113,16.826666666666668,0.0
269,2021-11-19 03:00:00,4.699113092783505,4.787544587628866,5.729345360824742,5.8626237113402055,521.979381443299,16.877113402061855,0.0
270,2021-11-19 04:00:00,4.698650423280424,4.789581957671958,5.730984126984127,5.86305291005291,533.5502645502645,16.80825396825397,0.0
271,2021-11-19 05:00:00,4.699344293193717,4.791101047120419,5.731780104712041,5.862979057591623,543.7120418848167,16.880785340314137,0.0
272,2021-11-19 06:00:00,4.699497326732673,4.790735643564356,5.732232673267327,5.861029702970297,555.0297029702971,16.78292079207921,0.0
273,2021-11-19 07:00:00,4.705547717391305,4.7939104347826085,5.732576086956522,5.861255434782609,565.195652173913,17.085760869565217,0.0
274,2021-11-19 08:00:00,4.716424162921348,4.801703707865169,5.73352808988764,5.8636011235955054,557.0674157303371,17.864719101123598,0.0
275,2021-11-19 09:00:00,4.464590192307693,4.9151800641025645,5.706224358974359,5.843628205128205,630.5897435897435,23.79198717948718,0.0
276,2021-11-19 10:00:00,3.4880706914893618,5.062081489361702,5.497808510638298,5.822436170212765,619.4627659574468,29.638670212765955,0.0
277,2021-11-19 11:00:00,4.402380869565218,5.303081032608695,5.572945652173913,5.753913043478261,539.3532608695652,29.080489130434785,0.0
278,2021-11-19 12:00:00,5.155520216216217,5.4258929729729735,5.605956756756758,5.736632432432432,489.63243243243244,29.122216216216213,0.0
279,2021-11-19 13:00:00,5.240051629213483,5.317039719101124,5.608247191011236,5.738230337078652,524.0786516853933,24.599719101123597,0.0
280,2021-11-19 14:00:00,5.116553647798742,5.200417987421384,5.615220125786164,5.755012578616352,489.92452830188677,24.105220125786165,0.0
281,2021-11-19 15:00:00,5.115016082474227,5.164113092783505,5.620025773195877,5.763592783505154,389.0257731958763,21.1,0.0
282,2021-11-19 16:00:00,5.05419895,5.0716212,5.625535,5.794919999999999,380.025,19.88195,0.0
283,2021-11-19 17:00:00,4.948201648351648,4.958045225274725,5.644615384615384,5.815950549450549,403.0879120879121,17.660274725274725,0.0
284,2021-11-19 18:00:00,4.84780665,4.86410155,5.65871,5.82562,443.18,17.6263,0.0
285,2021-11-19 19:00:00,4.835347419354839,4.865704516129032,5.664602150537634,5.817252688172043,473.1290322580645,18.378602150537635,0.0
286,2021-11-19 20:00:00,4.835202688172044,4.873196182795699,5.672591397849462,5.819661290322581,491.03225806451616,18.35311827956989,0.0
287,2021-11-19 21:00:00,4.830405406976745,4.8740835,5.676244186046511,5.821790697674419,506.5581395348837,18.316860465116278,0.0
288,2021-11-19 22:00:00,4.830466787564767,4.880963523316063,5.680274611398963,5.824290155440415,521.0051813471503,18.270155440414506,0.0
289,2021-11-19 23:00:00,4.827274278350515,4.880237835051546,5.683407216494845,5.8248814432989695,535.1134020618557,18.29226804123711,124.13333333333334
290,2021-11-20 00:00:00,4.818188404255319,4.87408324468085,5.68525,5.8246648936170216,547.25,18.052074468085106,931.0
291,2021-11-20 01:00:00,4.819597342995169,4.876470676328503,5.687028985507246,5.824951690821257,558.7101449275362,18.18429951690821,931.0
292,2021-11-20 02:00:00,4.817934010695187,4.879017326203209,5.688577540106952,5.825262032085562,570.5508021390374,18.060748663101606,931.0
293,2021-11-20 03:00:00,4.818980736842105,4.88155747368421,5.690584210526316,5.8250631578947365,580.1,18.142684210526316,931.0
294,2021-11-20 04:00:00,4.823688984771574,4.886465786802031,5.6919492385786805,5.824157360406091,589.9796954314721,17.98751269035533,931.0
295,2021-11-20 05:00:00,4.819473369565217,4.8775195652173915,5.692717391304348,5.824467391304347,598.7608695652174,17.862826086956524,931.0
296,2021-11-20 06:00:00,4.828677680412371,4.87952,5.691149484536083,5.826087628865979,608.1237113402062,18.12360824742268,931.0
297,2021-11-20 07:00:00,4.866477696335079,4.911752513089005,5.68755497382199,5.825811518324607,616.0575916230366,18.60089005235602,931.0
298,2021-11-20 08:00:00,4.909148225806452,4.947309731182796,5.687440860215054,5.827236559139785,608.7795698924731,19.344247311827957,931.0
299,2021-11-20 09:00:00,4.89272375,5.03577195,5.67967,5.82328,553.91,21.4448,931.0
300,2021-11-20 10:00:00,3.9050157512953367,5.173280518134715,5.5826010362694305,5.794834196891192,554.4145077720207,27.195492227979273,931.0
301,2021-11-20 11:00:00,3.398967897435897,5.369535794871794,5.471338461538462,5.796297435897436,672.8307692307692,30.210923076923077,931.0
302,2021-11-20 12:00:00,5.414906413043478,5.755090326086957,5.588271739130435,5.714304347826087,616.8695652173913,30.239565217391306,931.0
303,2021-11-20 13:00:00,5.565728508287292,5.643666132596685,5.598419889502762,5.715027624309393,606.4751381215469,31.084640883977897,931.0
304,2021-11-20 14:00:00,5.43167238372093,5.462198779069768,5.609906976744186,5.734622093023256,441.52906976744185,28.025232558139535,931.0
305,2021-11-20 15:00:00,5.433191494845361,5.50773206185567,5.618804123711341,5.757912371134021,340.9020618556701,25.869432989690722,931.0
306,2021-11-20 16:00:00,5.399456467391304,5.422939293478261,5.616326086956522,5.773152173913044,317.4076086956522,21.57217391304348,931.0
307,2021-11-20 17:00:00,5.191043743315508,5.176183048128342,5.644315508021391,5.800053475935829,336.1550802139037,17.98288770053476,931.0
308,2021-11-20 18:00:00,5.026313259668508,5.024187900552486,5.657353591160221,5.804248618784531,368.3425414364641,17.4660773480663,931.0
309,2021-11-20 19:00:00,4.994638138297873,5.017875106382978,5.664303191489362,5.808260638297872,407.6436170212766,18.415744680851063,931.0
310,2021-11-20 20:00:00,4.978067444444444,5.012404388888889,5.668138888888889,5.807622222222222,437.46666666666664,18.221666666666668,931.0
311,2021-11-20 21:00:00,4.9463462499999995,4.98858472826087,5.673277173913044,5.810875,457.2717391304348,18.07891304347826,931.0
312,2021-11-20 22:00:00,4.934775477386935,4.983809145728643,5.675869346733669,5.813231155778895,473.2964824120603,18.048040201005026,931.0
313,2021-11-20 23:00:00,4.922972333333334,4.9760504999999995,5.6788,5.8136833333333335,488.96666666666664,17.922888888888888,948.2
314,2021-11-21 00:00:00,4.917391164021164,4.972002751322751,5.681137566137566,5.814492063492064,503.6507936507937,17.916984126984126,1060.0
315,2021-11-21 01:00:00,4.914782393617021,4.96883244680851,5.6813563829787235,5.81593085106383,516.9202127659574,17.91345744680851,1060.0
316,2021-11-21 02:00:00,4.91692195,4.97267815,5.682965,5.816575,528.6,17.9144,1060.0
317,2021-11-21 03:00:00,4.915198958333334,4.96967234375,5.684057291666666,5.817104166666667,541.109375,17.754791666666666,1060.0
318,2021-11-21 04:00:00,4.9166944444444445,4.969315555555555,5.690619047619048,5.822238095238095,554.2222222222222,17.805767195767196,1060.0
319,2021-11-21 05:00:00,4.92232125,4.97544140625,5.683869791666666,5.817140625,566.1770833333334,17.782083333333333,1060.0
320,2021-11-21 06:00:00,4.926203924731182,4.9728576344086015,5.682521505376345,5.8197043010752685,578.7150537634409,17.94467741935484,1060.0
321,2021-11-21 07:00:00,4.9675675,5.011625364583334,5.680223958333333,5.8173489583333335,589.3958333333334,18.59328125,1060.0
322,2021-11-21 08:00:00,5.034460523255814,5.080873662790697,5.680633720930232,5.819302325581395,575.9302325581396,20.031686046511627,1060.0
323,2021-11-21 09:00:00,4.925396704545455,5.222715284090909,5.6643125,5.8023181818181815,568.2556818181819,21.720056818181817,1060.0
324,2021-11-21 10:00:00,4.144409405405406,5.281440756756757,5.5793243243243245,5.785405405405405,446.14054054054054,23.61718918918919,1060.0
325,2021-11-21 11:00:00,3.684113532608696,5.289097010869566,5.50758152173913,5.807885869565218,395.35869565217394,22.57608695652174,1060.0
326,2021-11-21 12:00:00,3.4461873936170213,5.270822287234043,5.4676436170212765,5.80570744680851,427.281914893617,21.178882978723404,1060.0
327,2021-11-21 13:00:00,3.46351387434555,5.302619162303665,5.419387434554974,5.800287958115184,442.3455497382199,21.20895287958115,1060.0
328,2021-11-21 14:00:00,3.956199417989418,5.3614138095238095,5.40326455026455,5.791248677248677,478.24867724867727,20.59026455026455,1060.0
329,2021-11-21 15:00:00,4.128372642487047,5.3575663730569945,5.412321243523316,5.794430051813472,509.8497409326425,19.867461139896374,1060.0
330,2021-11-21 16:00:00,4.1504101036269425,5.328970155440415,5.396170984455958,5.793683937823834,497.26943005181346,19.12818652849741,1060.0
331,2021-11-21 17:00:00,4.109747005076143,5.242222791878172,5.375802030456852,5.787005076142131,515.4517766497462,17.567157360406092,1060.0
332,2021-11-21 18:00:00,4.041944117647059,5.120631657754011,5.356465240641711,5.785245989304812,541.2139037433155,16.30850267379679,1060.0
333,2021-11-21 19:00:00,4.003164787234042,5.058746170212766,5.346382978723404,5.792930851063829,561.4095744680851,17.45372340425532,1060.0
334,2021-11-21 20:00:00,4.0432436269430045,5.106988860103627,5.327259067357513,5.793880829015544,577.6839378238342,17.908652849740932,1060.0
335,2021-11-21 21:00:00,4.04996953125,5.089349322916667,5.30440625,5.793041666666666,591.8229166666666,17.27567708333333,1060.0
336,2021-11-21 22:00:00,4.0392197814207655,5.053958306010929,5.287459016393442,5.792562841530055,603.431693989071,17.460983606557377,1060.0
337,2021-11-21 23:00:00,4.086913701657459,5.101291767955801,5.27139226519337,5.790685082872928,615.7458563535912,18.232651933701657,988.9333333333333
338,2021-11-22 00:00:00,4.097517267759563,5.079260327868853,5.254655737704918,5.786568306010929,626.9180327868852,17.314699453551913,527.0
339,2021-11-22 01:00:00,4.082089184782609,5.043253423913043,5.246809782608696,5.786875,632.6902173913044,17.55070652173913,527.0
340,2021-11-22 02:00:00,4.109169552238806,5.059404776119402,5.234681592039801,5.786024875621891,633.3383084577115,17.568905472636814,527.0
341,2021-11-22 03:00:00,4.114469639175258,5.048963556701031,5.226051546391753,5.7854329896907215,628.7164948453608,17.595103092783503,527.0
342,2021-11-22 04:00:00,4.13023,5.0590243915343915,5.215703703703704,5.783645502645502,625.9470899470899,17.707407407407405,527.0
343,2021-11-22 05:00:00,140.99713624338622,5.056634867724868,5.211296296296297,5.783772486772487,624.005291005291,17.776084656084656,527.0
344,2021-11-22 06:00:00,4.136072121212121,5.060233888888889,5.223747474747475,5.789444444444444,621.429292929293,18.002121212121214,527.0
345,2021-11-22 07:00:00,4.154072067039106,5.06840938547486,5.221631284916201,5.783072625698324,604.608938547486,18.243575418994414,527.0
346,2021-11-22 08:00:00,4.1703633830845765,5.068330298507463,5.234915422885573,5.782059701492537,586.4378109452737,18.51960199004975,527.0
347,2021-11-22 09:00:00,4.181802181818182,5.084787818181818,5.2446363636363635,5.782963636363636,557.4,19.101454545454544,527.0
348,2021-11-22 10:00:00,3.7637813333333336,5.260569333333334,5.357066666666666,5.751,577.8666666666667,19.896666666666665,527.0
349,2021-11-22 11:00:00,3.6173754878048783,5.2224637804878045,5.348914634146341,5.746207317073171,543.219512195122,19.637134146341467,527.0
350,2021-11-22 12:00:00,3.3330473770491804,5.209785409836066,5.318426229508196,5.7432786885245894,587.4426229508197,19.764098360655737,527.0
351,2021-11-22 13:00:00,3.3070199428571425,5.171638514285714,5.273131428571428,5.752874285714285,608.5885714285714,18.95662857142857,527.0
352,2021-11-22 14:00:00,3.3279322413793104,5.108627816091954,5.2385,5.755505747126437,619.0229885057471,18.091034482758623,527.0
353,2021-11-22 15:00:00,3.322235891891892,5.104688324324324,5.201621621621621,5.75607027027027,568.9567567567567,18.59718918918919,527.0
354,2021-11-22 16:00:00,3.327592486772487,5.107291798941799,5.163095238095238,5.75257142857143,550.7777777777778,18.18116402116402,527.0
355,2021-11-22 17:00:00,3.263165738636364,5.035190738636364,5.13625,5.752125,553.4090909090909,16.785681818181818,527.0
356,2021-11-22 18:00:00,3.2185448924731186,4.966935483870968,5.131150537634409,5.7543225806451614,583.7204301075269,16.182741935483868,527.0
357,2021-11-22 19:00:00,3.189104789473684,4.914264,5.117652631578948,5.757257894736842,585.0421052631579,16.004947368421053,527.0
358,2021-11-22 20:00:00,3.1630729834254145,4.8938724861878455,5.114011049723756,5.756204419889503,582.4585635359116,15.997458563535911,527.0
359,2021-11-22 21:00:00,3.1544171065989848,4.89788578680203,5.125908629441624,5.7556091370558375,571.725888324873,16.376598984771572,527.0
360,2021-11-22 22:00:00,3.159009417989418,4.904711433862434,5.143529100529101,5.754989417989418,566.4603174603175,16.31994708994709,527.0
361,2021-11-22 23:00:00,3.174988510638298,4.908548776595745,5.159946808510638,5.752074468085107,558.9148936170212,16.364308510638296,513.2666666666667
362,2021-11-23 00:00:00,3.1874648087431696,4.902685956284153,5.1817213114754095,5.751754098360656,550.4535519125683,16.298579234972678,424.0
363,2021-11-23 01:00:00,3.199704708737864,4.8965725242718445,5.216092233009709,5.752043689320389,535.5776699029126,16.53504854368932,424.0
364,2021-11-23 02:00:00,3.2124416580310884,4.887766683937824,5.235849740932642,5.748968911917098,530.2227979274611,16.453886010362694,424.0
365,2021-11-23 03:00:00,3.2221315819209035,4.874129830508475,5.23222033898305,5.750129943502825,525.4915254237288,16.374406779661015,424.0
366,2021-11-23 04:00:00,3.2136806217616583,4.87284860103627,5.230243523316062,5.750538860103627,516.1865284974093,16.481036269430053,424.0
367,2021-11-23 05:00:00,3.2082172395833335,4.87392703125,5.224177083333333,5.750348958333333,512.0729166666666,16.63473958333333,424.0
368,2021-11-23 06:00:00,3.210118941798942,4.869440317460318,5.2192380952380955,5.750497354497354,511.69312169312167,16.98142857142857,424.0
369,2021-11-23 07:00:00,3.208845721393035,4.886953432835821,5.239064676616915,5.750223880597015,527.8855721393035,17.415024875621892,424.0
370,2021-11-23 08:00:00,3.2472542307692307,4.904354065934066,5.220741758241758,5.74856043956044,550.5824175824176,17.770824175824174,424.0
371,2021-11-23 09:00:00,3.2353531428571425,4.991856457142857,5.1806,5.734108571428572,602.12,19.716685714285713,424.0
372,2021-11-23 10:00:00,2.9791772192513366,5.035697593582888,5.218844919786096,5.690614973262032,557.663101604278,20.87812834224599,424.0
373,2021-11-23 11:00:00,2.8312834391534394,5.0928011640211635,5.245608465608465,5.691068783068784,661.5185185185185,21.78232804232804,424.0
374,2021-11-23 12:00:00,2.80235635359116,5.175099723756906,5.218370165745856,5.6923093922651935,567.1160220994475,20.2278453038674,424.0
375,2021-11-23 13:00:00,2.8182575418994413,5.100239273743017,5.153385474860335,5.696603351955307,641.4413407821229,18.783966480446928,424.0
376,2021-11-23 14:00:00,2.8649758241758243,5.070739945054945,5.053978021978022,5.703016483516484,585.9615384615385,18.88692307692308,424.0
377,2021-11-23 15:00:00,2.8209577586206898,5.055414252873563,4.9687356321839085,5.7011609195402295,541.1149425287356,19.09816091954023,424.0
378,2021-11-23 16:00:00,2.753669142857143,4.939887047619047,5.041228571428571,5.690152380952381,521.495238095238,16.835619047619048,424.0
379,2021-11-23 17:00:00,2.736518402061856,4.894644948453608,5.075128865979382,5.690273195876289,581.4329896907217,17.093556701030927,424.0
380,2021-11-23 18:00:00,2.732357446808511,4.84787664893617,5.082914893617021,5.688904255319148,608.5,16.15473404255319,424.0
381,2021-11-23 19:00:00,2.678483563218391,4.781495114942529,5.097758620689655,5.690936781609195,565.948275862069,16.2,424.0
382,2021-11-23 20:00:00,2.6546524489795917,4.75323387755102,5.169474489795919,5.690852040816326,552.7295918367347,15.994948979591838,424.0
383,2021-11-23 21:00:00,2.6189652582159626,4.715646807511737,5.213258215962441,5.6906807511737085,524.0046948356808,16.19488262910798,424.0
384,2021-11-23 22:00:00,2.5924451832460735,4.688044816753926,5.223628272251308,5.689078534031414,515.261780104712,15.961518324607331,424.0
385,2021-11-23 23:00:00,2.5893017112299463,4.694296096256685,5.256058823529412,5.685791443850267,509.331550802139,16.453582887700534,426.1333333333333
386,2021-11-24 00:00:00,2.591554293193717,4.6764787434554975,5.229607329842932,5.6841675392670155,497.08376963350787,15.920994764397905,440.0
387,2021-11-24 01:00:00,2.5751198958333332,4.657870104166666,5.238364583333333,5.6819114583333326,485.2864583333333,16.220885416666665,440.0
388,2021-11-24 02:00:00,2.6045427604166664,4.646686302083333,5.177505208333334,5.680385416666667,489.2447916666667,15.905364583333332,440.0
389,2021-11-24 03:00:00,2.623919789473684,4.6575805263157894,5.14438947368421,5.679394736842106,484.06315789473683,16.18936842105263,440.0
390,2021-11-24 04:00:00,2.61459405,4.62277485,5.11839,5.677994999999999,478.825,15.8794,440.0
391,2021-11-24 05:00:00,2.66935703125,4.651465,5.050635416666666,5.677973958333333,489.6354166666667,16.256614583333334,440.0
392,2021-11-24 06:00:00,2.692029944444444,4.654983394444445,5.000761111111111,5.67945,483.43333333333334,16.401055555555555,440.0
393,2021-11-24 07:00:00,2.745894717948718,4.693334256410257,4.958235897435897,5.6786102564102565,495.374358974359,17.055179487179487,440.0
394,2021-11-24 08:00:00,2.796154030612245,4.722359744897959,4.880525510204081,5.676219387755102,503.7142857142857,17.29076530612245,440.0
395,2021-11-24 09:00:00,2.812266793478261,4.773386739130435,4.922347826086956,5.676228260869565,590.429347826087,19.205380434782608,440.0
396,2021-11-24 10:00:00,2.7102295024875622,4.911821592039801,5.218134328358209,5.602328358208955,551.457711442786,24.691592039800994,440.0
397,2021-11-24 11:00:00,2.9140409929078013,5.498994184397163,5.2636666666666665,5.608347517730497,505.39716312056737,28.742127659574468,440.0
398,2021-11-24 12:00:00,6.498567382198953,6.8397746073298435,5.453696335078534,5.640020942408377,454.27225130890054,28.19628272251309,440.0
399,2021-11-24 13:00:00,6.7253123350253805,6.839220406091371,5.4990000000000006,5.661741116751269,532.4517766497462,22.926395939086294,440.0
400,2021-11-24 14:00:00,6.625076342857143,6.731443142857143,5.51312,5.676628571428571,512.0742857142857,22.99462857142857,440.0
401,2021-11-24 15:00:00,6.557584702380953,6.718129404761904,5.522767857142857,5.684,464.57738095238096,21.092738095238094,440.0
402,2021-11-24 16:00:00,6.394758225806452,6.5450412903225805,5.534612903225807,5.689456989247312,441.55913978494624,18.049354838709675,440.0
403,2021-11-24 17:00:00,6.208649081632654,6.3106693877551026,5.543382653061224,5.6980306122448985,443.2244897959184,16.480102040816327,440.0
404,2021-11-24 18:00:00,6.16629,6.277500815217391,5.545070652173913,5.705228260869565,468.7445652173913,17.42641304347826,440.0
405,2021-11-24 19:00:00,6.188790423280423,6.299056455026456,5.548047619047619,5.705777777777778,487.1111111111111,17.72873015873016,440.0
406,2021-11-24 20:00:00,6.210004846938776,6.313061275510204,5.550974489795919,5.704030612244898,502.4642857142857,17.782602040816325,440.0
407,2021-11-24 21:00:00,6.202226683673469,6.299082295918367,5.553051020408163,5.702500000000001,513.6275510204082,17.677806122448978,440.0
408,2021-11-24 22:00:00,6.2117265,6.313159349999999,5.552675000000001,5.69992,526.095,17.88775,440.0
409,2021-11-24 23:00:00,6.213258852459017,6.3086,5.551453551912568,5.699174863387978,537.103825136612,17.674371584699454,492.4
410,2021-11-25 00:00:00,6.213528900523561,6.305224293193717,5.5509476439790575,5.700115183246073,546.937172774869,17.671465968586386,833.0
411,2021-11-25 01:00:00,6.213009510869565,6.300877282608695,5.551260869565217,5.7001739130434785,556.2663043478261,17.579021739130436,833.0
412,2021-11-25 02:00:00,6.210772901554405,6.297268445595855,5.551678756476684,5.6995336787564765,565.0673575129533,17.451917098445595,833.0
413,2021-11-25 03:00:00,6.211631407035176,6.299137738693466,5.550407035175879,5.697522613065327,573.3266331658291,17.397688442211056,833.0
414,2021-11-25 04:00:00,6.213871894736842,6.297303,5.552621052631579,5.697768421052632,581.4736842105264,17.34342105263158,833.0
415,2021-11-25 05:00:00,6.218552,6.300499736842105,5.551584210526316,5.69718947368421,589.8526315789474,17.42236842105263,833.0
416,2021-11-25 06:00:00,6.2158198958333335,6.29036421875,5.551776041666667,5.694786458333333,598.4375,17.303177083333335,833.0
417,2021-11-25 07:00:00,6.215516105263157,6.282658315789473,5.552505263157894,5.696078947368422,604.5684210526316,17.468052631578946,833.0
418,2021-11-25 08:00:00,6.267996363636364,6.331441515151515,5.550414141414142,5.696409090909092,599.5252525252525,18.44792929292929,833.0
419,2021-11-25 09:00:00,6.350861388888889,6.407602222222222,5.550138888888889,5.698611111111111,584.2222222222222,20.017777777777777,833.0
420,2021-11-26 11:00:00,6.319993795620438,6.4172301459854015,5.581934306569344,5.691576642335766,460.6715328467153,30.424160583941603,938.0
421,2021-11-26 12:00:00,6.08798674556213,6.014528639053254,5.592218934911243,5.702284023668639,523.4201183431952,31.47958579881657,938.0
422,2021-11-26 13:00:00,5.694771290322581,5.6500213978494624,5.611155913978495,5.711096774193548,535.3548387096774,34.114623655913974,938.0
423,2021-11-26 14:00:00,5.514392146892655,5.497011581920904,5.615429378531074,5.722265536723164,514.9378531073446,29.850677966101692,938.0
424,2021-11-26 15:00:00,5.4304428494623656,5.533689946236558,5.614537634408602,5.741677419354839,427.48924731182797,27.50715053763441,938.0
425,2021-11-26 16:00:00,5.379931487179487,5.421618974358974,5.609379487179487,5.751651282051283,425.8820512820513,20.095435897435898,938.0
426,2021-11-26 17:00:00,5.222017619047619,5.185557407407408,5.61105291005291,5.771037037037036,486.978835978836,17.423544973544974,938.0
427,2021-11-26 18:00:00,5.168065191256831,5.141562131147541,5.608978142076503,5.770486338797815,514.7814207650273,17.941147540983607,938.0
428,2021-11-26 19:00:00,5.147952620320856,5.15183128342246,5.612802139037433,5.768684491978609,529.5614973262032,18.341550802139036,938.0
429,2021-11-26 20:00:00,5.142204946236559,5.162666021505377,5.615360215053764,5.766263440860215,540.1344086021505,18.286236559139784,938.0
430,2021-11-26 21:00:00,5.12318262886598,5.150706546391753,5.6159690721649485,5.7636855670103095,549.860824742268,18.064123711340205,938.0
431,2021-11-26 22:00:00,5.123347688442212,5.151672814070352,5.612793969849246,5.763361809045225,561.7788944723618,18.155477386934674,938.0
432,2021-11-26 23:00:00,5.1250388,5.1486995,5.610975,5.760454999999999,589.845,18.0568,976.5
433,2021-11-27 00:00:00,5.1254001058201055,5.150108148148148,5.610925925925925,5.757322751322752,614.6772486772487,18.122592592592593,1169.0
434,2021-11-27 01:00:00,5.118777643678161,5.143923333333333,5.609298850574713,5.754890804597701,632.9655172413793,17.93212643678161,1169.0
435,2021-11-27 02:00:00,5.122028429319371,5.144862879581152,5.606769633507853,5.751659685863874,637.5811518324607,17.92759162303665,1169.0
436,2021-11-27 03:00:00,5.111031128205128,5.13444,5.6066,5.747574358974359,639.4205128205128,17.813641025641026,1169.0
437,2021-11-27 04:00:00,5.0917254644808745,5.120622950819672,5.607267759562842,5.746928961748634,636.3825136612022,17.78120218579235,1169.0
438,2021-11-27 05:00:00,5.075197120418848,5.109528481675393,5.606664921465969,5.7511623036649215,639.4869109947643,17.715759162303666,1169.0
439,2021-11-27 06:00:00,5.072652681564246,5.108802011173184,5.605944134078213,5.742977653631285,623.5698324022346,18.154301675977653,1169.0
440,2021-11-27 07:00:00,5.069958571428572,5.111421164021164,5.604640211640212,5.741026455026455,616.5820105820105,18.15222222222222,1169.0
441,2021-11-27 08:00:00,5.080075935828877,5.105171871657754,5.604711229946525,5.740786096256684,628.7754010695187,17.959732620320853,1169.0
442,2021-11-27 09:00:00,4.710983409090909,5.2074746969696974,5.596189393939394,5.706492424242424,559.2651515151515,22.515075757575755,1169.0
443,2021-11-27 10:00:00,3.771549,5.316623,5.583799999999999,5.695654545454546,454.1545454545454,29.684727272727276,1169.0
444,2021-11-27 13:00:00,5.15301338028169,5.198024788732394,5.602183098591549,5.6984647887323945,473.15492957746477,35.24845070422535,1169.0
445,2021-11-27 14:00:00,5.04283005235602,5.136749057591623,5.60779057591623,5.708958115183246,481.29319371727746,30.36523560209424,1169.0
446,2021-11-27 15:00:00,4.979120418848167,5.136504240837697,13904.739921465969,5.743942408376964,367.9895287958115,28.34460732984293,1169.0
447,2021-11-27 16:00:00,4.911816615384615,5.018252205128205,5.624764102564102,5.756117948717948,381.8871794871795,20.300256410256413,1169.0
448,2021-11-27 17:00:00,4.754711398963731,4.7876882383419685,5.627704663212435,5.771948186528497,392.95336787564764,16.859274611398966,1169.0
449,2021-11-27 18:00:00,4.667602819148936,4.7166193617021275,5.639053191489362,5.77663829787234,414.63829787234044,17.715425531914892,1169.0
450,2021-11-27 19:00:00,4.648821884816754,4.724134188481675,5.644424083769634,5.774869109947644,431.1151832460733,17.960261780104712,1169.0
451,2021-11-27 20:00:00,4.648120534759358,4.733210320855615,5.647770053475936,5.775588235294118,466.620320855615,18.202139037433156,1169.0
452,2021-11-27 21:00:00,4.6753502631578945,4.760275315789474,5.64788947368421,5.777431578947368,500.4578947368421,18.554,1169.0
453,2021-11-27 22:00:00,4.680739375,4.76446828125,5.649036458333334,5.777109374999999,501.9739583333333,18.335572916666667,1169.0
454,2021-11-27 23:00:00,4.674447165775401,4.758712673796792,5.64887165775401,5.776326203208556,509.5935828877005,18.2255614973262,1169.6666666666667
455,2021-11-28 00:00:00,4.660624207920792,4.750191435643565,5.651772277227722,5.7754702970297025,517.8069306930693,18.15227722772277,1173.0
456,2021-11-28 01:00:00,4.650375005376344,4.741850752688172,5.651924731182796,5.776258064516129,526.3064516129032,18.079408602150536,1173.0
457,2021-11-28 02:00:00,4.641410326086956,4.732820380434783,5.652869565217391,5.77579347826087,533.0271739130435,18.114945652173912,1173.0
458,2021-11-28 03:00:00,4.6377479329608935,4.730880782122905,5.652804469273743,5.774787709497206,540.5083798882681,18.091229050279328,1173.0
459,2021-11-28 04:00:00,4.633536228571429,4.7221468,5.654611428571429,5.773257142857143,549.4057142857143,18.058,1173.0
460,2021-11-28 05:00:00,4.648342708333334,4.732625416666667,5.652256944444444,5.7739722222222225,551.1388888888889,18.47138888888889,1173.0
