,farm_id,number,date,heightOfTheFlowerTruss
0,tom1,052,20220101,27.5
1,tom1,055,20220101,46.69
2,tom1,056,20220101,49.63
3,tom1,057,20220101,28.67
4,tom1,058,20220101,36.5
5,tom1,059,20220101,47.33
6,tom1,060,20220101,52.21
7,tom1,062,20220101,31.72
8,tom1,063,20220101,28.14
9,tom1,064,20220101,21.45
10,tom1,065,20220101,32.57
11,tom1,068,20220101,60.25
12,tom1,071,20220101,39.86
13,tom1,071,20220101,32.88
14,tom1,072,20220101,33.77
15,tom1,073,20220101,35.08
16,tom1,075,20220101,24.5
17,tom1,079,20220101,47.19
18,tom1,081,20220101,61.81
19,tom1,082,20220101,37.91
20,tom1,084,20220101,34.62
21,tom1,085,20220101,35.22
22,tom1,086,20220101,45.63
23,tom1,087,20220101,32.92
24,tom1,088,20220102,46.73
25,tom1,090,20220102,14.34
26,tom1,091,20220102,19.75
27,tom1,095,20220102,15.54
28,tom1,061,20210909,28.64
29,tom1,062,20210909,22.19
30,tom1,063,20210909,20.99
31,tom1,064,20210909,34.87
32,tom1,065,20210909,21.98
33,tom1,068,20210909,18.97
34,tom1,069,20210909,29.56
35,tom1,070,20210909,27.5
36,tom1,071,20210908,20.14
37,tom1,072,20210908,31.4
38,tom1,073,20210908,29.59
39,tom1,074,20210908,38.09
40,tom1,075,20210908,19.54
41,tom1,076,20210908,17.84
42,tom1,077,20210908,28.99
43,tom1,078,20210908,16.71
44,tom1,080,20210908,21.42
45,tom1,082,20210908,21.98
46,tom1,084,20210908,24.39
47,tom1,085,20210908,21.98
48,tom1,086,20210908,43.5
49,tom1,087,20210908,17.7
50,tom1,088,20210908,18.41
51,tom1,090,20210908,31.36
52,tom1,091,20210908,21.38
53,tom1,094,20210908,25.91
54,tom1,096,20210908,14.23
55,tom1,099,20210908,35.4
56,tom1,100,20210908,16.67
57,tom1,100,20210908,13.84
58,tom1,100,20210908,16.57
59,tom1,001,20210930,20.28
60,tom1,002,20210930,12.92
61,tom1,003,20210930,11.22
62,tom1,003,20210930,35.12
63,tom1,004,20210930,16.07
64,tom1,004,20210930,23.22
65,tom1,005,20210930,38.16
66,tom1,006,20210930,9.1
67,tom1,006,20210930,12.07
68,tom1,007,20210930,11.12
69,tom1,008,20210930,26.19
70,tom1,008,20210930,24.71
71,tom1,009,20210930,9.73
72,tom1,010,20210930,17.13
73,tom1,011,20210930,29.84
74,tom1,011,20210930,29.38
75,tom1,012,20210930,13.1
76,tom1,013,20210930,
77,tom1,014,20210930,21.88
78,tom1,014,20210930,
79,tom1,015,20210930,17.27
80,tom1,016,20210930,3.96
81,tom1,017,20210930,37.52
82,tom1,018,20210930,9.45
83,tom1,019,20210930,18.83
84,tom1,021,20210930,50.65
85,tom1,022,20210930,9.77
86,tom1,023,20210930,5.35
87,tom1,024,20210930,13.27
88,tom1,025,20210930,6.05
89,tom1,025,20210930,43.61
90,tom1,026,20210930,44.18
91,tom1,027,20210930,12.28
92,tom1,027,20210930,10.65
93,tom1,028,20210930,16.99
94,tom1,028,20210930,
95,tom1,029,20210930,32.0
96,tom1,030,20210930,13.24
97,tom1,030,20210930,13.38
98,tom1,031,20211002,4.11
99,tom1,031,20211002,4.18
100,tom1,033,20211002,13.06
101,tom1,033,20211002,17.95
102,tom1,033,20211002,14.05
103,tom1,033,20211002,15.61
104,tom1,034,20211002,6.73
105,tom1,034,20211002,6.73
106,tom1,035,20211002,5.45
107,tom1,036,20211002,6.3
108,tom1,036,20211002,7.96
109,tom1,036,20211002,6.41
110,tom1,037,20211002,8.57
111,tom1,037,20211002,6.83
112,tom1,038,20211001,48.25
113,tom1,039,20211001,4.74
114,tom1,039,20211001,11.01
115,tom1,042,20211001,26.27
116,tom1,042,20211001,30.58
117,tom1,044,20211001,13.27
118,tom1,045,20211001,7.79
119,tom1,045,20211001,44.96
120,tom1,046,20211001,7.68
121,tom1,047,20211001,10.16
122,tom1,048,20211001,32.18
123,tom1,048,20211001,24.64
124,tom1,049,20211001,13.63
125,tom1,049,20211001,
126,tom1,050,20211001,12.46
127,tom1,050,20211001,10.97
128,tom1,051,20211001,5.98
129,tom1,051,20211001,6.94
130,tom1,053,20211001,20.96
131,tom1,054,20211001,24.35
132,tom1,055,20211001,
133,tom1,056,20211001,29.45
134,tom1,056,20211001,33.35
135,tom1,057,20211001,11.72
136,tom1,057,20211001,13.66
137,tom1,058,20211001,16.99
138,tom1,058,20211001,52.35
139,tom1,058,20211001,6.9
140,tom1,058,20211001,10.19
141,tom1,059,20211001,49.35
142,tom1,060,20211001,8.11
143,tom1,060,20211001,8.92
144,tom1,062,20211002,7.75
145,tom1,062,20211002,9.84
146,tom1,063,20211002,9.88
147,tom1,063,20211002,10.02
148,tom1,064,20211002,11.43
149,tom1,064,20211002,
150,tom1,065,20211002,9.03
151,tom1,065,20211002,42.73
152,tom1,066,20211002,10.87
153,tom1,067,20211002,25.73
154,tom1,069,20211002,8.57
155,tom1,069,20211002,7.12
156,tom1,070,20211002,11.12
157,tom1,071,20211002,5.03
158,tom1,072,20211002,7.82
159,tom1,073,20211002,19.79
160,tom1,074,20211002,21.35
161,tom1,074,20211002,74.9
162,tom1,075,20211002,6.23
163,tom1,075,20211002,40.74
164,tom1,076,20211002,8.78
165,tom1,076,20211002,7.12
166,tom1,077,20211002,16.39
167,tom1,077,20211002,
168,tom1,078,20211002,23.79
169,tom1,078,20211002,59.47
170,tom1,079,20211002,30.73
171,tom1,079,20211002,20.57
172,tom1,080,20211002,37.56
173,tom1,080,20211002,
174,tom1,081,20211002,11.01
175,tom1,081,20211002,8.99
176,tom1,082,20211002,10.09
177,tom1,082,20211002,8.42
178,tom1,083,20211002,8.25
179,tom1,083,20211002,8.64
180,tom1,084,20211002,15.58
181,tom1,085,20211002,25.49
182,tom1,085,20211002,
183,tom1,086,20211002,
184,tom1,087,20211002,
185,tom1,088,20211002,10.37
186,tom1,088,20211002,
187,tom1,089,20211002,5.91
188,tom1,089,20211002,5.91
189,tom1,090,20211002,5.98
190,tom1,090,20211002,7.15
191,tom1,091,20211002,39.19
192,tom1,091,20211002,35.33
193,tom1,092,20211002,17.98
194,tom1,092,20211002,12.64
195,tom1,093,20211002,15.12
196,tom1,093,20211002,13.2
197,tom1,094,20211002,16.85
198,tom1,095,20211002,15.29
199,tom1,095,20211002,18.05
200,tom1,096,20211002,21.24
201,tom1,097,20211002,11.96
202,tom1,098,20211002,11.22
203,tom1,098,20211002,14.3
204,tom1,100,20211002,30.16
205,tom1,001,20211006,15.47
206,tom1,001,20211006,13.27
207,tom1,002,20211006,7.08
208,tom1,002,20211006,4.96
209,tom1,002,20211006,5.88
210,tom1,003,20211006,17.81
211,tom1,004,20211006,9.98
212,tom1,004,20211006,8.21
213,tom1,005,20211006,14.27
214,tom1,005,20211006,8.28
215,tom1,007,20211006,8.74
216,tom1,008,20211006,15.08
217,tom1,009,20211006,6.23
218,tom1,009,20211006,5.56
219,tom1,012,20211006,8.53
220,tom1,013,20211006,15.72
221,tom1,013,20211006,17.27
222,tom1,014,20211006,11.33
223,tom1,014,20211006,12.39
224,tom1,015,20211006,9.56
225,tom1,015,20211006,9.59
226,tom1,016,20211006,14.8
227,tom1,016,20211006,12.14
228,tom1,017,20211006,19.65
229,tom1,017,20211006,16.88
230,tom1,018,20211006,5.81
231,tom1,019,20211006,9.66
232,tom1,019,20211006,9.27
233,tom1,020,20211006,3.93
234,tom1,021,20211007,7.01
235,tom1,021,20211007,5.95
236,tom1,022,20211007,23.47
237,tom1,023,20211007,22.48
238,tom1,024,20211007,12.99
239,tom1,024,20211007,10.69
240,tom1,025,20211007,19.58
241,tom1,026,20211007,9.38
242,tom1,026,20211007,7.72
243,tom1,027,20211007,9.95
244,tom1,027,20211007,7.82
245,tom1,029,20211007,20.96
246,tom1,029,20211007,21.1
247,tom1,031,20211007,15.89
248,tom1,032,20211007,15.29
249,tom1,032,20211007,16.99
250,tom1,033,20211007,12.67
251,tom1,034,20211007,9.45
252,tom1,037,20211007,22.3
253,tom1,037,20211007,20.64
254,tom1,038,20211007,11.86
255,tom1,039,20211007,10.3
256,tom1,040,20211007,9.49
257,tom1,041,20211007,8.88
258,tom1,042,20211007,9.06
259,tom1,043,20211007,12.14
260,tom1,043,20211007,11.43
261,tom1,044,20211007,25.35
262,tom1,044,20211007,10.65
263,tom1,044,20211007,10.8
264,tom1,046,20211007,23.26
265,tom1,047,20211007,12.71
266,tom1,048,20211007,14.27
267,tom1,049,20211007,13.35
268,tom1,049,20211007,11.19
269,tom1,050,20211007,6.83
270,tom1,051,20211008,22.19
271,tom1,051,20211008,27.96
272,tom1,052,20211008,19.89
273,tom1,052,20211008,14.37
274,tom1,053,20211008,14.65
275,tom1,054,20211008,
276,tom1,056,20211008,23.54
277,tom1,057,20211008,6.73
278,tom1,058,20211008,11.29
279,tom1,059,20211008,10.58
280,tom1,059,20211008,12.14
281,tom1,060,20211008,2.94
282,tom1,062,20211008,8.39
283,tom1,063,20211008,24.78
284,tom1,064,20211008,10.97
285,tom1,065,20211008,11.96
286,tom1,065,20211008,10.16
287,tom1,067,20211008,19.36
288,tom1,067,20211008,9.98
289,tom1,068,20211008,6.94
290,tom1,069,20211008,22.19
291,tom1,070,20211008,6.87
292,tom1,071,20211009,5.77
293,tom1,072,20211009,8.28
294,tom1,073,20211009,14.8
295,tom1,074,20211009,15.58
296,tom1,075,20211009,13.52
297,tom1,077,20211009,12.6
298,tom1,077,20211009,10.55
299,tom1,078,20211009,12.11
300,tom1,079,20211009,18.27
301,tom1,080,20211009,21.24
302,tom1,081,20211009,31.61
303,tom1,081,20211009,26.76
304,tom1,083,20211009,12.04
305,tom1,083,20211009,9.31
306,tom1,084,20211009,21.42
307,tom1,084,20211009,21.95
308,tom1,085,20211009,18.51
309,tom1,085,20211009,14.12
310,tom1,086,20211009,26.9
311,tom1,086,20211009,33.73
312,tom1,087,20211009,8.53
313,tom1,088,20211009,22.8
314,tom1,088,20211009,29.38
315,tom1,089,20211009,9.38
316,tom1,089,20211009,6.41
317,tom1,091,20211009,32.92
318,tom1,092,20211009,15.22
319,tom1,092,20211009,12.07
320,tom1,093,20211009,20.96
321,tom1,094,20211009,13.95
322,tom1,095,20211009,11.58
323,tom1,095,20211009,10.34
324,tom1,096,20211009,14.8
325,tom1,096,20211009,15.65
326,tom1,097,20211009,8.07
327,tom1,097,20211009,8.39
328,tom1,099,20211009,15.19
329,tom1,099,20211009,15.15
330,tom1,100,20211009,31.29
331,tom1,100,20211009,27.93
332,tom1,001,20211011,7.96
333,tom1,002,20211011,21.95
334,tom1,002,20211011,
335,tom1,003,20211011,22.41
336,tom1,003,20211011,
337,tom1,004,20211011,10.69
338,tom1,004,20211011,7.54
339,tom1,005,20211011,26.55
340,tom1,006,20211011,19.79
341,tom1,007,20211011,
342,tom1,008,20211011,6.69
343,tom1,008,20211011,
344,tom1,010,20211011,9.52
345,tom1,012,20211011,9.77
346,tom1,012,20211011,9.95
347,tom1,013,20211011,
348,tom1,014,20211011,11.12
349,tom1,014,20211011,
350,tom1,015,20211011,6.62
351,tom1,015,20211011,7.93
352,tom1,016,20211011,6.87
353,tom1,016,20211011,
354,tom1,017,20211011,15.47
355,tom1,018,20211011,
356,tom1,019,20211011,7.19
357,tom1,020,20211011,14.58
358,tom1,022,20211012,21.59
359,tom1,023,20211012,17.17
360,tom1,023,20211012,14.23
361,tom1,024,20211012,23.75
362,tom1,024,20211012,27.43
363,tom1,025,20211012,17.56
364,tom1,026,20211012,21.77
365,tom1,026,20211012,16.85
366,tom1,027,20211012,19.26
367,tom1,027,20211012,18.16
368,tom1,028,20211012,8.78
369,tom1,029,20211012,13.17
370,tom1,029,20211012,14.65
371,tom1,030,20211012,22.12
372,tom1,031,20211012,10.62
373,tom1,032,20211012,13.84
374,tom1,032,20211012,
375,tom1,033,20211012,6.87
376,tom1,033,20211012,6.62
377,tom1,034,20211012,10.8
378,tom1,035,20211012,9.17
379,tom1,036,20211012,11.75
380,tom1,037,20211012,22.37
381,tom1,038,20211012,27.75
382,tom1,039,20211012,21.24
383,tom1,039,20211012,19.08
384,tom1,040,20211012,15.12
385,tom1,041,20211013,22.9
386,tom1,042,20211013,37.45
387,tom1,042,20211013,33.31
388,tom1,043,20211013,21.73
389,tom1,043,20211013,21.77
390,tom1,044,20211013,26.55
391,tom1,044,20211013,25.42
392,tom1,045,20211013,21.81
393,tom1,045,20211013,
394,tom1,046,20211013,
395,tom1,047,20211013,24.0
396,tom1,048,20211013,11.01
397,tom1,049,20211013,5.81
398,tom1,050,20211013,18.9
399,tom1,050,20211013,17.84
400,tom1,051,20211013,20.32
401,tom1,051,20211013,16.25
402,tom1,052,20211013,12.46
403,tom1,052,20211013,7.12
404,tom1,053,20211013,
405,tom1,054,20211013,8.42
406,tom1,056,20211013,9.17
407,tom1,057,20211013,16.0
408,tom1,058,20211013,6.62
409,tom1,059,20211013,25.03
410,tom1,060,20211013,15.19
411,tom1,060,20211013,21.31
412,tom1,061,20211014,9.27
413,tom1,062,20211014,5.56
414,tom1,063,20211014,18.02
415,tom1,063,20211014,19.15
416,tom1,064,20211014,
417,tom1,065,20211014,7.08
418,tom1,065,20211014,
419,tom1,066,20211014,9.35
420,tom1,067,20211014,6.9
421,tom1,069,20211014,11.19
422,tom1,070,20211014,1.73
423,tom1,071,20211014,19.33
424,tom1,071,20211014,19.01
425,tom1,072,20211014,27.61
426,tom1,073,20211014,10.94
427,tom1,073,20211014,10.34
428,tom1,075,20211014,20.14
429,tom1,075,20211014,18.87
430,tom1,076,20211014,17.17
431,tom1,076,20211014,19.58
432,tom1,077,20211014,25.84
433,tom1,077,20211014,19.15
434,tom1,079,20211014,8.42
435,tom1,079,20211014,7.58
436,tom1,080,20211014,12.0
437,tom1,080,20211014,17.59
438,tom1,081,20211015,21.73
439,tom1,081,20211015,22.12
440,tom1,082,20211015,23.01
441,tom1,082,20211015,20.14
442,tom1,083,20211015,7.33
443,tom1,083,20211015,7.19
444,tom1,084,20211015,17.52
445,tom1,084,20211015,15.29
446,tom1,085,20211015,8.07
447,tom1,085,20211015,7.5
448,tom1,085,20211015,6.97
449,tom1,086,20211015,18.23
450,tom1,087,20211015,6.97
451,tom1,087,20211015,6.51
452,tom1,088,20211015,7.68
453,tom1,088,20211015,9.13
454,tom1,089,20211015,40.11
455,tom1,089,20211015,13.06
456,tom1,089,20211015,10.58
457,tom1,090,20211015,7.43
458,tom1,091,20211015,17.84
459,tom1,092,20211015,4.32
460,tom1,093,20211015,9.77
461,tom1,093,20211015,12.85
462,tom1,094,20211015,43.54
463,tom1,095,20211015,7.33
464,tom1,096,20211015,9.95
465,tom1,096,20211015,
466,tom1,097,20211015,45.45
467,tom1,097,20211015,37.13
468,tom1,098,20211015,
469,tom1,099,20211015,8.07
470,tom1,100,20211015,14.83
471,tom1,001,20211018,
472,tom1,002,20211018,15.79
473,tom1,003,20211018,
474,tom1,004,20211018,
475,tom1,005,20211018,20.04
476,tom1,006,20211018,15.65
477,tom1,006,20211018,
478,tom1,007,20211018,
479,tom1,007,20211018,13.38
480,tom1,008,20211018,23.54
481,tom1,009,20211018,6.58
482,tom1,010,20211018,
483,tom1,011,20211018,16.46
484,tom1,011,20211018,
485,tom1,012,20211018,27.82
486,tom1,012,20211018,20.18
487,tom1,013,20211018,34.94
488,tom1,013,20211018,37.77
489,tom1,014,20211018,6.09
490,tom1,014,20211018,
491,tom1,015,20211018,26.44
492,tom1,015,20211018,
493,tom1,016,20211018,18.8
494,tom1,016,20211018,17.17
495,tom1,017,20211018,9.2
496,tom1,017,20211018,7.5
497,tom1,018,20211018,13.91
498,tom1,018,20211018,11.96
499,tom1,019,20211018,17.59
500,tom1,019,20211018,19.08
501,tom1,020,20211018,8.85
502,tom1,020,20211018,
503,tom1,021,20211019,19.36
504,tom1,021,20211019,
505,tom1,022,20211019,21.24
506,tom1,023,20211019,14.02
507,tom1,023,20211019,21.88
508,tom1,024,20211019,12.32
509,tom1,025,20211019,11.26
510,tom1,025,20211019,10.41
511,tom1,026,20211019,6.9
512,tom1,027,20211019,15.5
513,tom1,028,20211019,22.41
514,tom1,028,20211019,23.26
515,tom1,029,20211019,9.59
516,tom1,030,20211019,19.26
517,tom1,031,20211020,5.98
518,tom1,031,20211020,6.44
519,tom1,032,20211020,16.88
520,tom1,032,20211020,15.01
521,tom1,033,20211020,24.53
522,tom1,034,20211020,28.46
523,tom1,034,20211020,28.81
524,tom1,035,20211020,30.23
525,tom1,036,20211020,9.1
526,tom1,036,20211020,13.03
527,tom1,037,20211020,10.58
528,tom1,037,20211020,8.64
529,tom1,038,20211020,28.78
530,tom1,038,20211020,25.45
531,tom1,039,20211020,19.12
532,tom1,040,20211020,15.72
533,tom1,040,20211020,16.0
534,tom1,041,20211020,13.49
535,tom1,042,20211020,24.07
536,tom1,043,20211020,11.08
537,tom1,043,20211020,10.9
538,tom1,044,20211020,18.3
539,tom1,044,20211020,19.36
540,tom1,045,20211020,15.79
541,tom1,046,20211020,15.01
542,tom1,047,20211020,17.03
543,tom1,047,20211020,17.35
544,tom1,048,20211020,39.54
545,tom1,048,20211020,31.86
546,tom1,049,20211020,26.37
547,tom1,049,20211020,
548,tom1,050,20211020,13.35
549,tom1,051,20211021,7.89
550,tom1,051,20211021,6.87
551,tom1,052,20211021,9.35
552,tom1,052,20211021,
553,tom1,053,20211021,30.44
554,tom1,053,20211021,27.22
555,tom1,054,20211021,26.12
556,tom1,054,20211021,
557,tom1,056,20211021,10.87
558,tom1,056,20211021,36.67
559,tom1,057,20211021,16.0
560,tom1,057,20211021,13.42
561,tom1,058,20211021,
562,tom1,058,20211021,
563,tom1,059,20211021,23.72
564,tom1,059,20211021,28.21
565,tom1,060,20211021,9.84
566,tom1,060,20211021,
567,tom1,061,20211021,4.6
568,tom1,063,20211021,12.92
569,tom1,063,20211021,9.59
570,tom1,064,20211021,24.85
571,tom1,064,20211021,
572,tom1,065,20211021,24.14
573,tom1,065,20211021,
574,tom1,066,20211021,24.71
575,tom1,066,20211021,26.05
576,tom1,067,20211021,
577,tom1,068,20211021,
578,tom1,069,20211021,13.59
579,tom1,070,20211021,16.04
580,tom1,070,20211021,15.04
581,tom1,071,20211021,
582,tom1,072,20211021,18.97
583,tom1,072,20211021,
584,tom1,073,20211021,
585,tom1,074,20211021,20.78
586,tom1,074,20211021,
587,tom1,075,20211021,19.5
588,tom1,075,20211021,16.5
589,tom1,076,20211022,6.94
590,tom1,077,20211022,15.82
591,tom1,077,20211022,8.25
592,tom1,079,20211022,28.39
593,tom1,080,20211022,11.29
594,tom1,084,20211022,9.66
595,tom1,085,20211022,
596,tom1,085,20211022,
597,tom1,086,20211022,
598,tom1,086,20211022,
599,tom1,087,20211022,20.96
600,tom1,088,20211022,6.48
601,tom1,088,20211022,8.64
602,tom1,089,20211022,16.6
603,tom1,091,20211024,8.14
604,tom1,091,20211024,7.61
605,tom1,092,20211024,21.84
606,tom1,093,20211024,8.18
607,tom1,093,20211024,21.35
608,tom1,093,20211024,7.29
609,tom1,093,20211024,21.52
610,tom1,095,20211024,29.73
611,tom1,096,20211024,8.64
612,tom1,097,20211024,19.29
613,tom1,098,20211024,18.44
614,tom1,098,20211024,16.46
615,tom1,099,20211024,18.62
616,tom1,100,20211024,10.41
617,tom1,001,20211025,
618,tom1,002,20211025,8.71
619,tom1,003,20211025,11.15
620,tom1,003,20211025,30.19
621,tom1,004,20211025,20.85
622,tom1,004,20211025,20.32
623,tom1,005,20211025,9.59
624,tom1,006,20211025,7.68
625,tom1,006,20211025,7.58
626,tom1,006,20211025,6.09
627,tom1,006,20211025,7.96
628,tom1,007,20211025,8.88
629,tom1,008,20211025,19.72
630,tom1,008,20211025,17.66
631,tom1,009,20211025,5.91
632,tom1,009,20211025,6.55
633,tom1,012,20211025,
634,tom1,013,20211025,20.0
635,tom1,018,20211025,
636,tom1,019,20211025,7.79
637,tom1,020,20211025,
638,tom1,021,20211026,16.46
639,tom1,022,20211026,29.63
640,tom1,024,20211026,61.56
641,tom1,025,20211026,45.27
642,tom1,026,20211026,19.12
643,tom1,027,20211026,6.09
644,tom1,029,20211026,7.75
645,tom1,029,20211026,
646,tom1,030,20211026,14.02
647,tom1,030,20211026,
648,tom1,032,20211026,32.53
649,tom1,032,20211026,25.35
650,tom1,033,20211026,18.8
651,tom1,033,20211026,18.76
652,tom1,034,20211026,26.58
653,tom1,036,20211026,29.31
654,tom1,036,20211026,28.88
655,tom1,037,20211026,6.73
656,tom1,037,20211026,27.08
657,tom1,038,20211026,13.03
658,tom1,038,20211026,12.71
659,tom1,039,20211026,7.72
660,tom1,039,20211026,44.42
661,tom1,040,20211026,10.87
662,tom1,041,20211029,17.13
663,tom1,041,20211029,19.08
664,tom1,043,20211029,22.83
665,tom1,043,20211029,44.96
666,tom1,044,20211029,26.27
667,tom1,045,20211029,
668,tom1,046,20211029,15.43
669,tom1,046,20211029,29.42
670,tom1,048,20211029,36.92
671,tom1,049,20211029,43.08
672,tom1,049,20211029,
673,tom1,050,20211029,18.58
674,tom1,051,20211029,43.54
675,tom1,051,20211029,46.83
676,tom1,052,20211029,26.55
677,tom1,053,20211029,27.89
678,tom1,054,20211029,27.19
679,tom1,054,20211029,24.35
680,tom1,055,20211029,30.27
681,tom1,056,20211029,6.87
682,tom1,057,20211029,30.12
683,tom1,058,20211029,23.89
684,tom1,058,20211029,24.18
685,tom1,059,20211029,18.19
686,tom1,060,20211029,28.88
687,tom1,061,20211030,34.55
688,tom1,063,20211030,10.73
689,tom1,063,20211030,8.5
690,tom1,064,20211030,14.27
691,tom1,064,20211030,13.35
692,tom1,065,20211030,23.72
693,tom1,065,20211030,23.72
694,tom1,066,20211030,19.36
695,tom1,066,20211030,15.61
696,tom1,067,20211030,21.52
697,tom1,067,20211030,17.35
698,tom1,068,20211030,39.08
699,tom1,068,20211030,34.94
700,tom1,069,20211030,17.49
701,tom1,069,20211030,14.76
702,tom1,070,20211030,49.81
703,tom1,071,20211030,16.39
704,tom1,071,20211030,16.71
705,tom1,072,20211030,10.9
706,tom1,073,20211030,27.26
707,tom1,074,20211030,17.63
708,tom1,075,20211030,10.94
709,tom1,075,20211030,9.38
710,tom1,076,20211030,8.18
711,tom1,076,20211030,5.91
712,tom1,078,20211030,21.38
713,tom1,079,20211030,17.42
714,tom1,079,20211030,15.36
715,tom1,080,20211030,7.68
716,tom1,080,20211030,8.04
717,tom1,084,20211031,13.95
718,tom1,084,20211031,17.27
719,tom1,085,20211031,16.39
720,tom1,086,20211031,36.85
721,tom1,087,20211031,17.13
722,tom1,088,20211031,26.83
723,tom1,089,20211031,7.68
724,tom1,090,20211031,12.07
725,tom1,090,20211031,9.77
726,tom1,091,20211031,5.03
727,tom1,092,20211031,16.39
728,tom1,093,20211031,18.09
729,tom1,096,20211031,10.44
730,tom1,097,20211031,21.42
731,tom1,097,20211031,21.95
732,tom1,098,20211031,10.94
733,tom1,098,20211031,10.65
734,tom1,001,20211101,20.85
735,tom1,001,20211101,
736,tom1,002,20211101,30.44
737,tom1,002,20211101,
738,tom1,003,20211101,
739,tom1,005,20211101,36.71
740,tom1,005,20211101,34.05
741,tom1,006,20211101,
742,tom1,007,20211101,32.04
743,tom1,007,20211101,30.3
744,tom1,008,20211101,17.91
745,tom1,008,20211101,
746,tom1,009,20211101,26.51
747,tom1,010,20211101,
748,tom1,011,20211102,14.27
749,tom1,012,20211102,8.14
750,tom1,013,20211102,
751,tom1,013,20211102,
752,tom1,014,20211102,19.36
753,tom1,014,20211102,
754,tom1,015,20211102,17.35
755,tom1,016,20211102,13.52
756,tom1,016,20211102,10.83
757,tom1,017,20211102,19.33
758,tom1,017,20211102,
759,tom1,018,20211102,
760,tom1,018,20211102,
761,tom1,018,20211108,23.36
762,tom1,020,20211102,17.63
763,tom1,020,20211102,
764,tom1,020,20211108,22.02
765,tom1,022,20211102,6.12
766,tom1,022,20211102,6.51
767,tom1,023,20211102,
768,tom1,023,20211102,24.18
769,tom1,024,20211102,13.03
770,tom1,024,20211102,11.01
771,tom1,025,20211102,25.59
772,tom1,025,20211102,21.63
773,tom1,026,20211102,
774,tom1,027,20211102,19.54
775,tom1,027,20211102,21.84
776,tom1,028,20211102,
777,tom1,028,20211102,16.42
778,tom1,029,20211102,25.27
779,tom1,029,20211102,19.4
780,tom1,031,20211104,24.5
781,tom1,032,20211104,28.85
782,tom1,033,20211104,16.92
783,tom1,033,20211104,16.32
784,tom1,034,20211104,
785,tom1,035,20211104,
786,tom1,036,20211104,28.32
787,tom1,036,20211104,
788,tom1,038,20211104,
789,tom1,038,20211104,30.27
790,tom1,039,20211104,29.1
791,tom1,039,20211104,29.84
792,tom1,040,20211104,9.52
793,tom1,041,20211105,11.33
794,tom1,041,20211105,36.32
795,tom1,042,20211105,9.73
796,tom1,043,20211105,28.39
797,tom1,044,20211105,13.1
798,tom1,044,20211105,13.38
799,tom1,045,20211105,21.98
800,tom1,046,20211105,21.45
801,tom1,046,20211105,19.54
802,tom1,047,20211105,13.98
803,tom1,047,20211105,15.43
804,tom1,048,20211105,19.04
805,tom1,049,20211105,24.78
806,tom1,050,20211105,
807,tom1,050,20211105,13.31
808,tom1,051,20211106,19.96
809,tom1,052,20211106,
810,tom1,053,20211106,20.96
811,tom1,053,20211106,
812,tom1,054,20211106,21.95
813,tom1,054,20211106,
814,tom1,055,20211106,23.93
815,tom1,056,20211106,29.31
816,tom1,056,20211106,35.43
817,tom1,057,20211106,25.91
818,tom1,059,20211106,29.42
819,tom1,060,20211106,11.26
820,tom1,060,20211106,30.23
821,tom1,061,20211106,26.76
822,tom1,061,20211106,27.04
823,tom1,062,20211106,15.15
824,tom1,062,20211106,
825,tom1,063,20211106,28.99
826,tom1,063,20211106,
827,tom1,065,20211106,19.08
828,tom1,066,20211106,14.97
829,tom1,066,20211106,
830,tom1,068,20211106,23.61
831,tom1,069,20211106,
832,tom1,070,20211106,
833,tom1,070,20211106,
834,tom1,071,20211107,8.18
835,tom1,071,20211107,8.92
836,tom1,072,20211107,28.81
837,tom1,072,20211107,
838,tom1,073,20211107,17.98
839,tom1,074,20211107,16.0
840,tom1,074,20211107,
841,tom1,076,20211107,25.95
842,tom1,077,20211107,6.16
843,tom1,078,20211107,15.15
844,tom1,078,20211107,
845,tom1,079,20211107,20.71
846,tom1,080,20211107,29.13
847,tom1,081,20211107,
848,tom1,082,20211107,
849,tom1,082,20211107,
850,tom1,083,20211107,11.36
851,tom1,084,20211107,
852,tom1,085,20211107,11.96
853,tom1,086,20211107,23.58
854,tom1,087,20211107,32.0
855,tom1,088,20211107,18.83
856,tom1,088,20211107,
857,tom1,089,20211107,
858,tom1,090,20211107,26.27
859,tom1,091,20211107,18.62
860,tom1,092,20211107,
861,tom1,093,20211107,12.42
862,tom1,093,20211107,13.49
863,tom1,094,20211107,8.88
864,tom1,095,20211107,
865,tom1,097,20211107,13.95
866,tom1,097,20211107,
867,tom1,098,20211107,28.39
868,tom1,099,20211107,12.46
869,tom1,099,20211107,35.22
870,tom1,100,20211107,28.74
871,tom1,002,20211108,32.71
872,tom1,002,20211108,32.11
873,tom1,003,20211108,37.45
874,tom1,004,20211108,15.89
875,tom1,005,20211108,30.12
876,tom1,005,20211108,
877,tom1,006,20211108,30.41
878,tom1,006,20211108,
879,tom1,010,20211108,37.59
880,tom1,011,20211108,19.26
881,tom1,011,20211108,15.26
882,tom1,012,20211108,3.22
883,tom1,012,20211108,
884,tom1,013,20211108,11.26
885,tom1,013,20211108,
886,tom1,014,20211108,13.84
887,tom1,014,20211108,12.67
888,tom1,015,20211108,14.09
889,tom1,016,20211108,
890,tom1,017,20211108,15.96
891,tom1,017,20211108,
892,tom1,021,20211109,10.69
893,tom1,021,20211109,10.73
894,tom1,022,20211109,18.55
895,tom1,023,20211109,23.79
896,tom1,024,20211109,24.6
897,tom1,024,20211109,
898,tom1,025,20211109,13.06
899,tom1,025,20211109,22.94
900,tom1,026,20211109,
901,tom1,027,20211109,16.64
902,tom1,027,20211109,17.66
903,tom1,028,20211109,13.73
904,tom1,029,20211109,14.16
905,tom1,029,20211109,
906,tom1,030,20211109,25.95
907,tom1,030,20211109,20.14
908,tom1,031,20211112,22.05
909,tom1,031,20211112,
910,tom1,032,20211112,28.88
911,tom1,033,20211112,8.99
912,tom1,033,20211112,33.84
913,tom1,034,20211112,
914,tom1,035,20211112,13.7
915,tom1,035,20211112,13.13
916,tom1,036,20211112,19.5
917,tom1,037,20211112,13.45
918,tom1,038,20211112,11.01
919,tom1,038,20211112,10.76
920,tom1,038,20211112,12.53
921,tom1,039,20211112,31.19
922,tom1,039,20211112,
923,tom1,040,20211112,33.63
924,tom1,040,20211112,
925,tom1,040,20211112,
926,tom1,041,20211112,26.34
927,tom1,042,20211112,19.43
928,tom1,042,20211112,41.35
929,tom1,043,20211112,32.67
930,tom1,043,20211112,
931,tom1,045,20211112,28.6
932,tom1,046,20211112,15.15
933,tom1,047,20211112,25.03
934,tom1,047,20211112,
935,tom1,048,20211112,
936,tom1,049,20211112,6.27
937,tom1,049,20211112,
938,tom1,050,20211112,19.36
939,tom1,051,20211113,12.64
940,tom1,051,20211113,
941,tom1,052,20211113,11.22
942,tom1,052,20211113,8.88
943,tom1,053,20211113,19.4
944,tom1,053,20211113,
945,tom1,054,20211113,
946,tom1,054,20211113,
947,tom1,054,20211113,44.71
948,tom1,055,20211113,
949,tom1,056,20211113,16.25
950,tom1,057,20211113,10.51
951,tom1,057,20211113,8.0
952,tom1,058,20211113,10.44
953,tom1,058,20211113,
954,tom1,059,20211113,
955,tom1,061,20211113,11.19
956,tom1,061,20211113,
957,tom1,062,20211113,33.27
958,tom1,064,20211113,38.09
959,tom1,065,20211113,26.23
960,tom1,066,20211113,37.13
961,tom1,067,20211113,46.97
962,tom1,068,20211113,19.86
963,tom1,069,20211113,21.17
964,tom1,071,20211113,
965,tom1,073,20211113,33.06
966,tom1,074,20211113,29.77
967,tom1,075,20211113,18.23
968,tom1,076,20211113,10.41
969,tom1,077,20211113,22.97
970,tom1,080,20211113,44.07
971,tom1,081,20211113,47.72
972,tom1,082,20211113,21.35
973,tom1,083,20211113,42.76
974,tom1,084,20211113,21.49
975,tom1,085,20211113,22.69
976,tom1,086,20211113,37.38
977,tom1,087,20211113,7.86
978,tom1,088,20211113,37.66
979,tom1,089,20211113,39.68
980,tom1,090,20211113,5.06
981,tom1,001,20211115,35.79
982,tom1,003,20211115,14.73
983,tom1,005,20211115,14.34
984,tom1,006,20211115,28.67
985,tom1,008,20211115,24.42
986,tom1,010,20211115,26.9
987,tom1,011,20211115,30.3
988,tom1,013,20211115,41.31
989,tom1,014,20211115,32.0
990,tom1,016,20211115,26.73
991,tom1,017,20211115,20.71
992,tom1,019,20211115,20.81
993,tom1,022,20211116,47.61
994,tom1,024,20211116,44.71
995,tom1,026,20211116,24.5
996,tom1,027,20211116,37.66
997,tom1,030,20211116,22.02
998,tom1,031,20211118,28.6
999,tom1,033,20211118,17.73
1000,tom1,034,20211118,20.5
1001,tom1,035,20211118,26.41
1002,tom1,036,20211118,29.7
1003,tom1,037,20211118,26.12
1004,tom1,038,20211118,20.11
1005,tom1,041,20211118,34.58
1006,tom1,042,20211118,19.08
1007,tom1,043,20211118,38.05
1008,tom1,044,20211118,13.84
1009,tom1,047,20211118,35.19
1010,tom1,048,20211118,28.07
1011,tom1,049,20211118,21.81
1012,tom1,050,20211118,
1013,tom1,051,20211118,34.12
1014,tom1,052,20211118,18.44
1015,tom1,053,20211118,24.39
1016,tom1,055,20211118,32.07
1017,tom1,056,20211118,44.25
1018,tom1,058,20211118,15.22
1019,tom1,059,20211118,39.58
1020,tom1,060,20211118,30.37
1021,tom1,063,20211119,36.64
1022,tom1,064,20211119,40.81
1023,tom1,071,20211119,16.78
1024,tom1,073,20211119,33.95
1025,tom1,076,20211119,18.37
1026,tom1,077,20211119,35.19
1027,tom1,079,20211119,29.17
1028,tom1,081,20211121,22.76
1029,tom1,085,20211121,6.23
1030,tom1,086,20211121,19.72
1031,tom1,087,20211121,13.49
1032,tom1,089,20211121,10.73
1033,tom1,090,20211121,9.7
1034,tom1,092,20211121,3.89
1035,tom1,095,20211121,30.8
1036,tom1,096,20211121,35.68
1037,tom1,097,20211121,28.88
1038,tom1,098,20211121,3.47
1039,tom1,001,20211123,22.37
1040,tom1,002,20211123,21.91
1041,tom1,004,20211123,16.18
1042,tom1,005,20211123,35.4
1043,tom1,006,20211123,7.33
1044,tom1,008,20211123,23.93
1045,tom1,009,20211123,9.06
1046,tom1,010,20211123,30.58
1047,tom1,011,20211123,28.32
1048,tom1,013,20211123,29.24
1049,tom1,014,20211123,20.07
1050,tom1,015,20211123,17.06
1051,tom1,016,20211123,19.79
1052,tom1,018,20211123,
1053,tom1,019,20211123,22.16
1054,tom1,020,20211123,21.91
1055,tom1,024,20211123,38.65
1056,tom1,027,20211123,44.67
1057,tom1,028,20211123,13.63
1058,tom1,031,20211124,22.3
1059,tom1,032,20211124,34.8
1060,tom1,033,20211124,42.37
1061,tom1,034,20211124,30.44
1062,tom1,036,20211124,29.49
1063,tom1,038,20211124,44.85
1064,tom1,039,20211124,31.29
1065,tom1,040,20211124,25.81
1066,tom1,046,20211124,
1067,tom1,047,20211124,26.02
1068,tom1,049,20211124,28.92
1069,tom1,050,20211124,23.33
1070,tom1,051,20211125,23.75
1071,tom1,052,20211125,18.3
1072,tom1,053,20211125,16.92
1073,tom1,055,20211125,11.61
1074,tom1,056,20211125,15.93
1075,tom1,057,20211125,41.35
1076,tom1,058,20211125,42.83
1077,tom1,059,20211125,39.36
1078,tom1,060,20211125,39.86
1079,tom1,061,20211125,18.23
1080,tom1,062,20211125,40.74
1081,tom1,063,20211125,21.63
1082,tom1,066,20211125,7.82
1083,tom1,068,20211125,17.63
1084,tom1,069,20211125,24.71
1085,tom1,070,20211125,49.73
1086,tom1,071,20211126,20.67
1087,tom1,073,20211126,29.77
1088,tom1,076,20211126,10.97
1089,tom1,077,20211126,16.0
1090,tom1,078,20211126,15.15
1091,tom1,079,20211126,16.18
1092,tom1,011,20211130,68.78
1093,tom1,014,20211130,47.86
1094,tom1,016,20211130,55.89
1095,tom1,017,20211130,28.28
1096,tom1,019,20211130,47.86
1097,tom1,020,20211130,40.07
1098,tom1,020,20211202,10.94
1099,tom1,021,20211202,42.76
1100,tom1,022,20211202,28.46
1101,tom1,025,20211202,52.25
1102,tom1,027,20211202,34.94
1103,tom1,028,20211202,41.66
1104,tom1,031,20211202,24.74
1105,tom1,032,20211202,27.29
1106,tom1,033,20211202,38.44
1107,tom1,035,20211202,34.87
1108,tom1,037,20211202,41.1
1109,tom1,039,20211202,34.51
1110,tom1,041,20211202,23.89
1111,tom1,043,20211202,21.13
1112,tom1,044,20211202,27.93
1113,tom1,045,20211202,18.9
1114,tom1,047,20211204,23.54
1115,tom1,048,20211204,46.51
1116,tom1,050,20211204,44.57
1117,tom1,051,20211204,40.11
1118,tom1,052,20211204,37.77
1119,tom1,053,20211204,50.02
1120,tom1,055,20211204,36.6
1121,tom1,056,20211204,45.45
1122,tom1,059,20211204,34.09
1123,tom1,060,20211204,39.96
1124,tom1,061,20211204,43.58
1125,tom1,062,20211204,25.27
1126,tom1,063,20211204,12.71
1127,tom1,065,20211204,22.3
1128,tom1,066,20211204,33.45
1129,tom1,067,20211204,27.26
1130,tom1,070,20211204,50.87
1131,tom1,072,20211204,28.42
1132,tom1,075,20211204,33.42
1133,tom1,076,20211204,42.12
1134,tom1,077,20211204,29.63
1135,tom1,078,20211204,35.04
1136,tom1,079,20211204,35.43
1137,tom1,080,20211204,29.49
1138,tom1,081,20211205,35.82
1139,tom1,082,20211205,42.09
1140,tom1,083,20211205,24.5
1141,tom1,084,20211205,28.11
1142,tom1,085,20211205,23.26
1143,tom1,086,20211205,14.83
1144,tom1,090,20211205,15.36
1145,tom1,090,20211205,13.88
1146,tom1,091,20211205,44.67
1147,tom1,092,20211205,3.4
1148,tom1,094,20211205,34.73
1149,tom1,095,20211205,25.91
1150,tom1,096,20211205,12.64
1151,tom1,097,20211205,11.43
1152,tom1,098,20211205,12.32
1153,tom1,099,20211205,23.47
1154,tom1,100,20211205,28.6
1155,tom1,002,20211207,29.59
1156,tom1,003,20211207,33.35
1157,tom1,004,20211207,32.35
1158,tom1,005,20211207,26.87
1159,tom1,007,20211207,37.84
1160,tom1,009,20211207,42.02
1161,tom1,010,20211207,39.4
1162,tom1,011,20211207,34.87
1163,tom1,012,20211207,35.68
1164,tom1,013,20211207,48.21
1165,tom1,014,20211207,35.72
1166,tom1,015,20211207,16.6
1167,tom1,016,20211207,19.43
1168,tom1,017,20211207,40.99
1169,tom1,018,20211207,29.88
1170,tom1,019,20211207,26.65
1171,tom1,020,20211207,28.57
1172,tom1,022,20211212,12.28
1173,tom1,029,20211212,34.9
1174,tom1,032,20211212,38.58
1175,tom1,042,20211209,11.93
1176,tom1,043,20211209,40.07
1177,tom1,044,20211209,35.43
1178,tom1,046,20211209,39.43
1179,tom1,047,20211209,44.32
1180,tom1,049,20211209,58.9
1181,tom1,050,20211209,42.8
1182,tom1,051,20211209,24.32
1183,tom1,053,20211209,27.89
1184,tom1,054,20211209,60.96
1185,tom1,056,20211209,22.27
1186,tom1,057,20211209,43.68
1187,tom1,058,20211209,46.51
1188,tom1,059,20211209,55.89
1189,tom1,060,20211209,45.27
1190,tom1,061,20211211,28.35
1191,tom1,063,20211211,33.2
1192,tom1,065,20211211,53.38
1193,tom1,068,20211211,45.42
1194,tom1,077,20211211,20.35
1195,tom1,079,20211211,15.86
1196,tom1,080,20211211,59.4
1197,tom1,081,20211212,32.78
1198,tom1,083,20211212,38.9
1199,tom1,086,20211212,36.0
1200,tom1,087,20211212,35.54
1201,tom1,089,20211212,40.32
1202,tom1,090,20211212,20.78
1203,tom1,092,20211212,18.9
1204,tom1,094,20211212,49.77
1205,tom1,095,20211212,18.62
1206,tom1,096,20211212,43.29
1207,tom1,097,20211212,38.3
1208,tom1,098,20211212,29.1
1209,tom1,099,20211212,33.42
1210,tom1,022,20211216,37.77
1211,tom1,023,20211216,27.72
1212,tom1,026,20211216,30.83
1213,tom1,027,20211216,42.58
1214,tom1,029,20211216,9.24
1215,tom1,030,20211216,40.81
1216,tom1,032,20211216,30.9
1217,tom1,034,20211216,37.98
1218,tom1,035,20211216,43.82
1219,tom1,037,20211216,18.27
1220,tom1,038,20211216,18.62
1221,tom1,039,20211216,21.31
1222,tom1,065,20211218,29.2
1223,tom1,066,20211218,
1224,tom1,068,20211218,25.56
1225,tom1,070,20211218,30.73
1226,tom1,071,20211218,24.6
1227,tom1,072,20211218,37.88
1228,tom1,073,20211218,31.26
1229,tom1,075,20211218,21.13
1230,tom1,076,20211218,70.05
1231,tom1,077,20211218,39.79
1232,tom1,078,20211218,48.85
1233,tom1,079,20211218,36.5
1234,tom1,082,20211219,21.95
1235,tom1,084,20211219,32.14
1236,tom1,086,20211219,
1237,tom1,087,20211219,26.55
1238,tom1,088,20211219,9.17
1239,tom1,089,20211219,15.61
1240,tom1,090,20211219,14.83
1241,tom1,091,20211219,34.41
1242,tom1,095,20211219,34.09
1243,tom1,096,20211219,18.3
1244,tom1,097,20211219,17.59
1245,tom1,098,20211219,37.98
1246,tom1,099,20211219,23.89
1247,tom1,100,20211219,31.5
1248,tom1,003,20211221,42.23
1249,tom1,004,20211221,64.53
1250,tom1,006,20211221,61.91
1251,tom1,007,20211221,46.9
1252,tom1,009,20211221,59.04
1253,tom1,010,20211221,42.55
1254,tom1,012,20211221,40.67
1255,tom1,016,20211221,48.46
1256,tom1,018,20211221,33.31
1257,tom1,019,20211221,38.58
1258,tom1,020,20211221,24.57
1259,tom1,021,20211223,57.59
1260,tom1,023,20211223,43.08
1261,tom1,024,20211223,50.55
1262,tom1,025,20211223,35.65
1263,tom1,026,20211223,46.23
1264,tom1,027,20211223,47.89
1265,tom1,029,20211223,22.41
1266,tom1,034,20211223,47.68
1267,tom1,035,20211223,40.6
1268,tom1,037,20211223,35.19
1269,tom1,038,20211223,31.15
1270,tom1,039,20211223,17.24
1271,tom1,040,20211223,56.57
1272,tom1,041,20211224,21.06
1273,tom1,042,20211224,58.55
1274,tom1,045,20211224,62.83
1275,tom1,049,20211224,30.12
1276,tom1,051,20211224,35.33
1277,tom1,057,20211224,43.33
1278,tom1,059,20211224,27.68
1279,tom1,060,20211224,40.14
1280,tom1,064,20211225,22.05
1281,tom1,066,20211225,23.29
1282,tom1,067,20211225,13.95
1283,tom1,068,20211225,45.63
1284,tom1,069,20211225,36.46
1285,tom1,070,20211225,51.72
1286,tom1,074,20211225,51.12
1287,tom1,075,20211225,33.84
1288,tom1,076,20211225,44.42
1289,tom1,077,20211225,25.24
1290,tom1,078,20211225,56.07
1291,tom1,078,20211225,24.39
1292,tom1,079,20211225,22.02
1293,tom1,080,20211225,20.14
1294,tom1,081,20211226,33.03
1295,tom1,082,20211226,36.57
1296,tom1,083,20211226,44.21
1297,tom1,086,20211226,29.52
1298,tom1,088,20211226,24.71
1299,tom1,089,20211226,35.12
1300,tom1,090,20211226,33.52
1301,tom1,093,20211226,23.86
1302,tom1,094,20211226,22.27
1303,tom1,095,20211226,41.59
1304,tom1,099,20211226,37.91
1305,tom1,100,20211226,
1306,tom1,003,20211229,30.51
1307,tom1,005,20211229,38.94
1308,tom1,009,20211229,35.04
1309,tom1,012,20211229,65.59
1310,tom1,013,20211229,25.24
1311,tom1,014,20211229,23.29
1312,tom1,020,20211229,51.82
1313,tom1,021,20211231,45.17
1314,tom1,023,20211231,30.27
1315,tom1,027,20211231,32.57
1316,tom1,028,20211231,24.0
1317,tom1,029,20211231,44.92
1318,tom1,030,20211231,41.7
1319,tom1,034,20211231,30.97
1320,tom1,036,20211231,30.02
1321,tom1,037,20211231,29.27
1322,tom1,038,20211231,47.43
1323,tom1,039,20211231,42.55
1324,tom1,042,20211231,38.62
1325,tom1,043,20211231,47.68
1326,tom1,045,20211231,42.97
1327,tom1,047,20211231,41.31
1328,tom1,048,20211231,61.38
1329,tom1,050,20211231,27.43
1330,tom2,001,20220101,24.35
1331,tom2,002,20220101,22.62
1332,tom2,006,20220101,26.19
1333,tom2,006,20220101,28.42
1334,tom2,007,20220101,3.01
1335,tom2,007,20220101,3.43
1336,tom2,009,20220101,
1337,tom2,010,20220101,2.73
1338,tom2,013,20220101,23.12
1339,tom2,013,20220101,13.98
1340,tom2,014,20220101,19.65
1341,tom2,015,20220101,12.0
1342,tom2,016,20220101,18.44
1343,tom2,016,20220101,15.22
1344,tom2,017,20220101,17.38
1345,tom2,018,20220101,14.55
1346,tom2,019,20220101,18.12
1347,tom2,019,20220101,18.69
1348,tom2,021,20220101,19.82
1349,tom2,023,20220101,47.68
1350,tom2,024,20220101,11.5
1351,tom2,024,20220101,13.13
1352,tom2,025,20220101,14.19
1353,tom2,026,20220101,13.81
1354,tom2,030,20220101,18.48
1355,tom2,031,20220102,2.65
1356,tom2,032,20220102,15.82
1357,tom2,032,20220102,18.76
1358,tom2,033,20220102,3.47
1359,tom2,034,20220102,2.9
1360,tom2,034,20220102,3.33
1361,tom2,035,20220102,19.47
1362,tom2,036,20220102,19.82
1363,tom2,038,20220102,23.82
1364,tom2,038,20220102,27.72
1365,tom2,039,20220102,20.11
1366,tom2,039,20220102,2.55
1367,tom2,040,20220102,2.69
1368,tom2,040,20220102,2.44
1369,tom2,041,20220102,15.33
1370,tom2,041,20220102,18.16
1371,tom2,043,20220102,31.86
1372,tom2,047,20220102,17.49
1373,tom2,047,20220102,21.91
1374,tom2,051,20220102,15.96
1375,tom2,053,20220102,39.96
1376,tom2,053,20220102,33.49
1377,tom2,054,20220102,11.4
1378,tom2,055,20220102,18.62
1379,tom2,056,20220102,15.82
1380,tom2,057,20220102,5.24
1381,tom2,057,20220102,4.07
1382,tom2,058,20220102,16.21
1383,tom2,058,20220102,16.78
1384,tom2,059,20220102,11.54
1385,tom2,059,20220102,12.67
1386,tom2,062,20220102,20.0
1387,tom2,062,20220102,22.34
1388,tom2,063,20220102,3.19
1389,tom2,064,20220102,12.0
1390,tom2,065,20220102,20.42
1391,tom2,066,20220102,2.9
1392,tom2,067,20220102,3.82
1393,tom2,068,20220102,27.93
1394,tom2,069,20220102,21.49
1395,tom2,071,20220102,1.31
1396,tom2,072,20220102,20.53
1397,tom2,073,20220102,29.81
1398,tom2,073,20220102,10.41
1399,tom2,076,20220102,20.32
1400,tom2,076,20220102,14.05
1401,tom2,077,20220102,30.65
1402,tom2,077,20220102,31.68
1403,tom2,078,20220102,17.7
1404,tom2,078,20220102,19.29
1405,tom2,079,20220102,26.87
1406,tom2,080,20220102,15.86
1407,tom2,080,20220102,12.81
1408,tom2,081,20220102,25.35
1409,tom2,081,20220102,28.67
1410,tom2,082,20220102,14.83
1411,tom2,082,20220102,18.05
1412,tom2,085,20220102,8.14
1413,tom2,087,20220102,7.93
1414,tom2,088,20220102,4.18
1415,tom2,088,20220102,3.96
1416,tom2,090,20220102,9.66
1417,tom2,090,20220102,10.58
1418,tom2,092,20220102,18.48
1419,tom2,093,20220102,19.22
1420,tom2,093,20220102,22.05
1421,tom2,094,20220102,17.66
1422,tom2,095,20220102,21.59
1423,tom2,097,20220102,10.69
1424,tom2,097,20220102,9.13
1425,tom2,099,20220102,7.5
1426,tom2,099,20220102,11.01
1427,tom2,100,20220102,33.66
1428,tom2,100,20220102,40.6
1429,tom2,006,20220108,8.32
1430,tom2,007,20220108,5.84
1431,tom2,008,20220108,
1432,tom2,009,20220108,3.26
1433,tom2,012,20220108,9.56
1434,tom2,013,20220108,10.02
1435,tom2,021,20220108,12.74
1436,tom2,023,20220108,
1437,tom2,027,20220108,21.35
1438,tom2,029,20220108,16.32
1439,tom2,033,20220108,9.24
1440,tom2,035,20220108,16.85
1441,tom2,036,20220108,18.27
1442,tom2,036,20220108,19.43
1443,tom2,037,20220108,9.84
1444,tom2,038,20220108,7.54
1445,tom2,041,20220108,12.14
1446,tom2,045,20220108,9.38
1447,tom2,052,20220109,9.81
1448,tom2,056,20220109,3.01
1449,tom2,060,20220109,8.74
1450,tom2,066,20220109,11.08
1451,tom2,068,20220109,8.78
1452,tom2,072,20220109,16.42
1453,tom2,072,20220109,12.04
1454,tom2,080,20220109,25.35
1455,tom2,085,20220109,28.5
1456,tom2,085,20220109,28.14
1457,tom2,087,20220109,8.35
1458,tom2,088,20220109,6.41
1459,tom2,090,20220109,8.39
1460,tom2,091,20220109,10.55
1461,tom2,095,20220109,
1462,tom2,001,20210908,26.37
1463,tom2,001,20210908,25.24
1464,tom2,002,20210908,4.6
1465,tom2,004,20210908,2.34
1466,tom2,005,20210908,2.09
1467,tom2,006,20210908,
1468,tom2,010,20210908,1.95
1469,tom2,011,20210908,2.41
1470,tom2,013,20210908,3.12
1471,tom2,016,20210908,2.8
1472,tom2,017,20210908,4.88
1473,tom2,018,20210908,7.89
1474,tom2,019,20210908,1.77
1475,tom2,020,20210908,2.41
1476,tom2,021,20210908,2.41
1477,tom2,022,20210908,2.55
1478,tom2,023,20210908,
1479,tom2,025,20210908,
1480,tom2,026,20210908,
1481,tom2,027,20210908,2.16
1482,tom2,028,20210908,
1483,tom2,031,20210908,
1484,tom2,032,20210908,
1485,tom2,033,20210908,
1486,tom2,034,20210908,4.0
1487,tom2,035,20210908,
1488,tom2,036,20210908,2.44
1489,tom2,037,20210908,
1490,tom2,038,20210908,24.53
1491,tom2,039,20210908,
1492,tom2,039,20210908,22.16
1493,tom2,001,20210922,5.88
1494,tom2,003,20210922,18.65
1495,tom2,005,20210922,9.91
1496,tom2,006,20210922,19.01
1497,tom2,006,20210922,22.44
1498,tom2,008,20210922,11.79
1499,tom2,010,20210922,5.52
1500,tom2,011,20210922,19.93
1501,tom2,012,20210922,2.3
1502,tom2,013,20210922,2.09
1503,tom2,015,20210922,12.32
1504,tom2,017,20210922,13.56
1505,tom2,018,20210922,6.87
1506,tom2,018,20210922,6.73
1507,tom2,020,20210922,2.97
1508,tom2,020,20210924,13.42
1509,tom2,021,20210922,24.85
1510,tom2,022,20210922,1.88
1511,tom2,025,20210922,4.85
1512,tom2,027,20210922,11.26
1513,tom2,028,20210922,6.76
1514,tom2,030,20210922,31.58
1515,tom2,032,20210923,5.27
1516,tom2,033,20210923,27.68
1517,tom2,034,20210923,1.03
1518,tom2,035,20210923,14.09
1519,tom2,036,20210923,9.95
1520,tom2,037,20210923,12.64
1521,tom2,040,20210923,10.37
1522,tom2,041,20210923,6.48
1523,tom2,042,20210923,7.43
1524,tom2,043,20210923,1.84
1525,tom2,044,20210923,5.52
1526,tom2,046,20210923,11.65
1527,tom2,047,20210923,20.85
1528,tom2,050,20210923,1.63
1529,tom2,052,20210923,20.04
1530,tom2,053,20210923,7.19
1531,tom2,054,20210923,3.96
1532,tom2,055,20210923,3.82
1533,tom2,056,20210923,13.66
1534,tom2,058,20210923,2.37
1535,tom2,059,20210923,6.44
1536,tom2,060,20210923,4.35
1537,tom2,061,20210924,24.32
1538,tom2,062,20210924,23.79
1539,tom2,064,20210924,20.04
1540,tom2,065,20210924,21.98
1541,tom2,066,20210924,5.84
1542,tom2,067,20210924,3.15
1543,tom2,067,20210924,39.15
1544,tom2,068,20210924,30.9
1545,tom2,069,20210924,16.85
1546,tom2,069,20210924,11.79
1547,tom2,070,20210924,11.12
1548,tom2,070,20210924,15.54
1549,tom2,071,20210924,14.9
1550,tom2,071,20210924,19.47
1551,tom2,072,20210924,5.31
1552,tom2,073,20210924,13.03
1553,tom2,073,20210924,12.28
1554,tom2,075,20210924,14.94
1555,tom2,075,20210924,13.73
1556,tom2,075,20210924,18.41
1557,tom2,076,20210924,7.65
1558,tom2,076,20210924,13.45
1559,tom2,077,20210924,6.23
1560,tom2,078,20210924,4.53
1561,tom2,079,20210924,5.1
1562,tom2,080,20210924,13.63
1563,tom2,080,20210924,13.45
1564,tom2,081,20210924,8.11
1565,tom2,081,20210924,9.66
1566,tom2,082,20210924,9.13
1567,tom2,083,20210924,8.5
1568,tom2,084,20210924,7.86
1569,tom2,085,20210924,2.94
1570,tom2,085,20210924,23.29
1571,tom2,086,20210924,16.0
1572,tom2,086,20210924,6.09
1573,tom2,087,20210924,18.69
1574,tom2,088,20210924,5.35
1575,tom2,089,20210924,14.16
1576,tom2,089,20210924,15.75
1577,tom2,090,20210924,3.47
1578,tom2,091,20210924,
1579,tom2,092,20210924,4.28
1580,tom2,092,20210924,31.68
1581,tom2,093,20210924,5.45
1582,tom2,093,20210924,15.33
1583,tom2,094,20210924,6.97
1584,tom2,095,20210924,6.34
1585,tom2,095,20210924,24.04
1586,tom2,096,20210924,8.92
1587,tom2,097,20210924,7.65
1588,tom2,097,20210924,14.97
1589,tom2,098,20210924,17.35
1590,tom2,099,20210924,8.57
1591,tom2,001,20210929,3.33
1592,tom2,002,20210929,6.51
1593,tom2,002,20210929,6.62
1594,tom2,003,20210929,14.8
1595,tom2,005,20210929,22.41
1596,tom2,005,20210929,6.23
1597,tom2,006,20210929,7.26
1598,tom2,006,20210929,14.05
1599,tom2,007,20210929,6.09
1600,tom2,009,20210929,6.65
1601,tom2,009,20210929,6.69
1602,tom2,010,20210929,11.01
1603,tom2,010,20210929,10.48
1604,tom2,012,20210929,12.28
1605,tom2,013,20210929,12.67
1606,tom2,013,20210929,10.23
1607,tom2,015,20210929,5.95
1608,tom2,015,20210929,4.92
1609,tom2,016,20210929,7.72
1610,tom2,017,20210929,19.96
1611,tom2,017,20210929,9.52
1612,tom2,017,20210929,20.0
1613,tom2,017,20210929,9.52
1614,tom2,018,20210929,16.11
1615,tom2,019,20210929,3.47
1616,tom2,020,20210929,7.86
1617,tom2,021,20210929,8.64
1618,tom2,021,20210929,15.75
1619,tom2,023,20210929,12.25
1620,tom2,023,20210929,11.43
1621,tom2,024,20210929,4.07
1622,tom2,024,20210929,4.21
1623,tom2,025,20210929,15.04
1624,tom2,026,20210929,13.38
1625,tom2,026,20210929,15.75
1626,tom2,027,20210929,6.48
1627,tom2,028,20210929,4.85
1628,tom2,028,20210929,5.66
1629,tom2,029,20210929,19.5
1630,tom2,030,20210929,6.27
1631,tom2,031,20210930,4.39
1632,tom2,031,20210930,5.27
1633,tom2,032,20210930,8.21
1634,tom2,032,20210930,7.33
1635,tom2,033,20210930,
1636,tom2,033,20210930,17.7
1637,tom2,034,20210930,4.35
1638,tom2,034,20210930,6.12
1639,tom2,035,20210930,5.81
1640,tom2,035,20210930,12.0
1641,tom2,036,20210930,1.52
1642,tom2,036,20210930,1.56
1643,tom2,037,20210930,
1644,tom2,038,20210930,
1645,tom2,038,20210930,
1646,tom2,039,20210930,7.82
1647,tom2,040,20210930,
1648,tom2,041,20210930,7.82
1649,tom2,041,20210930,8.11
1650,tom2,042,20210930,
1651,tom2,042,20210930,
1652,tom2,043,20210930,
1653,tom2,043,20210930,11.04
1654,tom2,044,20210930,2.37
1655,tom2,044,20210930,
1656,tom2,045,20210930,12.21
1657,tom2,046,20210930,5.81
1658,tom2,048,20210930,
1659,tom2,049,20210930,
1660,tom2,049,20210930,
1661,tom2,050,20210930,
1662,tom2,051,20210930,
1663,tom2,052,20210930,6.94
1664,tom2,053,20210930,
1665,tom2,054,20210930,25.52
1666,tom2,054,20210930,9.81
1667,tom2,055,20210930,16.39
1668,tom2,055,20210930,
1669,tom2,056,20210930,
1670,tom2,057,20210930,
1671,tom2,057,20210930,3.33
1672,tom2,058,20210930,13.52
1673,tom2,059,20210930,12.04
1674,tom2,060,20210930,19.36
1675,tom2,061,20211001,3.15
1676,tom2,061,20211001,4.21
1677,tom2,062,20211001,7.93
1678,tom2,062,20211001,1.88
1679,tom2,062,20211001,1.95
1680,tom2,063,20211001,2.44
1681,tom2,063,20211001,1.88
1682,tom2,064,20211001,6.34
1683,tom2,065,20211001,16.0
1684,tom2,065,20211001,4.99
1685,tom2,066,20211001,10.02
1686,tom2,066,20211001,23.01
1687,tom2,067,20211001,
1688,tom2,069,20211001,
1689,tom2,070,20211001,
1690,tom2,070,20211001,
1691,tom2,072,20211001,5.88
1692,tom2,072,20211001,5.63
1693,tom2,073,20211001,3.5
1694,tom2,073,20211001,2.9
1695,tom2,074,20211001,9.56
1696,tom2,074,20211001,11.68
1697,tom2,075,20211001,4.39
1698,tom2,075,20211001,3.4
1699,tom2,076,20211001,13.31
1700,tom2,076,20211001,14.09
1701,tom2,078,20211001,13.95
1702,tom2,078,20211001,11.04
1703,tom2,079,20211001,8.57
1704,tom2,080,20211001,2.73
1705,tom2,080,20211001,2.12
1706,tom2,081,20211001,11.36
1707,tom2,082,20211001,14.48
1708,tom2,082,20211001,9.35
1709,tom2,083,20211001,5.24
1710,tom2,083,20211001,6.16
1711,tom2,084,20211001,16.67
1712,tom2,086,20211001,7.5
1713,tom2,086,20211001,4.96
1714,tom2,088,20211001,6.16
1715,tom2,088,20211001,4.92
1716,tom2,089,20211001,7.19
1717,tom2,089,20211001,6.05
1718,tom2,092,20211001,8.0
1719,tom2,092,20211001,6.83
1720,tom2,094,20211001,10.34
1721,tom2,094,20211001,15.68
1722,tom2,095,20211001,4.99
1723,tom2,096,20211001,11.01
1724,tom2,097,20211001,10.12
1725,tom2,097,20211001,9.27
1726,tom2,098,20211001,6.83
1727,tom2,098,20211001,4.67
1728,tom2,099,20211001,15.96
1729,tom2,099,20211001,8.64
1730,tom2,100,20211001,7.54
1731,tom2,001,20211006,1.91
1732,tom2,001,20211006,2.76
1733,tom2,002,20211006,4.14
1734,tom2,003,20211006,4.78
1735,tom2,004,20211006,2.3
1736,tom2,004,20211006,3.12
1737,tom2,005,20211006,1.81
1738,tom2,006,20211006,3.36
1739,tom2,007,20211006,8.88
1740,tom2,007,20211006,8.21
1741,tom2,008,20211006,4.42
1742,tom2,008,20211006,3.26
1743,tom2,009,20211006,5.38
1744,tom2,009,20211006,2.97
1745,tom2,011,20211006,8.39
1746,tom2,011,20211006,4.71
1747,tom2,012,20211006,6.97
1748,tom2,012,20211006,7.75
1749,tom2,013,20211006,7.15
1750,tom2,013,20211006,5.91
1751,tom2,014,20211006,3.68
1752,tom2,015,20211006,10.8
1753,tom2,016,20211006,2.19
1754,tom2,016,20211006,2.83
1755,tom2,017,20211006,2.3
1756,tom2,017,20211006,2.16
1757,tom2,018,20211006,2.23
1758,tom2,018,20211006,1.95
1759,tom2,019,20211006,2.51
1760,tom2,019,20211006,2.48
1761,tom2,020,20211006,9.63
1762,tom2,021,20211006,9.84
1763,tom2,022,20211006,8.18
1764,tom2,023,20211006,6.27
1765,tom2,024,20211006,2.62
1766,tom2,025,20211006,11.22
1767,tom2,026,20211006,11.15
1768,tom2,026,20211006,6.83
1769,tom2,027,20211006,1.66
1770,tom2,027,20211006,1.35
1771,tom2,027,20211006,1.81
1772,tom2,029,20211006,9.06
1773,tom2,030,20211006,1.84
1774,tom2,031,20211007,3.82
1775,tom2,031,20211007,2.41
1776,tom2,032,20211007,16.18
1777,tom2,033,20211007,12.32
1778,tom2,033,20211007,7.4
1779,tom2,034,20211007,5.81
1780,tom2,035,20211007,11.61
1781,tom2,036,20211007,12.6
1782,tom2,037,20211007,1.95
1783,tom2,038,20211007,6.12
1784,tom2,040,20211007,5.06
1785,tom2,040,20211007,5.27
1786,tom2,041,20211007,10.8
1787,tom2,044,20211007,10.83
1788,tom2,044,20211007,5.66
1789,tom2,045,20211007,9.1
1790,tom2,045,20211007,7.15
1791,tom2,046,20211007,12.5
1792,tom2,047,20211007,11.01
1793,tom2,048,20211007,8.78
1794,tom2,048,20211007,6.19
1795,tom2,049,20211007,3.58
1796,tom2,049,20211007,3.61
1797,tom2,051,20211007,12.64
1798,tom2,052,20211007,10.55
1799,tom2,053,20211007,13.95
1800,tom2,053,20211007,8.81
1801,tom2,054,20211007,8.64
1802,tom2,055,20211007,4.28
1803,tom2,056,20211007,6.94
1804,tom2,057,20211007,5.13
1805,tom2,058,20211007,10.12
1806,tom2,058,20211007,6.19
1807,tom2,060,20211007,8.04
1808,tom2,061,20211008,2.34
1809,tom2,061,20211008,2.3
1810,tom2,064,20211008,4.6
1811,tom2,064,20211008,2.87
1812,tom2,065,20211008,3.54
1813,tom2,067,20211008,1.84
1814,tom2,067,20211008,2.41
1815,tom2,068,20211008,4.32
1816,tom2,069,20211008,11.61
1817,tom2,069,20211008,6.19
1818,tom2,071,20211008,3.75
1819,tom2,072,20211008,3.54
1820,tom2,073,20211008,7.12
1821,tom2,073,20211008,7.61
1822,tom2,075,20211008,4.42
1823,tom2,076,20211008,12.07
1824,tom2,078,20211008,12.39
1825,tom2,079,20211008,5.88
1826,tom2,083,20211008,1.59
1827,tom2,085,20211008,6.62
1828,tom2,085,20211008,3.15
1829,tom2,086,20211008,7.12
1830,tom2,087,20211008,20.78
1831,tom2,088,20211008,7.22
1832,tom2,088,20211008,5.98
1833,tom2,090,20211008,4.74
1834,tom2,090,20211008,3.72
1835,tom2,091,20211008,8.57
1836,tom2,092,20211008,9.35
1837,tom2,093,20211008,11.82
1838,tom2,094,20211008,12.11
1839,tom2,095,20211008,13.27
1840,tom2,096,20211008,6.41
1841,tom2,096,20211008,7.47
1842,tom2,098,20211008,22.65
1843,tom2,099,20211008,5.13
1844,tom2,100,20211008,17.17
1845,tom2,001,20211013,13.91
1846,tom2,001,20211013,11.22
1847,tom2,002,20211013,11.08
1848,tom2,003,20211013,2.51
1849,tom2,003,20211013,1.84
1850,tom2,004,20211013,0.46
1851,tom2,006,20211013,1.91
1852,tom2,007,20211013,4.25
1853,tom2,007,20211013,2.73
1854,tom2,008,20211013,11.47
1855,tom2,009,20211013,1.98
1856,tom2,010,20211013,1.1
1857,tom2,010,20211013,1.84
1858,tom2,011,20211013,1.31
1859,tom2,012,20211013,2.02
1860,tom2,012,20211013,20.53
1861,tom2,013,20211013,14.69
1862,tom2,013,20211013,7.22
1863,tom2,014,20211013,1.98
1864,tom2,014,20211013,5.95
1865,tom2,015,20211013,1.56
1866,tom2,015,20211013,1.38
1867,tom2,015,20211013,1.1
1868,tom2,016,20211013,4.78
1869,tom2,016,20211013,2.9
1870,tom2,017,20211013,0.96
1871,tom2,018,20211013,21.03
1872,tom2,019,20211013,2.73
1873,tom2,019,20211013,1.84
1874,tom2,020,20211013,9.45
1875,tom2,021,20211013,6.34
1876,tom2,021,20211013,4.39
1877,tom2,022,20211013,4.46
1878,tom2,023,20211013,3.82
1879,tom2,023,20211013,3.75
1880,tom2,024,20211013,2.69
1881,tom2,026,20211013,8.85
1882,tom2,026,20211013,8.28
1883,tom2,027,20211013,18.44
1884,tom2,028,20211013,2.69
1885,tom2,029,20211013,3.75
1886,tom2,030,20211013,8.64
1887,tom2,031,20211014,3.61
1888,tom2,032,20211014,2.97
1889,tom2,032,20211014,2.58
1890,tom2,033,20211014,2.44
1891,tom2,033,20211014,2.37
1892,tom2,034,20211014,1.31
1893,tom2,034,20211014,0.64
1894,tom2,035,20211014,0.18
1895,tom2,035,20211014,0.07
1896,tom2,036,20211014,22.48
1897,tom2,037,20211014,13.84
1898,tom2,038,20211014,20.14
1899,tom2,039,20211014,5.91
1900,tom2,040,20211014,7.43
1901,tom2,040,20211014,
1902,tom2,041,20211014,5.95
1903,tom2,041,20211014,5.52
1904,tom2,042,20211014,8.99
1905,tom2,042,20211014,4.39
1906,tom2,043,20211014,11.22
1907,tom2,044,20211014,11.86
1908,tom2,045,20211014,1.31
1909,tom2,046,20211014,6.58
1910,tom2,046,20211014,4.11
1911,tom2,047,20211014,2.19
1912,tom2,048,20211014,2.27
1913,tom2,049,20211014,3.08
1914,tom2,049,20211014,1.73
1915,tom2,050,20211014,18.65
1916,tom2,050,20211014,1.49
1917,tom2,051,20211014,3.36
1918,tom2,051,20211014,4.25
1919,tom2,052,20211014,14.87
1920,tom2,052,20211014,18.83
1921,tom2,053,20211014,3.82
1922,tom2,054,20211014,5.91
1923,tom2,054,20211014,4.71
1924,tom2,056,20211014,27.61
1925,tom2,057,20211014,20.99
1926,tom2,058,20211014,2.48
1927,tom2,058,20211014,2.12
1928,tom2,059,20211014,2.8
1929,tom2,060,20211014,6.94
1930,tom2,061,20211016,12.64
1931,tom2,062,20211016,12.46
1932,tom2,062,20211016,6.76
1933,tom2,063,20211016,5.24
1934,tom2,064,20211016,5.06
1935,tom2,065,20211016,9.84
1936,tom2,066,20211016,5.49
1937,tom2,067,20211016,1.56
1938,tom2,068,20211016,12.28
1939,tom2,068,20211016,9.27
1940,tom2,069,20211016,3.58
1941,tom2,069,20211016,3.79
1942,tom2,070,20211016,25.35
1943,tom2,071,20211016,13.77
1944,tom2,072,20211016,
1945,tom2,073,20211016,7.93
1946,tom2,074,20211016,8.32
1947,tom2,075,20211016,9.49
1948,tom2,076,20211016,9.95
1949,tom2,077,20211016,9.2
1950,tom2,077,20211016,5.7
1951,tom2,078,20211016,15.43
1952,tom2,079,20211016,7.01
1953,tom2,081,20211016,14.48
1954,tom2,082,20211016,2.73
1955,tom2,082,20211016,4.14
1956,tom2,083,20211016,10.05
1957,tom2,083,20211016,8.39
1958,tom2,084,20211016,30.48
1959,tom2,086,20211016,8.99
1960,tom2,086,20211016,9.13
1961,tom2,087,20211016,10.8
1962,tom2,088,20211016,
1963,tom2,089,20211016,5.73
1964,tom2,090,20211016,21.95
1965,tom2,091,20211016,11.5
1966,tom2,094,20211016,6.65
1967,tom2,094,20211016,4.5
1968,tom2,095,20211016,19.26
1969,tom2,096,20211016,18.02
1970,tom2,096,20211016,14.58
1971,tom2,097,20211016,14.58
1972,tom2,097,20211016,
1973,tom2,098,20211016,4.57
1974,tom2,099,20211016,13.77
1975,tom2,100,20211016,16.78
1976,tom2,001,20211021,5.84
1977,tom2,001,20211021,5.06
1978,tom2,002,20211021,15.61
1979,tom2,002,20211021,9.38
1980,tom2,003,20211021,26.65
1981,tom2,003,20211021,20.28
1982,tom2,004,20211021,1.56
1983,tom2,004,20211021,1.73
1984,tom2,005,20211021,4.0
1985,tom2,006,20211021,18.65
1986,tom2,006,20211021,22.73
1987,tom2,007,20211021,5.31
1988,tom2,007,20211021,3.5
1989,tom2,008,20211021,7.15
1990,tom2,009,20211021,10.05
1991,tom2,009,20211021,9.31
1992,tom2,010,20211021,
1993,tom2,011,20211021,9.63
1994,tom2,011,20211021,16.74
1995,tom2,012,20211021,
1996,tom2,012,20211021,17.38
1997,tom2,014,20211021,8.0
1998,tom2,014,20211021,24.0
1999,tom2,015,20211021,39.93
2000,tom2,015,20211021,11.36
2001,tom2,016,20211021,43.89
2002,tom2,016,20211021,20.42
2003,tom2,017,20211021,4.6
2004,tom2,018,20211021,
2005,tom2,019,20211021,5.56
2006,tom2,020,20211021,7.26
2007,tom2,020,20211021,3.26
2008,tom2,021,20211021,12.67
2009,tom2,021,20211021,9.59
2010,tom2,022,20211021,10.94
2011,tom2,022,20211021,
2012,tom2,023,20211021,5.03
2013,tom2,024,20211021,1.45
2014,tom2,024,20211021,
2015,tom2,025,20211021,12.21
2016,tom2,025,20211021,25.7
2017,tom2,026,20211021,3.86
2018,tom2,026,20211021,3.01
2019,tom2,027,20211021,15.15
2020,tom2,027,20211021,27.82
2021,tom2,028,20211021,13.2
2022,tom2,028,20211021,11.75
2023,tom2,029,20211021,6.02
2024,tom2,029,20211021,4.99
2025,tom2,030,20211021,9.03
2026,tom2,030,20211021,6.8
2027,tom2,031,20211022,11.61
2028,tom2,031,20211022,9.31
2029,tom2,032,20211022,6.69
2030,tom2,032,20211022,4.57
2031,tom2,033,20211022,19.08
2032,tom2,033,20211022,3.58
2033,tom2,034,20211022,5.7
2034,tom2,034,20211022,4.39
2035,tom2,035,20211022,8.71
2036,tom2,035,20211022,10.34
2037,tom2,036,20211022,8.18
2038,tom2,037,20211022,5.95
2039,tom2,038,20211022,10.41
2040,tom2,039,20211022,5.66
2041,tom2,040,20211022,13.56
2042,tom2,040,20211022,12.18
2043,tom2,042,20211022,7.47
2044,tom2,042,20211022,5.13
2045,tom2,043,20211022,1.88
2046,tom2,045,20211022,21.52
2047,tom2,046,20211022,1.88
2048,tom2,046,20211022,2.16
2049,tom2,049,20211022,19.33
2050,tom2,050,20211022,8.57
2051,tom2,050,20211022,23.75
2052,tom2,051,20211022,24.78
2053,tom2,052,20211022,5.84
2054,tom2,053,20211022,27.61
2055,tom2,054,20211022,1.49
2056,tom2,055,20211022,1.81
2057,tom2,056,20211022,1.38
2058,tom2,056,20211022,0.88
2059,tom2,057,20211022,4.81
2060,tom2,057,20211022,5.98
2061,tom2,058,20211022,2.65
2062,tom2,058,20211022,2.87
2063,tom2,059,20211022,5.38
2064,tom2,060,20211022,0.6
2065,tom2,076,20211023,3.93
2066,tom2,077,20211023,7.75
2067,tom2,078,20211023,22.76
2068,tom2,078,20211023,21.17
2069,tom2,079,20211023,7.61
2070,tom2,079,20211023,6.19
2071,tom2,080,20211023,27.26
2072,tom2,081,20211023,8.35
2073,tom2,082,20211023,21.98
2074,tom2,082,20211023,21.13
2075,tom2,083,20211023,7.36
2076,tom2,083,20211023,8.81
2077,tom2,084,20211023,26.19
2078,tom2,085,20211023,2.55
2079,tom2,085,20211023,2.27
2080,tom2,086,20211023,6.23
2081,tom2,086,20211023,8.18
2082,tom2,087,20211023,16.11
2083,tom2,087,20211023,14.58
2084,tom2,088,20211023,12.74
2085,tom2,089,20211023,26.37
2086,tom2,090,20211023,2.76
2087,tom2,091,20211023,5.13
2088,tom2,091,20211023,3.75
2089,tom2,092,20211023,4.81
2090,tom2,092,20211023,4.32
2091,tom2,093,20211023,14.27
2092,tom2,093,20211023,13.59
2093,tom2,093,20211023,12.67
2094,tom2,093,20211023,11.96
2095,tom2,094,20211023,8.71
2096,tom2,095,20211023,9.1
2097,tom2,095,20211023,7.89
2098,tom2,096,20211023,14.9
2099,tom2,096,20211023,18.48
2100,tom2,097,20211023,20.18
2101,tom2,097,20211023,18.09
2102,tom2,098,20211023,
2103,tom2,099,20211023,18.69
2104,tom2,099,20211023,15.61
2105,tom2,100,20211023,27.29
2106,tom2,001,20211027,20.21
2107,tom2,001,20211027,19.79
2108,tom2,002,20211027,20.6
2109,tom2,002,20211027,20.88
2110,tom2,003,20211027,1.98
2111,tom2,003,20211027,26.94
2112,tom2,004,20211027,
2113,tom2,004,20211027,18.27
2114,tom2,005,20211027,9.91
2115,tom2,005,20211027,8.21
2116,tom2,006,20211027,27.47
2117,tom2,007,20211027,
2118,tom2,008,20211027,2.83
2119,tom2,008,20211027,3.4
2120,tom2,009,20211027,13.31
2121,tom2,010,20211027,5.52
2122,tom2,010,20211027,5.95
2123,tom2,011,20211027,4.99
2124,tom2,011,20211027,3.72
2125,tom2,012,20211027,14.02
2126,tom2,012,20211027,13.24
2127,tom2,013,20211027,7.82
2128,tom2,013,20211027,7.01
2129,tom2,014,20211027,3.86
2130,tom2,015,20211027,7.58
2131,tom2,015,20211027,12.07
2132,tom2,016,20211027,2.23
2133,tom2,017,20211027,16.64
2134,tom2,018,20211027,16.57
2135,tom2,019,20211027,12.6
2136,tom2,020,20211027,28.74
2137,tom2,021,20211027,6.37
2138,tom2,023,20211027,2.73
2139,tom2,023,20211027,2.48
2140,tom2,024,20211027,14.27
2141,tom2,026,20211027,16.11
2142,tom2,026,20211027,18.8
2143,tom2,027,20211027,19.86
2144,tom2,027,20211027,
2145,tom2,028,20211027,
2146,tom2,028,20211027,
2147,tom2,029,20211027,16.5
2148,tom2,030,20211027,4.6
2149,tom2,031,20211030,11.72
2150,tom2,031,20211030,11.93
2151,tom2,034,20211030,25.84
2152,tom2,035,20211030,4.64
2153,tom2,036,20211030,12.0
2154,tom2,036,20211030,11.08
2155,tom2,037,20211030,12.92
2156,tom2,038,20211030,12.39
2157,tom2,039,20211030,10.19
2158,tom2,039,20211030,12.28
2159,tom2,040,20211030,14.65
2160,tom2,041,20211030,10.69
2161,tom2,043,20211030,17.17
2162,tom2,044,20211030,34.3
2163,tom2,044,20211030,27.5
2164,tom2,045,20211030,16.71
2165,tom2,046,20211030,24.71
2166,tom2,046,20211030,23.43
2167,tom2,048,20211030,14.34
2168,tom2,049,20211030,15.4
2169,tom2,050,20211030,21.45
2170,tom2,051,20211030,15.89
2171,tom2,051,20211030,15.47
2172,tom2,052,20211030,29.27
2173,tom2,052,20211030,30.87
2174,tom2,053,20211030,4.25
2175,tom2,053,20211030,7.82
2176,tom2,055,20211030,6.73
2177,tom2,055,20211030,5.17
2178,tom2,056,20211030,6.83
2179,tom2,057,20211030,22.97
2180,tom2,058,20211030,17.24
2181,tom2,058,20211030,9.17
2182,tom2,059,20211030,17.13
2183,tom2,060,20211030,25.81
2184,tom2,061,20211030,37.88
2185,tom2,061,20211030,27.89
2186,tom2,062,20211030,9.7
2187,tom2,063,20211030,10.83
2188,tom2,064,20211030,3.33
2189,tom2,067,20211030,11.93
2190,tom2,068,20211030,11.01
2191,tom2,068,20211030,9.59
2192,tom2,069,20211030,10.8
2193,tom2,071,20211030,8.92
2194,tom2,071,20211030,10.55
2195,tom2,072,20211030,9.73
2196,tom2,073,20211030,5.24
2197,tom2,073,20211030,3.4
2198,tom2,075,20211030,28.28
2199,tom2,075,20211030,24.07
2200,tom2,076,20211030,20.96
2201,tom2,076,20211030,17.52
2202,tom2,077,20211030,28.28
2203,tom2,078,20211030,10.69
2204,tom2,078,20211030,11.79
2205,tom2,079,20211030,5.59
2206,tom2,080,20211030,21.81
2207,tom2,080,20211030,7.5
2208,tom2,081,20211030,8.6
2209,tom2,082,20211030,13.98
2210,tom2,083,20211030,19.4
2211,tom2,084,20211030,15.08
2212,tom2,085,20211030,13.7
2213,tom2,086,20211030,22.12
2214,tom2,088,20211030,11.04
2215,tom2,089,20211030,8.99
2216,tom2,090,20211030,15.4
2217,tom2,093,20211030,19.54
2218,tom2,093,20211030,
2219,tom2,094,20211030,10.16
2220,tom2,094,20211030,22.62
2221,tom2,096,20211030,11.04
2222,tom2,096,20211030,14.12
2223,tom2,098,20211030,9.73
2224,tom2,100,20211030,
2225,tom2,001,20211117,6.12
2226,tom2,002,20211117,10.41
2227,tom2,002,20211117,12.35
2228,tom2,003,20211117,13.38
2229,tom2,004,20211117,11.29
2230,tom2,005,20211117,6.65
2231,tom2,006,20211117,13.03
2232,tom2,006,20211117,10.83
2233,tom2,008,20211117,7.82
2234,tom2,010,20211117,8.6
2235,tom2,011,20211117,10.87
2236,tom2,012,20211117,3.26
2237,tom2,013,20211117,8.11
2238,tom2,014,20211117,18.87
2239,tom2,014,20211117,17.98
2240,tom2,015,20211117,23.4
2241,tom2,015,20211117,24.25
2242,tom2,016,20211117,14.34
2243,tom2,016,20211117,15.15
2244,tom2,017,20211117,40.67
2245,tom2,017,20211117,31.65
2246,tom2,017,20211117,36.25
2247,tom2,017,20211117,37.42
2248,tom2,018,20211117,40.85
2249,tom2,018,20211117,
2250,tom2,019,20211117,34.37
2251,tom2,020,20211117,27.29
2252,tom2,020,20211117,24.67
2253,tom2,021,20211117,20.96
2254,tom2,021,20211117,23.36
2255,tom2,022,20211117,10.12
2256,tom2,022,20211117,8.96
2257,tom2,023,20211117,4.14
2258,tom2,023,20211117,5.24
2259,tom2,024,20211117,8.46
2260,tom2,024,20211117,16.11
2261,tom2,025,20211117,35.58
2262,tom2,027,20211117,33.91
2263,tom2,027,20211117,32.6
2264,tom2,028,20211117,25.24
2265,tom2,029,20211117,13.49
2266,tom2,029,20211117,14.44
2267,tom2,030,20211117,14.83
2268,tom2,030,20211117,25.63
2269,tom2,031,20211119,8.92
2270,tom2,031,20211119,6.83
2271,tom2,032,20211119,8.14
2272,tom2,032,20211119,9.13
2273,tom2,033,20211119,13.63
2274,tom2,034,20211119,19.79
2275,tom2,035,20211119,9.52
2276,tom2,036,20211119,15.29
2277,tom2,036,20211119,16.6
2278,tom2,037,20211119,10.9
2279,tom2,037,20211119,11.5
2280,tom2,038,20211119,11.01
2281,tom2,038,20211119,13.98
2282,tom2,039,20211119,12.53
2283,tom2,040,20211119,10.55
2284,tom2,041,20211119,16.64
2285,tom2,041,20211119,17.06
2286,tom2,043,20211119,4.6
2287,tom2,044,20211119,22.05
2288,tom2,044,20211119,21.45
2289,tom2,045,20211119,15.26
2290,tom2,046,20211119,35.5
2291,tom2,046,20211119,39.12
2292,tom2,047,20211119,5.24
2293,tom2,047,20211119,5.1
2294,tom2,048,20211119,1.95
2295,tom2,049,20211119,12.25
2296,tom2,049,20211119,11.22
2297,tom2,050,20211119,15.72
2298,tom2,050,20211119,15.22
2299,tom2,051,20211119,12.28
2300,tom2,051,20211119,10.9
2301,tom2,052,20211119,8.04
2302,tom2,052,20211119,13.52
2303,tom2,053,20211119,11.58
2304,tom2,055,20211119,18.55
2305,tom2,056,20211119,20.92
2306,tom2,057,20211119,28.85
2307,tom2,058,20211119,8.28
2308,tom2,059,20211119,11.22
2309,tom2,059,20211119,10.87
2310,tom2,060,20211119,9.91
2311,tom2,060,20211119,6.55
2312,tom2,061,20211119,19.5
2313,tom2,062,20211119,10.48
2314,tom2,063,20211119,11.36
2315,tom2,063,20211119,2.44
2316,tom2,064,20211119,31.82
2317,tom2,064,20211119,5.95
2318,tom2,066,20211119,16.35
2319,tom2,066,20211119,15.36
2320,tom2,067,20211119,20.07
2321,tom2,068,20211119,3.89
2322,tom2,068,20211119,3.36
2323,tom2,069,20211119,5.1
2324,tom2,070,20211119,19.26
2325,tom2,071,20211119,7.65
2326,tom2,071,20211119,7.72
2327,tom2,072,20211119,18.34
2328,tom2,072,20211119,16.78
2329,tom2,073,20211119,8.6
2330,tom2,073,20211119,9.35
2331,tom2,075,20211119,5.91
2332,tom2,075,20211119,8.6
2333,tom2,076,20211119,11.96
2334,tom2,076,20211119,11.96
2335,tom2,077,20211119,13.31
2336,tom2,078,20211119,7.15
2337,tom2,078,20211119,8.53
2338,tom2,079,20211119,7.22
2339,tom2,080,20211119,15.5
2340,tom2,080,20211119,14.94
2341,tom2,082,20211119,6.12
2342,tom2,082,20211119,6.16
2343,tom2,083,20211119,7.58
2344,tom2,084,20211119,5.95
2345,tom2,084,20211119,7.19
2346,tom2,085,20211119,18.51
2347,tom2,085,20211119,16.85
2348,tom2,086,20211119,13.31
2349,tom2,086,20211119,12.71
2350,tom2,087,20211119,12.71
2351,tom2,087,20211119,12.35
2352,tom2,088,20211119,11.12
2353,tom2,089,20211119,12.99
2354,tom2,091,20211119,13.1
2355,tom2,092,20211119,11.43
2356,tom2,093,20211119,21.31
2357,tom2,094,20211119,5.31
2358,tom2,094,20211119,6.02
2359,tom2,095,20211119,4.46
2360,tom2,095,20211119,5.17
2361,tom2,096,20211119,27.65
2362,tom2,097,20211119,20.71
2363,tom2,097,20211119,15.22
2364,tom2,098,20211119,46.02
2365,tom2,099,20211119,37.17
2366,tom2,099,20211119,37.98
2367,tom2,100,20211119,14.41
2368,tom2,001,20211125,29.88
2369,tom2,002,20211125,
2370,tom2,002,20211125,4.96
2371,tom2,003,20211125,7.29
2372,tom2,004,20211125,6.9
2373,tom2,004,20211125,7.22
2374,tom2,005,20211125,2.51
2375,tom2,006,20211125,30.76
2376,tom2,006,20211125,31.33
2377,tom2,007,20211125,22.05
2378,tom2,007,20211125,23.26
2379,tom2,008,20211125,19.58
2380,tom2,008,20211125,9.49
2381,tom2,009,20211125,26.3
2382,tom2,010,20211125,27.61
2383,tom2,010,20211125,6.41
2384,tom2,011,20211125,6.55
2385,tom2,012,20211125,18.41
2386,tom2,014,20211125,10.97
2387,tom2,014,20211125,12.18
2388,tom2,015,20211125,12.5
2389,tom2,016,20211125,8.42
2390,tom2,017,20211125,10.83
2391,tom2,018,20211125,10.58
2392,tom2,018,20211125,16.6
2393,tom2,019,20211125,7.79
2394,tom2,020,20211125,4.14
2395,tom2,022,20211125,21.56
2396,tom2,022,20211125,12.5
2397,tom2,023,20211125,21.63
2398,tom2,023,20211125,6.65
2399,tom2,024,20211125,43.72
2400,tom2,024,20211125,49.95
2401,tom2,026,20211125,25.03
2402,tom2,026,20211125,20.04
2403,tom2,027,20211125,8.81
2404,tom2,028,20211125,28.64
2405,tom2,029,20211125,25.66
2406,tom2,030,20211125,5.56
2407,tom2,031,20211125,27.33
2408,tom2,031,20211125,2.83
2409,tom2,032,20211125,6.37
2410,tom2,033,20211125,6.34
2411,tom2,033,20211125,6.94
2412,tom2,034,20211125,3.5
2413,tom2,034,20211125,3.08
2414,tom2,035,20211125,4.25
2415,tom2,036,20211125,24.5
2416,tom2,037,20211125,20.57
2417,tom2,038,20211125,7.5
2418,tom2,039,20211125,19.19
2419,tom2,039,20211125,16.81
2420,tom2,041,20211125,7.82
2421,tom2,042,20211125,0.21
2422,tom2,044,20211125,2.9
2423,tom2,044,20211125,2.9
2424,tom2,046,20211125,11.04
2425,tom2,046,20211125,12.25
2426,tom2,048,20211125,10.73
2427,tom2,050,20211125,14.44
2428,tom2,050,20211125,15.4
2429,tom2,052,20211125,23.36
2430,tom2,053,20211125,5.88
2431,tom2,053,20211125,4.53
2432,tom2,054,20211125,37.38
2433,tom2,054,20211125,28.99
2434,tom2,055,20211125,17.06
2435,tom2,056,20211125,8.64
2436,tom2,057,20211125,11.26
2437,tom2,057,20211125,12.39
2438,tom2,058,20211125,
2439,tom2,060,20211125,9.52
2440,tom2,060,20211125,7.5
2441,tom2,061,20211127,27.12
2442,tom2,062,20211127,6.27
2443,tom2,062,20211127,8.25
2444,tom2,063,20211127,7.72
2445,tom2,064,20211127,20.18
2446,tom2,065,20211127,23.5
2447,tom2,065,20211127,24.42
2448,tom2,066,20211127,28.28
2449,tom2,067,20211127,30.27
2450,tom2,067,20211127,29.84
2451,tom2,068,20211127,54.27
2452,tom2,068,20211127,36.25
2453,tom2,069,20211127,18.16
2454,tom2,069,20211127,18.83
2455,tom2,070,20211127,13.24
2456,tom2,071,20211127,12.78
2457,tom2,072,20211127,27.89
2458,tom2,072,20211127,2.48
2459,tom2,073,20211127,2.41
2460,tom2,075,20211127,12.28
2461,tom2,075,20211127,10.48
2462,tom2,076,20211127,21.38
2463,tom2,077,20211127,21.17
2464,tom2,078,20211127,41.98
2465,tom2,078,20211127,
2466,tom2,080,20211127,17.2
2467,tom2,080,20211127,6.51
2468,tom2,081,20211127,22.23
2469,tom2,082,20211127,6.19
2470,tom2,083,20211127,32.04
2471,tom2,083,20211127,36.5
2472,tom2,084,20211127,19.26
2473,tom2,085,20211127,11.89
2474,tom2,087,20211127,30.05
2475,tom2,088,20211127,32.53
2476,tom2,089,20211127,6.87
2477,tom2,089,20211127,8.5
2478,tom2,090,20211127,15.43
2479,tom2,090,20211127,26.62
2480,tom2,091,20211127,21.49
2481,tom2,092,20211127,7.08
2482,tom2,092,20211127,7.33
2483,tom2,093,20211127,25.7
2484,tom2,094,20211127,11.43
2485,tom2,095,20211127,15.54
2486,tom2,096,20211127,11.19
2487,tom2,096,20211127,18.48
2488,tom2,097,20211127,23.96
2489,tom2,097,20211127,4.67
2490,tom2,001,20211203,17.56
2491,tom2,002,20211203,17.63
2492,tom2,003,20211203,21.03
2493,tom2,004,20211203,16.21
2494,tom2,006,20211203,11.68
2495,tom2,008,20211203,17.98
2496,tom2,009,20211203,8.14
2497,tom2,010,20211203,22.55
2498,tom2,010,20211203,5.2
2499,tom2,011,20211203,6.12
2500,tom2,012,20211203,9.2
2501,tom2,012,20211203,8.32
2502,tom2,013,20211203,9.49
2503,tom2,014,20211203,7.29
2504,tom2,015,20211203,6.48
2505,tom2,015,20211203,8.92
2506,tom2,016,20211203,7.01
2507,tom2,016,20211203,8.39
2508,tom2,017,20211203,10.73
2509,tom2,018,20211203,21.77
2510,tom2,020,20211203,6.05
2511,tom2,021,20211203,17.59
2512,tom2,022,20211203,11.82
2513,tom2,022,20211203,19.26
2514,tom2,023,20211203,8.5
2515,tom2,024,20211203,9.24
2516,tom2,025,20211203,16.99
2517,tom2,026,20211203,20.92
2518,tom2,027,20211203,23.22
2519,tom2,027,20211203,25.77
2520,tom2,028,20211203,32.18
2521,tom2,030,20211203,10.27
2522,tom2,033,20211203,17.03
2523,tom2,034,20211203,15.54
2524,tom2,035,20211203,14.69
2525,tom2,036,20211203,15.58
2526,tom2,038,20211203,10.73
2527,tom2,039,20211203,12.11
2528,tom2,040,20211203,25.42
2529,tom2,040,20211203,3.75
2530,tom2,041,20211203,7.33
2531,tom2,042,20211203,7.79
2532,tom2,043,20211203,12.04
2533,tom2,044,20211203,6.9
2534,tom2,044,20211203,11.08
2535,tom2,045,20211203,6.37
2536,tom2,045,20211203,6.87
2537,tom2,046,20211203,5.38
2538,tom2,047,20211203,11.22
2539,tom2,049,20211203,14.16
2540,tom2,050,20211203,13.59
2541,tom2,051,20211204,10.44
2542,tom2,052,20211204,15.08
2543,tom2,052,20211204,19.86
2544,tom2,052,20211204,3.29
2545,tom2,053,20211204,13.66
2546,tom2,054,20211204,11.89
2547,tom2,054,20211204,13.1
2548,tom2,055,20211204,12.74
2549,tom2,058,20211204,8.46
2550,tom2,059,20211204,7.12
2551,tom2,059,20211204,11.01
2552,tom2,060,20211204,16.53
2553,tom2,062,20211204,6.44
2554,tom2,062,20211204,6.97
2555,tom2,063,20211204,7.4
2556,tom2,063,20211204,7.72
2557,tom2,065,20211204,6.8
2558,tom2,065,20211204,6.69
2559,tom2,066,20211204,4.18
2560,tom2,067,20211204,6.16
2561,tom2,067,20211204,19.01
2562,tom2,068,20211204,20.71
2563,tom2,069,20211204,12.78
2564,tom2,069,20211204,15.58
2565,tom2,070,20211204,7.22
2566,tom2,070,20211204,15.61
2567,tom2,071,20211204,15.65
2568,tom2,072,20211204,12.96
2569,tom2,073,20211204,21.95
2570,tom2,074,20211204,8.81
2571,tom2,074,20211204,17.81
2572,tom2,075,20211204,15.65
2573,tom2,077,20211204,21.03
2574,tom2,078,20211204,16.42
2575,tom2,079,20211204,2.87
2576,tom2,080,20211204,12.07
2577,tom2,081,20211204,12.64
2578,tom2,082,20211204,14.23
2579,tom2,083,20211204,19.33
2580,tom2,085,20211204,6.34
2581,tom2,085,20211204,15.61
2582,tom2,086,20211204,21.13
2583,tom2,086,20211204,8.92
2584,tom2,087,20211204,8.88
2585,tom2,088,20211204,10.62
2586,tom2,089,20211204,9.42
2587,tom2,090,20211204,8.64
2588,tom2,091,20211204,4.92
2589,tom2,091,20211204,6.09
2590,tom2,092,20211204,5.17
2591,tom2,092,20211204,6.9
2592,tom2,093,20211204,8.04
2593,tom2,093,20211204,7.01
2594,tom2,093,20211204,19.04
2595,tom2,094,20211204,13.59
2596,tom2,094,20211204,17.63
2597,tom2,095,20211204,9.42
2598,tom2,095,20211204,11.61
2599,tom2,096,20211204,8.46
2600,tom2,097,20211204,19.08
2601,tom2,098,20211204,20.14
2602,tom2,099,20211204,11.22
2603,tom2,100,20211204,2.58
2604,tom2,100,20211204,2.55
2605,tom2,061,20211219,30.02
2606,tom2,062,20211219,10.37
2607,tom2,062,20211219,14.48
2608,tom2,063,20211219,15.12
2609,tom2,063,20211219,17.49
2610,tom2,064,20211219,17.88
2611,tom2,064,20211219,16.64
2612,tom2,065,20211219,14.44
2613,tom2,066,20211219,4.39
2614,tom2,068,20211219,10.73
2615,tom2,069,20211219,20.21
2616,tom2,070,20211219,26.3
2617,tom2,070,20211219,13.73
2618,tom2,071,20211219,26.69
2619,tom2,071,20211219,2.16
2620,tom2,072,20211219,12.71
2621,tom2,072,20211219,14.97
2622,tom2,073,20211219,8.04
2623,tom2,074,20211219,26.69
2624,tom2,074,20211219,26.05
2625,tom2,075,20211219,22.02
2626,tom2,076,20211219,11.93
2627,tom2,077,20211219,23.93
2628,tom2,077,20211219,27.47
2629,tom2,078,20211219,25.81
2630,tom2,079,20211219,3.19
2631,tom2,079,20211219,4.88
2632,tom2,071,20211225,13.06
2633,tom2,074,20211225,5.7
2634,tom2,074,20211225,
2635,tom2,075,20211225,10.12
2636,tom2,080,20211225,12.88
2637,tom2,085,20211226,4.21
2638,tom2,086,20211226,14.51
2639,tom2,087,20211226,7.12
2640,tom2,087,20211226,9.7
2641,tom2,088,20211226,7.43
2642,tom2,088,20211226,9.31
2643,tom2,089,20211226,13.88
2644,tom2,090,20211226,7.47
2645,tom2,091,20211226,
2646,tom2,091,20211226,3.93
2647,tom2,092,20211226,8.99
2648,tom2,093,20211226,5.66
2649,tom2,095,20211226,13.73
2650,tom2,096,20211226,8.57
2651,tom3,066,20220101,6.97
2652,tom3,076,20220101,6.16
2653,tom3,082,20220101,6.65
2654,tom3,084,20220101,7.43
2655,tom3,001,20210917,5.17
2656,tom3,002,20210917,1.88
2657,tom3,004,20210917,2.58
2658,tom3,005,20210917,1.91
2659,tom3,006,20210917,4.46
2660,tom3,007,20210917,2.05
2661,tom3,008,20210917,1.88
2662,tom3,009,20210917,1.84
2663,tom3,010,20210917,5.84
2664,tom3,010,20210917,6.09
2665,tom3,001,20210924,18.05
2666,tom3,003,20210924,6.19
2667,tom3,004,20210924,33.63
2668,tom3,004,20210924,3.19
2669,tom3,006,20210924,1.52
2670,tom3,006,20210924,1.59
2671,tom3,007,20210924,2.55
2672,tom3,008,20210924,11.29
2673,tom3,008,20210924,11.29
2674,tom3,009,20210924,11.26
2675,tom3,009,20210924,11.22
2676,tom3,010,20210924,24.42
2677,tom3,010,20210924,24.46
2678,tom3,011,20210919,4.07
2679,tom3,015,20210919,1.98
2680,tom3,017,20210919,1.98
2681,tom3,019,20210919,1.7
2682,tom3,020,20210919,1.84
2683,tom3,020,20210919,2.05
2684,tom3,020,20210919,2.02
2685,tom3,021,20210919,1.91
2686,tom3,023,20210919,3.79
2687,tom3,025,20210919,1.84
2688,tom3,026,20210919,1.13
2689,tom3,027,20210919,1.59
2690,tom3,028,20210919,2.55
2691,tom3,031,20210919,3.29
2692,tom3,032,20210919,3.01
2693,tom3,033,20210919,1.88
2694,tom3,033,20210919,1.88
2695,tom3,034,20210919,7.93
2696,tom3,035,20210919,21.03
2697,tom3,035,20210919,21.35
2698,tom3,036,20210919,2.9
2699,tom3,037,20210919,2.41
2700,tom3,038,20210919,3.29
2701,tom3,041,20210920,16.35
2702,tom3,041,20210920,15.86
2703,tom3,042,20210920,8.99
2704,tom3,043,20210920,25.84
2705,tom3,043,20210920,9.1
2706,tom3,044,20210920,
2707,tom3,044,20210920,10.09
2708,tom3,044,20210920,
2709,tom3,044,20210920,10.16
2710,tom3,045,20210920,10.23
2711,tom3,046,20210920,
2712,tom3,046,20210920,6.48
2713,tom3,048,20210920,14.19
2714,tom3,048,20210920,13.31
2715,tom3,048,20210920,14.05
2716,tom3,049,20210920,31.04
2717,tom3,049,20210920,31.04
2718,tom3,049,20210920,8.0
2719,tom3,050,20210920,
2720,tom3,051,20210920,10.83
2721,tom3,052,20210920,13.81
2722,tom3,053,20210920,2.97
2723,tom3,053,20210920,1.73
2724,tom3,053,20210920,3.12
2725,tom3,055,20210920,7.58
2726,tom3,057,20210920,2.83
2727,tom3,058,20210920,1.42
2728,tom3,060,20210920,4.04
2729,tom3,060,20210920,4.07
2730,tom3,061,20210921,1.77
2731,tom3,061,20210921,1.77
2732,tom3,062,20210921,3.72
2733,tom3,063,20210921,24.81
2734,tom3,063,20210921,11.08
2735,tom3,065,20210921,4.35
2736,tom3,065,20210921,6.12
2737,tom3,065,20210921,4.35
2738,tom3,065,20210921,6.37
2739,tom3,066,20210921,5.7
2740,tom3,066,20210921,6.76
2741,tom3,066,20210921,6.73
2742,tom3,067,20210921,26.19
2743,tom3,067,20210921,26.09
2744,tom3,068,20210921,10.05
2745,tom3,068,20210921,7.65
2746,tom3,068,20210921,10.05
2747,tom3,069,20210921,2.94
2748,tom3,069,20210921,2.05
2749,tom3,070,20210921,3.08
2750,tom3,070,20210921,3.15
2751,tom3,071,20210921,2.73
2752,tom3,071,20210921,3.01
2753,tom3,071,20210921,2.73
2754,tom3,071,20210921,3.04
2755,tom3,072,20210921,2.9
2756,tom3,073,20210921,
2757,tom3,073,20210921,3.93
2758,tom3,073,20210921,
2759,tom3,074,20210921,2.3
2760,tom3,074,20210921,3.54
2761,tom3,074,20210921,2.34
2762,tom3,075,20210921,
2763,tom3,075,20210921,5.17
2764,tom3,076,20210921,19.61
2765,tom3,076,20210921,11.4
2766,tom3,076,20210921,19.54
2767,tom3,078,20210921,5.03
2768,tom3,078,20210921,5.06
2769,tom3,078,20210921,5.31
2770,tom3,079,20210921,6.94
2771,tom3,079,20210921,7.08
2772,tom3,079,20210921,6.87
2773,tom3,079,20210921,7.12
2774,tom3,080,20210921,4.71
2775,tom3,081,20210921,4.88
2776,tom3,081,20210921,4.71
2777,tom3,081,20210921,7.5
2778,tom3,082,20210921,2.62
2779,tom3,082,20210921,3.33
2780,tom3,082,20210921,3.47
2781,tom3,083,20210921,8.28
2782,tom3,083,20210921,8.28
2783,tom3,083,20210921,8.67
2784,tom3,084,20210921,17.45
2785,tom3,084,20210921,21.81
2786,tom3,084,20210921,21.81
2787,tom3,085,20210922,2.27
2788,tom3,085,20210922,3.01
2789,tom3,086,20210922,2.87
2790,tom3,086,20210922,3.4
2791,tom3,088,20210922,5.73
2792,tom3,090,20210922,2.37
2793,tom3,090,20210922,2.58
2794,tom3,090,20210922,2.37
2795,tom3,091,20210922,1.63
2796,tom3,091,20210922,1.77
2797,tom3,092,20210922,27.43
2798,tom3,092,20210922,11.47
2799,tom3,093,20210922,23.75
2800,tom3,093,20210922,14.27
2801,tom3,094,20210922,2.23
2802,tom3,094,20210922,1.7
2803,tom3,095,20210922,22.58
2804,tom3,096,20210922,1.73
2805,tom3,096,20210922,2.16
2806,tom3,099,20210922,2.09
2807,tom3,099,20210922,2.3
2808,tom3,100,20210922,6.51
2809,tom3,100,20210922,5.73
2810,tom3,001,20211001,23.43
2811,tom3,003,20211001,1.63
2812,tom3,005,20211001,4.85
2813,tom3,007,20211001,2.51
2814,tom3,010,20211001,3.65
2815,tom3,011,20210926,5.38
2816,tom3,012,20210926,7.89
2817,tom3,014,20211003,4.04
2818,tom3,015,20210926,9.49
2819,tom3,016,20210926,8.42
2820,tom3,017,20210926,13.95
2821,tom3,017,20211003,4.64
2822,tom3,018,20211003,2.65
2823,tom3,019,20210926,5.49
2824,tom3,019,20211003,4.46
2825,tom3,020,20210926,16.18
2826,tom3,020,20211003,11.72
2827,tom3,021,20210926,4.6
2828,tom3,021,20210926,4.6
2829,tom3,022,20211003,6.62
2830,tom3,022,20211003,6.62
2831,tom3,023,20210926,1.95
2832,tom3,023,20210926,1.95
2833,tom3,024,20210926,10.34
2834,tom3,025,20210926,7.54
2835,tom3,026,20210926,4.96
2836,tom3,026,20210926,4.92
2837,tom3,027,20210926,31.47
2838,tom3,027,20211003,1.06
2839,tom3,028,20210926,3.61
2840,tom3,029,20210926,6.9
2841,tom3,029,20211003,12.0
2842,tom3,030,20210926,6.02
2843,tom3,030,20211003,4.0
2844,tom3,031,20210926,1.31
2845,tom3,032,20210926,25.06
2846,tom3,032,20210926,25.03
2847,tom3,035,20210926,17.52
2848,tom3,035,20210926,17.45
2849,tom3,036,20210926,1.7
2850,tom3,038,20210926,
2851,tom3,039,20210926,9.7
2852,tom3,040,20210926,1.52
2853,tom3,043,20210927,22.12
2854,tom3,045,20210927,12.64
2855,tom3,046,20210927,3.89
2856,tom3,046,20210927,10.16
2857,tom3,048,20210927,27.4
2858,tom3,048,20210927,13.56
2859,tom3,049,20210927,5.2
2860,tom3,050,20210927,7.75
2861,tom3,051,20210927,17.42
2862,tom3,052,20210927,18.09
2863,tom3,054,20210927,6.8
2864,tom3,055,20210927,5.84
2865,tom3,056,20210927,3.15
2866,tom3,057,20210927,9.03
2867,tom3,058,20210927,12.42
2868,tom3,060,20210927,3.04
2869,tom3,061,20210928,12.99
2870,tom3,062,20210928,3.36
2871,tom3,066,20210928,3.61
2872,tom3,067,20210928,5.27
2873,tom3,068,20210928,1.45
2874,tom3,069,20210928,
2875,tom3,070,20210928,5.77
2876,tom3,071,20210928,6.3
2877,tom3,072,20210928,12.18
2878,tom3,074,20210928,25.38
2879,tom3,075,20210928,23.68
2880,tom3,076,20210928,1.88
2881,tom3,079,20210928,4.25
2882,tom3,081,20210928,3.19
2883,tom3,083,20210928,15.12
2884,tom3,084,20210928,11.79
2885,tom3,086,20210929,1.17
2886,tom3,087,20210929,3.79
2887,tom3,088,20210929,1.56
2888,tom3,090,20210929,3.04
2889,tom3,092,20210929,1.73
2890,tom3,093,20210929,19.29
2891,tom3,094,20210929,12.21
2892,tom3,095,20210929,5.49
2893,tom3,097,20210929,11.72
2894,tom3,098,20210929,13.66
2895,tom3,099,20210929,11.72
2896,tom3,034,20211004,1.73
2897,tom3,044,20211004,1.98
2898,tom3,046,20211004,1.66
2899,tom3,064,20211005,27.04
2900,tom3,066,20211005,11.79
2901,tom3,067,20211005,1.7
2902,tom3,068,20211005,3.65
2903,tom3,069,20211005,12.96
2904,tom3,070,20211005,11.79
2905,tom3,071,20211005,7.61
2906,tom3,075,20211005,
2907,tom3,076,20211005,2.37
2908,tom3,078,20211005,
2909,tom3,080,20211005,15.47
2910,tom3,080,20211005,2.73
2911,tom3,083,20211005,3.72
2912,tom3,089,20211006,8.85
2913,tom3,093,20211006,2.44
2914,tom3,096,20211006,4.14
2915,tom3,098,20211006,9.49
2916,tom3,001,20211011,15.01
2917,tom3,002,20211011,2.97
2918,tom3,003,20211011,
2919,tom3,017,20211011,4.5
2920,tom3,018,20211011,2.05
2921,tom3,021,20211012,9.24
2922,tom3,026,20211012,16.35
2923,tom3,029,20211012,19.29
2924,tom3,031,20211012,3.47
2925,tom3,032,20211012,2.9
2926,tom3,033,20211012,10.27
2927,tom3,035,20211012,8.42
2928,tom3,037,20211012,3.79
2929,tom3,038,20211012,2.41
2930,tom3,039,20211012,10.69
2931,tom3,040,20211012,10.19
2932,tom3,041,20211013,21.27
2933,tom3,044,20211013,1.03
2934,tom3,045,20211013,0.71
2935,tom3,046,20211013,2.27
2936,tom3,048,20211013,3.01
2937,tom3,050,20211013,1.42
2938,tom3,054,20211013,1.91
2939,tom3,055,20211013,7.54
2940,tom3,056,20211013,4.74
2941,tom3,057,20211013,20.53
2942,tom3,058,20211013,12.07
2943,tom3,060,20211013,36.81
2944,tom3,061,20211014,5.84
2945,tom3,064,20211014,9.49
2946,tom3,065,20211014,10.87
2947,tom3,066,20211014,9.66
2948,tom3,068,20211014,
2949,tom3,070,20211015,7.29
2950,tom3,071,20211015,15.96
2951,tom3,072,20211015,13.84
2952,tom3,075,20211015,6.19
2953,tom3,077,20211015,3.79
2954,tom3,079,20211015,5.63
2955,tom3,080,20211015,
2956,tom3,081,20211015,8.46
2957,tom3,083,20211015,8.18
2958,tom3,084,20211015,2.27
2959,tom3,085,20211015,14.02
2960,tom3,086,20211015,13.2
2961,tom3,096,20211015,2.58
2962,tom3,097,20211015,29.31
2963,tom3,001,20211018,4.53
2964,tom3,002,20211018,34.44
2965,tom3,004,20211018,29.77
2966,tom3,007,20211018,1.13
2967,tom3,008,20211018,
2968,tom3,009,20211018,
2969,tom3,010,20211018,23.47
2970,tom3,011,20211018,16.07
2971,tom3,012,20211018,
2972,tom3,014,20211018,1.49
2973,tom3,015,20211018,22.51
2974,tom3,017,20211018,19.93
2975,tom3,018,20211018,3.47
2976,tom3,019,20211018,7.96
2977,tom3,023,20211019,20.35
2978,tom3,024,20211019,4.0
2979,tom3,025,20211019,17.73
2980,tom3,028,20211019,9.73
2981,tom3,040,20211020,11.43
2982,tom3,041,20211020,13.06
2983,tom3,042,20211020,4.67
2984,tom3,043,20211020,17.13
2985,tom3,044,20211020,6.19
2986,tom3,045,20211020,6.62
2987,tom3,051,20211020,1.73
2988,tom3,052,20211020,1.81
2989,tom3,053,20211020,4.25
2990,tom3,054,20211020,24.04
2991,tom3,055,20211021,15.82
2992,tom3,056,20211021,18.62
2993,tom3,057,20211021,3.58
2994,tom3,058,20211021,17.73
2995,tom3,060,20211021,7.61
2996,tom3,063,20211021,
2997,tom3,064,20211021,11.19
2998,tom3,066,20211021,13.03
2999,tom3,070,20211021,
3000,tom3,071,20211021,14.69
3001,tom3,072,20211021,
3002,tom3,073,20211021,24.07
3003,tom3,076,20211021,1.81
3004,tom3,077,20211021,33.13
3005,tom3,080,20211022,6.62
3006,tom3,084,20211022,1.52
3007,tom3,088,20211022,8.5
3008,tom3,090,20211022,5.7
3009,tom3,095,20211022,
3010,tom3,098,20211022,5.56
3011,tom3,100,20211022,16.96
3012,tom3,006,20211025,10.94
3013,tom3,007,20211025,5.06
3014,tom3,021,20211026,
3015,tom3,022,20211026,
3016,tom3,023,20211026,
3017,tom3,024,20211026,3.58
3018,tom3,030,20211026,10.94
3019,tom3,035,20211027,9.49
3020,tom3,037,20211027,4.18
3021,tom3,038,20211027,
3022,tom3,041,20211027,
3023,tom3,043,20211027,3.61
3024,tom3,045,20211027,
3025,tom3,047,20211027,
3026,tom3,048,20211027,28.14
3027,tom3,053,20211027,3.19
3028,tom3,056,20211028,8.42
3029,tom3,061,20211028,1.56
3030,tom3,068,20211028,
3031,tom3,081,20211029,8.57
3032,tom3,084,20211029,11.01
3033,tom3,004,20211101,
3034,tom3,005,20211101,5.77
3035,tom3,007,20211101,12.57
3036,tom3,009,20211101,5.27
3037,tom3,010,20211101,13.45
3038,tom3,011,20211101,
3039,tom3,013,20211101,
3040,tom3,014,20211102,9.81
3041,tom3,015,20211102,5.49
3042,tom3,017,20211102,11.75
3043,tom3,018,20211102,9.31
3044,tom3,021,20211102,23.96
3045,tom3,022,20211102,7.29
3046,tom3,025,20211102,
3047,tom3,026,20211102,22.23
3048,tom3,027,20211102,11.61
3049,tom3,028,20211102,20.21
3050,tom3,029,20211102,4.5
3051,tom3,030,20211102,
3052,tom3,031,20211102,
3053,tom3,032,20211102,1.27
3054,tom3,033,20211102,
3055,tom3,034,20211102,8.14
3056,tom3,036,20211102,13.7
3057,tom3,037,20211102,17.31
3058,tom3,038,20211102,11.54
3059,tom3,040,20211102,
3060,tom3,041,20211104,5.35
3061,tom3,043,20211104,21.13
3062,tom3,044,20211104,12.6
3063,tom3,047,20211104,
3064,tom3,048,20211104,
3065,tom3,049,20211104,
3066,tom3,050,20211104,
3067,tom3,051,20211104,11.15
3068,tom3,052,20211104,12.74
3069,tom3,053,20211104,
3070,tom3,054,20211104,26.16
3071,tom3,055,20211104,
3072,tom3,056,20211104,17.56
3073,tom3,058,20211104,2.05
3074,tom3,059,20211104,
3075,tom3,061,20211104,7.93
3076,tom3,062,20211104,25.1
3077,tom3,063,20211105,8.04
3078,tom3,064,20211105,0.92
3079,tom3,066,20211105,10.55
3080,tom3,067,20211105,
3081,tom3,068,20211105,3.93
3082,tom3,070,20211105,
3083,tom3,073,20211105,12.57
3084,tom3,074,20211105,12.04
3085,tom3,075,20211105,7.75
3086,tom3,076,20211105,44.88
3087,tom3,077,20211106,11.58
3088,tom3,077,20211106,13.06
3089,tom3,080,20211106,7.43
3090,tom3,081,20211106,
3091,tom3,082,20211106,6.8
3092,tom3,083,20211106,
3093,tom3,084,20211106,10.05
3094,tom3,085,20211106,15.15
3095,tom3,086,20211106,2.05
3096,tom3,087,20211106,3.08
3097,tom3,088,20211106,7.12
3098,tom3,090,20211106,1.52
3099,tom3,093,20211106,6.62
3100,tom3,094,20211106,21.56
3101,tom3,095,20211106,
3102,tom3,097,20211106,13.1
3103,tom3,099,20211106,8.57
3104,tom3,001,20211110,
3105,tom3,005,20211110,4.74
3106,tom3,007,20211110,
3107,tom3,011,20211110,16.5
3108,tom3,012,20211110,
3109,tom3,014,20211110,
3110,tom3,015,20211110,
3111,tom3,017,20211110,23.58
3112,tom3,018,20211110,
3113,tom3,020,20211111,
3114,tom3,023,20211111,4.04
3115,tom3,026,20211111,9.95
3116,tom3,027,20211111,
3117,tom3,032,20211111,
3118,tom3,035,20211111,8.28
3119,tom3,036,20211111,5.45
3120,tom3,037,20211111,5.27
3121,tom3,038,20211111,1.95
3122,tom3,039,20211111,
3123,tom3,041,20211112,9.35
3124,tom3,042,20211112,4.28
3125,tom3,044,20211112,13.24
3126,tom3,047,20211112,3.15
3127,tom3,048,20211112,3.12
3128,tom3,049,20211112,2.3
3129,tom3,050,20211112,3.47
3130,tom3,056,20211113,7.96
3131,tom3,057,20211113,37.81
3132,tom3,058,20211113,6.83
3133,tom3,061,20211113,9.31
3134,tom3,065,20211113,16.07
3135,tom3,067,20211113,
3136,tom3,068,20211113,
3137,tom3,070,20211113,4.57
3138,tom3,071,20211113,
3139,tom3,073,20211113,6.27
3140,tom3,074,20211113,31.5
3141,tom3,075,20211113,11.72
3142,tom3,078,20211113,2.87
3143,tom3,079,20211113,4.6
3144,tom3,082,20211113,3.33
3145,tom3,084,20211113,7.54
3146,tom3,091,20211113,7.58
3147,tom3,092,20211113,6.23
3148,tom3,093,20211113,4.5
3149,tom3,095,20211113,
3150,tom3,097,20211113,8.0
3151,tom3,099,20211113,9.73
3152,tom3,018,20211115,23.4
3153,tom3,020,20211115,5.17
3154,tom3,021,20211116,1.88
3155,tom3,025,20211116,
3156,tom3,028,20211116,29.35
3157,tom3,058,20211118,
3158,tom3,059,20211118,1.42
3159,tom3,060,20211118,4.99
3160,tom3,061,20211118,
3161,tom3,062,20211118,6.83
3162,tom3,064,20211118,4.25
3163,tom3,065,20211118,
3164,tom3,066,20211118,
3165,tom3,067,20211118,
3166,tom3,070,20211118,7.29
3167,tom3,071,20211118,1.27
3168,tom3,081,20211119,2.48
3169,tom3,085,20211119,4.25
3170,tom3,087,20211119,2.97
3171,tom3,089,20211119,9.38
3172,tom3,090,20211119,4.57
3173,tom3,091,20211119,8.85
3174,tom3,001,20211122,12.28
3175,tom3,002,20211122,4.85
3176,tom3,003,20211122,28.88
3177,tom3,005,20211122,29.88
3178,tom3,006,20211122,6.27
3179,tom3,007,20211122,4.07
3180,tom3,008,20211122,9.59
3181,tom3,009,20211122,2.8
3182,tom3,016,20211122,
3183,tom3,018,20211122,
3184,tom3,019,20211122,
3185,tom3,020,20211122,10.23
3186,tom3,021,20211123,38.3
3187,tom3,023,20211123,1.59
3188,tom3,025,20211123,3.4
3189,tom3,026,20211123,4.71
3190,tom3,028,20211123,6.09
3191,tom3,029,20211123,9.49
3192,tom3,030,20211123,6.41
3193,tom3,032,20211123,1.49
3194,tom3,036,20211123,1.66
3195,tom3,037,20211123,6.9
3196,tom3,039,20211123,1.35
3197,tom3,040,20211123,3.54
3198,tom3,043,20211125,17.24
3199,tom3,055,20211125,
3200,tom3,059,20211125,23.26
3201,tom3,061,20211125,
3202,tom3,066,20211125,
3203,tom3,073,20211127,3.65
3204,tom3,074,20211127,3.01
3205,tom3,075,20211127,
3206,tom3,077,20211127,15.12
3207,tom3,080,20211127,7.19
3208,tom3,084,20211127,35.65
3209,tom3,085,20211127,
3210,tom3,086,20211127,
3211,tom3,088,20211127,18.76
3212,tom3,090,20211127,4.11
3213,tom3,092,20211127,13.59
3214,tom3,093,20211127,6.05
3215,tom3,094,20211127,4.42
3216,tom3,096,20211127,
3217,tom3,011,20211130,18.62
3218,tom3,027,20211201,3.82
3219,tom3,050,20211202,17.84
3220,tom3,063,20211202,10.62
3221,tom3,091,20211203,6.65
3222,tom3,091,20211203,5.91
3223,tom3,094,20211203,12.35
3224,tom3,005,20211206,16.5
3225,tom3,008,20211206,4.18
3226,tom3,018,20211206,3.89
3227,tom3,019,20211206,9.59
3228,tom3,029,20211207,5.13
3229,tom3,035,20211207,19.68
3230,tom3,037,20211207,9.1
3231,tom3,055,20211208,2.58
3232,tom3,085,20211212,8.11
3233,tom3,091,20211212,8.0
3234,tom3,095,20211212,7.89
3235,tom3,090,20211217,19.22
3236,tom3,099,20211218,9.73
3237,tom3,029,20211221,9.81
3238,tom3,001,20211228,1.63
3239,tom3,016,20211228,7.15
3240,tom3,020,20211228,5.27
3241,tom3,021,20211228,1.91
3242,tom3,021,20211228,1.81
3243,tom3,022,20211229,20.0
3244,tom3,026,20211229,12.88
3245,tom3,053,20211231,4.14
3246,tom4,002,20210910,32.99
3247,tom4,003,20210910,38.83
3248,tom4,004,20210910,6.23
3249,tom4,007,20210910,
3250,tom4,008,20210910,21.35
3251,tom4,009,20210910,23.68
3252,tom4,010,20210910,26.65
3253,tom4,011,20210910,28.74
3254,tom4,011,20210910,35.47
3255,tom4,012,20210910,8.81
3256,tom4,012,20210910,18.12
3257,tom4,013,20210910,30.65
3258,tom4,018,20210910,29.2
3259,tom4,021,20210911,32.64
3260,tom4,022,20210911,28.21
3261,tom4,023,20210911,34.12
3262,tom4,026,20210911,26.83
3263,tom4,027,20210911,22.76
3264,tom4,029,20210911,22.83
3265,tom4,033,20210911,27.72
3266,tom4,034,20210911,21.88
3267,tom4,035,20210911,37.03
3268,tom4,039,20210911,36.11
3269,tom4,041,20210911,40.88
3270,tom4,042,20210911,33.66
3271,tom4,044,20210911,16.42
3272,tom4,046,20210911,31.5
3273,tom4,048,20210911,24.99
3274,tom4,049,20210911,
3275,tom4,052,20210911,36.14
3276,tom4,055,20210911,1.81
3277,tom4,057,20210911,18.69
3278,tom4,058,20210911,16.64
3279,tom4,059,20210911,22.23
3280,tom4,062,20210911,3.36
3281,tom4,066,20210911,9.1
3282,tom4,067,20210911,24.71
3283,tom4,067,20210911,24.64
3284,tom4,068,20210911,15.93
3285,tom4,070,20210911,15.68
3286,tom4,001,20210917,25.06
3287,tom4,002,20210917,
3288,tom4,003,20210917,33.56
3289,tom4,003,20210917,
3290,tom4,005,20210917,26.16
3291,tom4,005,20210917,
3292,tom4,006,20210917,42.02
3293,tom4,007,20210917,
3294,tom4,008,20210917,
3295,tom4,009,20210917,20.88
3296,tom4,010,20210917,20.96
3297,tom4,010,20210917,22.83
3298,tom4,011,20210917,
3299,tom4,011,20210917,35.5
3300,tom4,011,20210917,22.87
3301,tom4,011,20210917,21.59
3302,tom4,013,20210917,20.99
3303,tom4,013,20210917,20.78
3304,tom4,015,20210917,38.19
3305,tom4,016,20210917,39.79
3306,tom4,017,20210917,21.38
3307,tom4,017,20210917,19.93
3308,tom4,018,20210917,44.99
3309,tom4,019,20210917,38.44
3310,tom4,020,20210917,26.97
3311,tom4,020,20210917,22.97
3312,tom4,021,20210917,16.6
3313,tom4,021,20210917,
3314,tom4,024,20210917,17.17
3315,tom4,024,20210917,18.51
3316,tom4,025,20210917,26.94
3317,tom4,025,20210917,26.48
3318,tom4,025,20210917,26.9
3319,tom4,026,20210917,19.29
3320,tom4,027,20210917,19.79
3321,tom4,027,20210917,42.94
3322,tom4,029,20210917,38.3
3323,tom4,030,20210917,20.0
3324,tom4,030,20210917,25.24
3325,tom4,031,20210917,10.3
3326,tom4,033,20210918,28.88
3327,tom4,034,20210918,35.68
3328,tom4,034,20210918,32.11
3329,tom4,035,20210918,36.11
3330,tom4,036,20210918,20.39
3331,tom4,036,20210918,16.88
3332,tom4,038,20210918,23.79
3333,tom4,039,20210918,27.79
3334,tom4,039,20210918,25.31
3335,tom4,041,20210918,30.37
3336,tom4,041,20210918,31.04
3337,tom4,041,20210918,31.82
3338,tom4,041,20210918,39.43
3339,tom4,041,20210918,31.04
3340,tom4,042,20210918,31.33
3341,tom4,043,20210918,19.47
3342,tom4,044,20210918,16.35
3343,tom4,044,20210918,15.33
3344,tom4,044,20210918,16.42
3345,tom4,045,20210918,31.22
3346,tom4,045,20210918,28.28
3347,tom4,046,20210918,25.56
3348,tom4,046,20210918,24.5
3349,tom4,048,20210918,16.74
3350,tom4,048,20210918,16.57
3351,tom4,049,20210918,30.65
3352,tom4,050,20210918,23.54
3353,tom4,051,20210918,29.95
3354,tom4,051,20210918,27.15
3355,tom4,052,20210918,31.89
3356,tom4,053,20210918,15.82
3357,tom4,054,20210918,28.53
3358,tom4,055,20210918,32.46
3359,tom4,056,20210918,29.35
3360,tom4,057,20210918,18.9
3361,tom4,057,20210918,18.37
3362,tom4,059,20210918,29.49
3363,tom4,059,20210918,26.87
3364,tom4,060,20210918,27.29
3365,tom4,061,20210918,18.34
3366,tom4,061,20210918,17.98
3367,tom4,062,20210918,22.23
3368,tom4,063,20210918,34.55
3369,tom4,064,20210918,28.11
3370,tom4,064,20210918,26.69
3371,tom4,065,20210918,25.63
3372,tom4,066,20210918,18.02
3373,tom4,066,20210918,19.22
3374,tom4,067,20210918,25.27
3375,tom4,067,20210918,
3376,tom4,068,20210918,17.7
3377,tom4,075,20210912,33.84
3378,tom4,076,20210912,20.6
3379,tom4,077,20210912,20.67
3380,tom4,078,20210912,18.19
3381,tom4,079,20210912,18.02
3382,tom4,080,20210912,14.34
3383,tom4,081,20210912,35.75
3384,tom4,082,20210912,5.49
3385,tom4,083,20210912,13.06
3386,tom4,084,20210912,20.74
3387,tom4,085,20210912,
3388,tom4,087,20210912,23.68
3389,tom4,089,20210912,13.98
3390,tom4,091,20210912,12.57
3391,tom4,091,20210912,37.49
3392,tom4,092,20210912,28.64
3393,tom4,095,20210912,16.71
3394,tom4,097,20210912,14.19
3395,tom4,098,20210912,27.19
3396,tom4,100,20210912,9.63
3397,tom4,001,20210924,21.81
3398,tom4,001,20210924,
3399,tom4,002,20210924,17.49
3400,tom4,002,20210924,
3401,tom4,004,20210924,
3402,tom4,004,20210924,32.0
3403,tom4,005,20210924,24.53
3404,tom4,006,20210924,36.42
3405,tom4,007,20210924,
3406,tom4,007,20210924,30.58
3407,tom4,008,20210924,41.81
3408,tom4,008,20210924,12.67
3409,tom4,009,20210924,15.86
3410,tom4,010,20210924,
3411,tom4,011,20210924,14.97
3412,tom4,013,20210924,
3413,tom4,013,20210924,36.74
3414,tom4,014,20210924,
3415,tom4,015,20210924,
3416,tom4,017,20210924,
3417,tom4,017,20210924,28.78
3418,tom4,018,20210924,21.63
3419,tom4,019,20210924,14.34
3420,tom4,020,20210924,
3421,tom4,020,20210924,
3422,tom4,021,20210924,22.3
3423,tom4,022,20210924,36.04
3424,tom4,022,20210924,36.46
3425,tom4,024,20210924,17.88
3426,tom4,025,20210924,43.54
3427,tom4,025,20210924,48.5
3428,tom4,026,20210924,38.12
3429,tom4,026,20210924,20.78
3430,tom4,027,20210924,
3431,tom4,027,20210924,12.53
3432,tom4,028,20210924,
3433,tom4,028,20210924,19.93
3434,tom4,030,20210924,
3435,tom4,030,20210924,30.94
3436,tom4,031,20210924,30.44
3437,tom4,032,20210924,29.73
3438,tom4,035,20210924,31.89
3439,tom4,036,20210924,35.58
3440,tom4,036,20210924,
3441,tom4,037,20210924,16.6
3442,tom4,039,20210924,22.69
3443,tom4,040,20210924,46.19
3444,tom4,041,20210925,20.39
3445,tom4,043,20210925,11.79
3446,tom4,045,20210925,
3447,tom4,045,20210925,16.78
3448,tom4,046,20210925,
3449,tom4,046,20210925,18.94
3450,tom4,047,20210925,
3451,tom4,048,20210925,27.26
3452,tom4,049,20210925,
3453,tom4,049,20210925,33.59
3454,tom4,050,20210925,16.57
3455,tom4,051,20210925,
3456,tom4,051,20210925,23.15
3457,tom4,052,20210925,
3458,tom4,052,20210925,37.77
3459,tom4,054,20210925,43.33
3460,tom4,055,20210925,39.61
3461,tom4,056,20210925,
3462,tom4,056,20210925,25.73
3463,tom4,057,20210925,15.19
3464,tom4,059,20210925,
3465,tom4,059,20210925,17.98
3466,tom4,060,20210925,46.02
3467,tom4,060,20210925,18.27
3468,tom4,061,20210925,37.42
3469,tom4,061,20210925,15.22
3470,tom4,063,20210925,57.31
3471,tom4,064,20210925,53.35
3472,tom4,064,20210925,22.3
3473,tom4,065,20210925,23.65
3474,tom4,067,20210925,
3475,tom4,067,20210925,16.88
3476,tom4,068,20210925,
3477,tom4,068,20210925,14.05
3478,tom4,069,20210919,29.24
3479,tom4,069,20210925,24.11
3480,tom4,070,20210919,
3481,tom4,070,20210925,
3482,tom4,070,20210925,16.39
3483,tom4,071,20210925,
3484,tom4,072,20210919,21.2
3485,tom4,072,20210919,
3486,tom4,072,20210925,32.53
3487,tom4,072,20210925,12.42
3488,tom4,073,20210919,15.04
3489,tom4,073,20210919,
3490,tom4,073,20210925,
3491,tom4,073,20210925,15.36
3492,tom4,074,20210919,27.04
3493,tom4,074,20210919,
3494,tom4,074,20210925,
3495,tom4,074,20210925,17.91
3496,tom4,075,20210919,
3497,tom4,075,20210925,
3498,tom4,075,20210925,20.11
3499,tom4,076,20210925,
