,farm_id,number,date,floweringNode,numberOfTheFlower,numberOfTheFlowerPerTruss
0,tom1,088,20220102,13,1,13
1,tom1,064,20210909,5,1,5
2,tom1,066,20210909,5,1,5
3,tom1,067,20210909,6,1,6
4,tom1,067,20210909,6,1,6
5,tom1,074,20210908,6,1,6
6,tom1,074,20210908,6,1,6
7,tom1,079,20210906,5,1,5
8,tom1,079,20210908,6,1,6
9,tom1,082,20210908,6,1,6
10,tom1,083,20210908,6,1,6
11,tom1,086,20210908,6,1,6
12,tom1,087,20210906,5,1,5
13,tom1,089,20210908,6,2,6
14,tom1,089,20210908,6,1,6
15,tom1,092,20210908,6,1,6
16,tom1,096,20210908,6,1,6
17,tom1,096,20210908,6,1,6
18,tom1,099,20210908,6,1,6
19,tom1,099,20210908,6,1,6
20,tom1,015,20210930,8,1,8
21,tom1,015,20210930,8,1,8
22,tom1,021,20210930,8,1,8
23,tom1,023,20210930,8,1,8
24,tom1,028,20210930,8,1,8
25,tom1,028,20210930,8,1,8
26,tom1,060,20211001,7,1,7
27,tom1,060,20211001,7,1,7
28,tom1,060,20211001,7,1,7
29,tom1,061,20211002,3,1,3
30,tom1,061,20211002,3,1,3
31,tom1,070,20211002,8,1,8
32,tom1,070,20211002,8,1,8
33,tom1,078,20211002,8,1,8
34,tom1,078,20211002,8,1,8
35,tom1,078,20211002,8,1,8
36,tom1,085,20211002,8,1,8
37,tom1,086,20211002,9,1,9
38,tom1,087,20211002,7,1,7
39,tom1,090,20211002,9,1,9
40,tom1,090,20211002,9,1,9
41,tom1,090,20211002,9,1,9
42,tom1,098,20211002,9,1,9
43,tom1,098,20211002,9,1,9
44,tom1,098,20211002,9,1,9
45,tom1,100,20211002,8,1,8
46,tom1,003,20211006,9,1,9
47,tom1,006,20211006,9,1,9
48,tom1,006,20211006,9,1,9
49,tom1,007,20211006,9,1,9
50,tom1,007,20211006,9,1,9
51,tom1,015,20211006,8,1,8
52,tom1,020,20211006,7,1,7
53,tom1,023,20211007,9,1,9
54,tom1,023,20211007,9,1,9
55,tom1,029,20211007,9,1,9
56,tom1,029,20211007,9,1,9
57,tom1,034,20211007,9,1,9
58,tom1,034,20211007,9,1,9
59,tom1,035,20211007,9,1,9
60,tom1,037,20211007,8,1,8
61,tom1,037,20211007,9,1,9
62,tom1,041,20211007,9,1,9
63,tom1,043,20211007,9,1,9
64,tom1,046,20211007,9,1,9
65,tom1,046,20211007,9,1,9
66,tom1,063,20211008,8,1,8
67,tom1,071,20211009,9,1,9
68,tom1,076,20211009,9,1,9
69,tom1,081,20211009,9,1,9
70,tom1,088,20211009,9,1,9
71,tom1,002,20211011,9,1,9
72,tom1,002,20211011,9,1,9
73,tom1,004,20211011,9,1,9
74,tom1,004,20211011,9,1,9
75,tom1,006,20211011,10,1,10
76,tom1,006,20211011,10,1,10
77,tom1,013,20211011,9,1,9
78,tom1,023,20211012,9,1,9
79,tom1,030,20211012,10,1,10
80,tom1,030,20211012,10,1,10
81,tom1,038,20211012,10,1,10
82,tom1,041,20211013,10,1,10
83,tom1,043,20211013,10,1,10
84,tom1,044,20211013,10,1,10
85,tom1,049,20211013,10,1,10
86,tom1,065,20211014,10,1,10
87,tom1,065,20211014,10,1,10
88,tom1,089,20211015,10,1,10
89,tom1,094,20211015,10,1,10
90,tom1,002,20211018,9,1,9
91,tom1,003,20211018,10,1,10
92,tom1,003,20211018,10,1,10
93,tom1,003,20211018,10,1,10
94,tom1,006,20211018,10,1,10
95,tom1,006,20211018,10,1,10
96,tom1,007,20211018,10,1,10
97,tom1,009,20211018,10,1,10
98,tom1,018,20211018,10,1,10
99,tom1,020,20211018,8,1,8
100,tom1,022,20211019,9,1,9
101,tom1,022,20211019,9,1,9
102,tom1,025,20211019,10,1,10
103,tom1,026,20211019,10,1,10
104,tom1,028,20211019,10,1,10
105,tom1,028,20211019,10,1,10
106,tom1,028,20211019,10,1,10
107,tom1,028,20211019,10,1,10
108,tom1,029,20211019,10,1,10
109,tom1,031,20211020,10,1,10
110,tom1,031,20211020,10,1,10
111,tom1,032,20211020,11,1,11
112,tom1,034,20211020,10,1,10
113,tom1,034,20211020,10,1,10
114,tom1,035,20211020,11,1,11
115,tom1,036,20211020,10,1,10
116,tom1,046,20211020,10,1,10
117,tom1,046,20211020,10,1,10
118,tom1,051,20211021,10,1,10
119,tom1,051,20211021,10,1,10
120,tom1,053,20211021,11,1,11
121,tom1,056,20211021,10,1,10
122,tom1,056,20211021,10,1,10
123,tom1,058,20211021,10,1,10
124,tom1,061,20211021,11,1,11
125,tom1,069,20211021,10,1,10
126,tom1,071,20211021,10,1,10
127,tom1,071,20211021,10,1,10
128,tom1,073,20211021,11,1,11
129,tom1,073,20211021,11,1,11
130,tom1,075,20211021,10,1,10
131,tom1,076,20211022,10,1,10
132,tom1,078,20211022,10,1,10
133,tom1,078,20211022,10,1,10
134,tom1,080,20211022,10,1,10
135,tom1,080,20211022,10,1,10
136,tom1,088,20211022,10,1,10
137,tom1,088,20211022,10,1,10
138,tom1,093,20211024,10,1,10
139,tom1,096,20211024,10,1,10
140,tom1,099,20211024,11,1,11
141,tom1,099,20211024,11,1,11
142,tom1,100,20211024,10,1,10
143,tom1,100,20211024,10,1,10
144,tom1,003,20211025,11,1,11
145,tom1,003,20211025,11,1,11
146,tom1,004,20211025,10,1,10
147,tom1,004,20211025,10,1,10
148,tom1,004,20211025,11,1,11
149,tom1,004,20211025,11,1,11
150,tom1,005,20211025,11,1,11
151,tom1,005,20211025,11,1,11
152,tom1,006,20211025,11,1,11
153,tom1,006,20211025,11,1,11
154,tom1,007,20211025,11,1,11
155,tom1,008,20211025,11,1,11
156,tom1,008,20211025,11,1,11
157,tom1,009,20211025,11,1,11
158,tom1,009,20211025,11,1,11
159,tom1,011,20211025,10,1,10
160,tom1,011,20211025,10,1,10
161,tom1,012,20211025,11,1,11
162,tom1,013,20211025,10,1,10
163,tom1,014,20211025,10,1,10
164,tom1,015,20211025,10,1,10
165,tom1,016,20211025,10,1,10
166,tom1,018,20211025,11,1,11
167,tom1,019,20211025,11,1,11
168,tom1,019,20211025,11,1,11
169,tom1,023,20211026,10,1,10
170,tom1,027,20211026,11,1,11
171,tom1,029,20211026,11,1,11
172,tom1,029,20211026,11,1,11
173,tom1,032,20211026,12,1,12
174,tom1,035,20211026,10,1,10
175,tom1,037,20211026,11,1,11
176,tom1,038,20211026,11,1,11
177,tom1,038,20211026,11,1,11
178,tom1,038,20211026,11,1,11
179,tom1,039,20211026,11,1,11
180,tom1,040,20211026,10,1,10
181,tom1,040,20211026,10,1,10
182,tom1,043,20211029,11,1,11
183,tom1,043,20211029,11,1,11
184,tom1,045,20211029,11,1,11
185,tom1,045,20211029,11,1,11
186,tom1,048,20211029,10,1,10
187,tom1,048,20211029,10,1,10
188,tom1,054,20211029,11,1,11
189,tom1,054,20211029,11,1,11
190,tom1,056,20211029,11,1,11
191,tom1,068,20211030,11,1,11
192,tom1,068,20211030,11,1,11
193,tom1,070,20211030,11,1,11
194,tom1,070,20211030,11,1,11
195,tom1,071,20211030,11,1,11
196,tom1,075,20211030,11,1,11
197,tom1,076,20211030,11,1,11
198,tom1,078,20211030,11,1,11
199,tom1,080,20211030,11,1,11
200,tom1,080,20211030,11,1,11
201,tom1,081,20211031,10,1,10
202,tom1,082,20211031,11,1,11
203,tom1,082,20211031,11,1,11
204,tom1,083,20211031,11,1,11
205,tom1,084,20211031,11,1,11
206,tom1,085,20211031,11,1,11
207,tom1,085,20211031,11,1,11
208,tom1,089,20211031,11,1,11
209,tom1,090,20211031,10,1,10
210,tom1,095,20211031,11,1,11
211,tom1,096,20211031,11,1,11
212,tom1,096,20211031,11,1,11
213,tom1,002,20211101,12,1,12
214,tom1,002,20211101,12,1,12
215,tom1,002,20211101,12,1,12
216,tom1,003,20211108,12,1,12
217,tom1,003,20211108,12,1,12
218,tom1,003,20211108,12,1,12
219,tom1,004,20211108,12,1,12
220,tom1,005,20211101,12,1,12
221,tom1,006,20211101,12,1,12
222,tom1,006,20211101,12,1,12
223,tom1,008,20211101,12,1,12
224,tom1,008,20211101,12,1,12
225,tom1,008,20211108,13,1,13
226,tom1,009,20211108,12,1,12
227,tom1,009,20211108,12,1,12
228,tom1,010,20211101,12,1,12
229,tom1,010,20211108,13,1,13
230,tom1,010,20211108,13,1,13
231,tom1,010,20211108,13,1,13
232,tom1,011,20211108,12,1,12
233,tom1,011,20211108,12,1,12
234,tom1,014,20211108,12,1,12
235,tom1,015,20211102,11,1,11
236,tom1,015,20211102,11,1,11
237,tom1,015,20211102,11,1,11
238,tom1,015,20211108,11,1,11
239,tom1,015,20211108,12,1,12
240,tom1,015,20211108,12,1,12
241,tom1,016,20211102,11,1,11
242,tom1,016,20211102,11,1,11
243,tom1,016,20211108,12,1,12
244,tom1,016,20211108,12,1,12
245,tom1,017,20211108,12,1,12
246,tom1,019,20211108,12,1,12
247,tom1,023,20211102,11,1,11
248,tom1,025,20211102,11,1,11
249,tom1,028,20211102,11,1,11
250,tom1,030,20211102,12,1,12
251,tom1,031,20211104,11,1,11
252,tom1,033,20211104,11,1,11
253,tom1,035,20211104,11,1,11
254,tom1,037,20211104,11,1,11
255,tom1,038,20211104,12,1,12
256,tom1,040,20211104,11,1,11
257,tom1,041,20211105,12,1,12
258,tom1,041,20211105,12,1,12
259,tom1,043,20211105,11,1,11
260,tom1,044,20211105,12,1,12
261,tom1,044,20211105,12,1,12
262,tom1,044,20211105,12,1,12
263,tom1,044,20211105,12,1,12
264,tom1,044,20211105,12,1,12
265,tom1,045,20211105,11,1,11
266,tom1,045,20211105,11,1,11
267,tom1,046,20211105,12,1,12
268,tom1,046,20211105,12,1,12
269,tom1,047,20211105,12,1,12
270,tom1,047,20211105,12,1,12
271,tom1,047,20211105,12,1,12
272,tom1,049,20211105,12,1,12
273,tom1,049,20211105,12,1,12
274,tom1,050,20211105,12,1,12
275,tom1,050,20211105,12,1,12
276,tom1,054,20211106,11,1,11
277,tom1,054,20211106,11,1,11
278,tom1,055,20211106,11,1,11
279,tom1,055,20211106,11,1,11
280,tom1,058,20211106,11,1,11
281,tom1,062,20211106,12,1,12
282,tom1,063,20211106,11,1,11
283,tom1,063,20211106,11,1,11
284,tom1,065,20211106,12,1,12
285,tom1,066,20211106,11,1,11
286,tom1,068,20211106,11,1,11
287,tom1,070,20211106,11,1,11
288,tom1,072,20211107,12,1,12
289,tom1,072,20211107,12,1,12
290,tom1,077,20211107,12,1,12
291,tom1,077,20211107,12,1,12
292,tom1,077,20211107,12,1,12
293,tom1,082,20211107,10,1,10
294,tom1,083,20211107,11,1,11
295,tom1,083,20211107,11,1,11
296,tom1,090,20211107,11,1,11
297,tom1,094,20211107,12,1,12
298,tom1,095,20211107,12,1,12
299,tom1,095,20211107,12,1,12
300,tom1,095,20211107,12,1,12
301,tom1,097,20211107,11,1,11
302,tom1,097,20211107,11,1,11
303,tom1,100,20211107,11,1,11
304,tom1,022,20211109,11,1,11
305,tom1,022,20211109,11,1,11
306,tom1,022,20211109,11,1,11
307,tom1,022,20211109,11,1,11
308,tom1,023,20211109,12,1,12
309,tom1,025,20211109,12,1,12
310,tom1,026,20211109,12,1,12
311,tom1,026,20211109,12,1,12
312,tom1,028,20211109,12,1,12
313,tom1,028,20211109,12,1,12
314,tom1,028,20211109,12,1,12
315,tom1,028,20211109,12,1,12
316,tom1,028,20211109,12,1,12
317,tom1,029,20211109,12,1,12
318,tom1,029,20211109,12,1,12
319,tom1,030,20211109,13,1,13
320,tom1,030,20211109,13,1,13
321,tom1,031,20211111,12,1,12
322,tom1,032,20211111,13,1,13
323,tom1,033,20211111,12,1,12
324,tom1,033,20211111,12,1,12
325,tom1,033,20211111,12,1,12
326,tom1,034,20211111,12,1,12
327,tom1,035,20211111,12,1,12
328,tom1,036,20211111,12,1,12
329,tom1,036,20211111,12,1,12
330,tom1,037,20211111,12,1,12
331,tom1,037,20211111,12,1,12
332,tom1,037,20211111,12,1,12
333,tom1,037,20211111,12,1,12
334,tom1,038,20211111,12,1,12
335,tom1,038,20211111,13,1,13
336,tom1,038,20211111,13,1,13
337,tom1,039,20211111,12,1,12
338,tom1,039,20211111,12,1,12
339,tom1,039,20211111,12,1,12
340,tom1,041,20211111,12,1,12
341,tom1,042,20211111,12,1,12
342,tom1,042,20211111,12,1,12
343,tom1,042,20211111,12,1,12
344,tom1,043,20211111,12,1,12
345,tom1,044,20211111,12,1,12
346,tom1,044,20211111,12,1,12
347,tom1,044,20211111,12,1,12
348,tom1,044,20211111,13,1,13
349,tom1,044,20211111,13,1,13
350,tom1,045,20211111,11,1,11
351,tom1,046,20211111,12,1,12
352,tom1,047,20211111,12,1,12
353,tom1,048,20211111,12,1,12
354,tom1,048,20211111,12,1,12
355,tom1,048,20211111,12,1,12
356,tom1,049,20211111,12,1,12
357,tom1,050,20211111,12,1,12
358,tom1,050,20211111,12,1,12
359,tom1,051,20211113,12,1,12
360,tom1,052,20211113,12,1,12
361,tom1,053,20211113,13,1,13
362,tom1,053,20211113,13,1,13
363,tom1,053,20211113,13,1,13
364,tom1,055,20211113,12,1,12
365,tom1,057,20211113,12,1,12
366,tom1,058,20211113,11,1,11
367,tom1,058,20211113,12,1,12
368,tom1,058,20211113,12,1,12
369,tom1,059,20211113,13,1,13
370,tom1,059,20211113,13,1,13
371,tom1,061,20211113,12,1,12
372,tom1,061,20211113,12,1,12
373,tom1,063,20211113,11,1,11
374,tom1,063,20211113,11,1,11
375,tom1,067,20211113,12,1,12
376,tom1,067,20211113,12,1,12
377,tom1,067,20211113,12,1,12
378,tom1,067,20211113,12,1,12
379,tom1,068,20211113,12,1,12
380,tom1,070,20211113,12,1,12
381,tom1,070,20211113,12,1,12
382,tom1,074,20211113,13,1,13
383,tom1,075,20211113,12,1,12
384,tom1,079,20211113,12,1,12
385,tom1,080,20211113,11,1,11
386,tom1,080,20211113,11,1,11
387,tom1,080,20211113,12,1,12
388,tom1,080,20211113,12,1,12
389,tom1,082,20211113,12,1,12
390,tom1,082,20211113,12,1,12
391,tom1,083,20211113,13,1,13
392,tom1,083,20211113,13,1,13
393,tom1,083,20211113,13,1,13
394,tom1,083,20211113,13,1,13
395,tom1,085,20211113,12,1,12
396,tom1,087,20211113,11,1,11
397,tom1,087,20211113,11,1,11
398,tom1,090,20211113,11,1,11
399,tom1,007,20211115,13,1,13
400,tom1,011,20211115,13,1,13
401,tom1,012,20211115,13,1,13
402,tom1,013,20211115,13,1,13
403,tom1,013,20211115,13,1,13
404,tom1,020,20211115,13,1,13
405,tom1,023,20211116,13,1,13
406,tom1,025,20211116,13,1,13
407,tom1,027,20211116,13,1,13
408,tom1,027,20211116,13,1,13
409,tom1,031,20211116,13,1,13
410,tom1,036,20211116,13,1,13
411,tom1,036,20211116,13,1,13
412,tom1,039,20211116,13,1,13
413,tom1,043,20211118,13,1,13
414,tom1,051,20211118,13,1,13
415,tom1,063,20211119,12,1,12
416,tom1,064,20211119,13,1,13
417,tom1,066,20211119,12,1,12
418,tom1,072,20211119,13,1,13
419,tom1,075,20211119,13,1,13
420,tom1,075,20211119,13,1,13
421,tom1,077,20211119,13,1,13
422,tom1,078,20211119,13,1,13
423,tom1,078,20211119,13,1,13
424,tom1,092,20211121,13,1,13
425,tom1,094,20211121,13,1,13
426,tom1,002,20211122,13,1,13
427,tom1,003,20211122,14,1,14
428,tom1,005,20211122,14,1,14
429,tom1,005,20211122,14,1,14
430,tom1,008,20211122,14,1,14
431,tom1,010,20211122,14,1,14
432,tom1,012,20211123,14,1,14
433,tom1,014,20211123,13,1,13
434,tom1,015,20211123,13,1,13
435,tom1,022,20211123,13,1,13
436,tom1,030,20211123,14,1,14
437,tom1,038,20211124,14,1,14
438,tom1,038,20211124,14,1,14
439,tom1,041,20211124,14,1,14
440,tom1,042,20211124,13,1,13
441,tom1,042,20211124,13,1,13
442,tom1,046,20211124,13,1,13
443,tom1,048,20211124,13,1,13
444,tom1,049,20211124,14,1,14
445,tom1,049,20211124,14,1,14
446,tom1,052,20211125,14,1,14
447,tom1,054,20211125,13,1,13
448,tom1,061,20211125,13,1,13
449,tom1,062,20211125,14,1,14
450,tom1,066,20211125,12,1,12
451,tom1,067,20211125,13,1,13
452,tom1,069,20211125,13,1,13
453,tom1,074,20211126,14,1,14
454,tom1,016,20211130,14,1,14
455,tom1,016,20211130,14,1,14
456,tom1,019,20211130,14,1,14
457,tom1,021,20211202,15,1,15
458,tom1,022,20211202,14,1,14
459,tom1,025,20211202,14,1,14
460,tom1,026,20211202,14,1,14
461,tom1,032,20211202,15,1,15
462,tom1,035,20211202,11,1,11
463,tom1,036,20211202,14,1,14
464,tom1,037,20211202,15,1,15
465,tom1,038,20211202,14,1,14
466,tom1,038,20211202,14,1,14
467,tom1,041,20211202,14,1,14
468,tom1,041,20211202,14,1,14
469,tom1,060,20211204,15,1,15
470,tom1,060,20211204,15,1,15
471,tom1,061,20211204,14,1,14
472,tom1,061,20211204,14,1,14
473,tom1,063,20211204,13,1,13
474,tom1,066,20211204,14,1,14
475,tom1,085,20211205,14,1,14
476,tom1,093,20211205,14,1,14
477,tom1,100,20211205,14,1,14
478,tom1,005,20211207,15,1,15
479,tom1,006,20211207,15,1,15
480,tom1,011,20211207,15,1,15
481,tom1,013,20211207,15,1,15
482,tom1,015,20211207,14,1,14
483,tom1,023,20211208,15,1,15
484,tom1,024,20211208,15,1,15
485,tom1,031,20211208,15,1,15
486,tom1,031,20211208,15,1,15
487,tom1,032,20211208,16,1,16
488,tom1,036,20211208,15,1,15
489,tom1,037,20211208,15,1,15
490,tom1,038,20211208,15,1,15
491,tom1,038,20211208,15,1,15
492,tom1,044,20211209,15,1,15
493,tom1,044,20211209,15,1,15
494,tom1,046,20211209,14,1,14
495,tom1,046,20211209,14,1,14
496,tom1,047,20211209,15,1,15
497,tom1,047,20211209,15,1,15
498,tom1,051,20211209,15,1,15
499,tom1,051,20211209,15,1,15
500,tom1,055,20211209,14,1,14
501,tom1,057,20211209,14,1,14
502,tom1,057,20211209,14,1,14
503,tom1,058,20211209,15,1,15
504,tom1,061,20211211,15,1,15
505,tom1,063,20211211,14,1,14
506,tom1,068,20211211,15,1,15
507,tom1,073,20211211,15,1,15
508,tom1,081,20211212,14,1,14
509,tom1,082,20211212,15,1,15
510,tom1,086,20211212,14,1,14
511,tom1,087,20211212,14,1,14
512,tom1,092,20211212,13,1,13
513,tom1,093,20211212,15,1,15
514,tom1,097,20211212,14,1,14
515,tom1,097,20211212,14,1,14
516,tom1,098,20211212,14,1,14
517,tom1,099,20211212,13,1,13
518,tom1,099,20211212,13,1,13
519,tom1,022,20211216,15,1,15
520,tom1,025,20211216,15,1,15
521,tom1,028,20211216,15,1,15
522,tom1,028,20211216,15,1,15
523,tom1,031,20211216,15,1,15
524,tom1,037,20211216,16,1,16
525,tom1,037,20211216,16,1,16
526,tom1,038,20211216,15,1,15
527,tom1,044,20211217,15,1,15
528,tom1,061,20211218,15,1,15
529,tom1,066,20211218,15,1,15
530,tom1,066,20211218,15,1,15
531,tom1,076,20211218,15,1,15
532,tom1,077,20211218,15,1,15
533,tom1,078,20211218,15,1,15
534,tom1,001,20211221,17,1,17
535,tom1,003,20211221,15,1,15
536,tom1,003,20211221,15,1,15
537,tom1,007,20211221,17,1,17
538,tom1,009,20211221,15,1,15
539,tom1,013,20211221,16,1,16
540,tom1,030,20211223,15,1,15
541,tom1,031,20211223,16,1,16
542,tom1,032,20211223,17,1,17
543,tom1,037,20211223,17,1,17
544,tom1,039,20211223,16,1,16
545,tom1,055,20211224,15,1,15
546,tom1,068,20211225,16,1,16
547,tom1,070,20211225,16,1,16
548,tom1,070,20211225,16,1,16
549,tom1,070,20211225,16,1,16
550,tom1,071,20211225,16,1,16
551,tom1,075,20211225,16,1,16
552,tom1,091,20211226,14,1,14
553,tom1,091,20211226,14,1,14
554,tom1,091,20211226,14,1,14
555,tom1,092,20211226,16,1,16
556,tom1,003,20211229,16,1,16
557,tom1,003,20211229,16,1,16
558,tom1,005,20211229,17,1,17
559,tom1,033,20211231,16,1,16
560,tom1,043,20211231,17,1,17
561,tom1,043,20211231,17,1,17
562,tom1,048,20211231,16,1,16
563,tom1,048,20211231,16,1,16
564,tom2,012,20210922,7,1,7
565,tom3,071,20220101,16,1,16
566,tom3,071,20220101,16,1,16
567,tom3,071,20220101,16,1,16
568,tom3,081,20220101,16,1,16
569,tom3,081,20220101,16,1,16
570,tom3,082,20220101,16,1,16
571,tom3,082,20220101,16,1,16
572,tom3,085,20220101,17,1,17
573,tom3,085,20220101,17,1,17
574,tom3,088,20220101,13,1,13
575,tom3,088,20220101,13,1,13
576,tom3,091,20220101,14,1,14
577,tom3,094,20220101,17,1,17
578,tom3,001,20210917,7,1,7
579,tom3,008,20210917,6,1,6
580,tom3,011,20210919,6,1,6
581,tom3,011,20210919,6,1,6
582,tom3,014,20210919,3,1,3
583,tom3,025,20210919,7,1,7
584,tom3,026,20210919,7,1,7
585,tom3,026,20210919,7,1,7
586,tom3,026,20210919,7,1,7
587,tom3,026,20210919,7,1,7
588,tom3,027,20210919,7,1,7
589,tom3,028,20210919,5,1,5
590,tom3,028,20210919,5,1,5
591,tom3,028,20210919,5,1,5
592,tom3,032,20210919,7,1,7
593,tom3,034,20210919,7,1,7
594,tom3,034,20210919,7,1,7
595,tom3,036,20210919,7,1,7
596,tom3,036,20210919,7,1,7
597,tom3,036,20210919,7,1,7
598,tom3,039,20210919,7,1,7
599,tom3,041,20210920,7,1,7
600,tom3,041,20210920,7,1,7
601,tom3,041,20210920,7,1,7
602,tom3,041,20210920,7,1,7
603,tom3,041,20210920,9,1,9
604,tom3,041,20210920,9,1,9
605,tom3,041,20210920,9,1,9
606,tom3,042,20210920,7,1,7
607,tom3,042,20210920,7,1,7
608,tom3,043,20210920,7,1,7
609,tom3,046,20210920,7,1,7
610,tom3,047,20210920,7,1,7
611,tom3,048,20210920,6,1,6
612,tom3,052,20210920,5,1,5
613,tom3,055,20210920,8,1,8
614,tom3,055,20210920,8,1,8
615,tom3,056,20210920,6,1,6
616,tom3,062,20210921,7,1,7
617,tom3,062,20210921,7,1,7
618,tom3,063,20210921,6,1,6
619,tom3,067,20210921,7,1,7
620,tom3,067,20210921,7,1,7
621,tom3,067,20210921,7,1,7
622,tom3,067,20210921,7,1,7
623,tom3,067,20210921,7,1,7
624,tom3,067,20210921,7,1,7
625,tom3,067,20210921,7,1,7
626,tom3,067,20210921,7,1,7
627,tom3,069,20210921,6,1,6
628,tom3,069,20210921,7,1,7
629,tom3,069,20210921,7,1,7
630,tom3,070,20210921,7,1,7
631,tom3,073,20210921,7,1,7
632,tom3,073,20210921,7,1,7
633,tom3,074,20210921,6,1,6
634,tom3,074,20210921,6,1,6
635,tom3,076,20210921,6,1,6
636,tom3,076,20210921,6,1,6
637,tom3,078,20210921,7,1,7
638,tom3,078,20210921,7,1,7
639,tom3,080,20210921,7,1,7
640,tom3,080,20210921,7,1,7
641,tom3,080,20210921,7,1,7
642,tom3,080,20210921,7,1,7
643,tom3,080,20210921,7,1,7
644,tom3,082,20210921,7,1,7
645,tom3,082,20210921,7,1,7
646,tom3,082,20210921,7,1,7
647,tom3,082,20210921,8,1,8
648,tom3,082,20210921,8,1,8
649,tom3,083,20210921,7,1,7
650,tom3,083,20210921,7,1,7
651,tom3,085,20210922,7,1,7
652,tom3,085,20210922,7,1,7
653,tom3,085,20210922,7,1,7
654,tom3,086,20210922,7,1,7
655,tom3,086,20210922,7,1,7
656,tom3,086,20210922,7,1,7
657,tom3,090,20210922,8,1,8
658,tom3,092,20210922,6,1,6
659,tom3,092,20210922,7,1,7
660,tom3,096,20210922,7,1,7
661,tom3,096,20210922,7,1,7
662,tom3,100,20210922,6,1,6
663,tom3,100,20210922,7,1,7
664,tom3,100,20210922,7,1,7
665,tom3,001,20211001,9,1,9
666,tom3,001,20211001,9,1,9
667,tom3,001,20211001,9,1,9
668,tom3,001,20211001,9,1,9
669,tom3,003,20211001,8,1,8
670,tom3,003,20211001,8,1,8
671,tom3,003,20211001,9,1,9
672,tom3,006,20211001,9,1,9
673,tom3,013,20210926,8,1,8
674,tom3,013,20211003,9,1,9
675,tom3,014,20211003,9,1,9
676,tom3,014,20211003,9,1,9
677,tom3,016,20210926,7,1,7
678,tom3,016,20210926,7,1,7
679,tom3,017,20210926,7,1,7
680,tom3,017,20211003,8,1,8
681,tom3,018,20210926,7,1,7
682,tom3,019,20210926,7,1,7
683,tom3,020,20210926,7,1,7
684,tom3,021,20210926,6,1,6
685,tom3,021,20210926,6,1,6
686,tom3,021,20210926,6,1,6
687,tom3,021,20210926,6,1,6
688,tom3,021,20210926,6,1,6
689,tom3,021,20211003,7,1,7
690,tom3,021,20211003,7,1,7
691,tom3,022,20210926,8,1,8
692,tom3,022,20210926,8,1,8
693,tom3,023,20210926,8,1,8
694,tom3,023,20210926,8,1,8
695,tom3,023,20211003,9,1,9
696,tom3,023,20211003,9,1,9
697,tom3,023,20211003,9,1,9
698,tom3,024,20211003,8,1,8
699,tom3,024,20211003,8,1,8
700,tom3,027,20210926,8,1,8
701,tom3,028,20210926,5,1,5
702,tom3,028,20210926,5,1,5
703,tom3,028,20210926,5,1,5
704,tom3,028,20211003,9,1,9
705,tom3,028,20211003,9,1,9
706,tom3,028,20211003,9,1,9
707,tom3,028,20211003,9,1,9
708,tom3,029,20211003,9,1,9
709,tom3,029,20211003,9,1,9
710,tom3,030,20211003,8,1,8
711,tom3,030,20211003,8,1,8
712,tom3,031,20211003,9,1,9
713,tom3,031,20211003,9,1,9
714,tom3,035,20210926,8,1,8
715,tom3,037,20210926,8,1,8
716,tom3,038,20210926,7,1,7
717,tom3,039,20210926,8,1,8
718,tom3,039,20210926,8,1,8
719,tom3,039,20210926,8,1,8
720,tom3,039,20210926,8,1,8
721,tom3,040,20210926,8,1,8
722,tom3,042,20210927,8,1,8
723,tom3,042,20210927,8,1,8
724,tom3,044,20210927,8,1,8
725,tom3,045,20210927,7,1,7
726,tom3,046,20210927,7,1,7
727,tom3,048,20210927,7,1,7
728,tom3,048,20210927,7,1,7
729,tom3,050,20210927,7,1,7
730,tom3,051,20210927,0,1,0
731,tom3,054,20210927,8,1,8
732,tom3,054,20210927,8,1,8
733,tom3,056,20210927,8,1,8
734,tom3,056,20210927,8,1,8
735,tom3,057,20210927,9,1,9
736,tom3,058,20210927,7,1,7
737,tom3,058,20210927,7,1,7
738,tom3,058,20210927,8,1,8
739,tom3,061,20210928,9,1,9
740,tom3,061,20210928,9,1,9
741,tom3,062,20210928,8,1,8
742,tom3,062,20210928,8,1,8
743,tom3,065,20210928,8,1,8
744,tom3,065,20210928,8,1,8
745,tom3,066,20210928,8,1,8
746,tom3,067,20210928,7,1,7
747,tom3,068,20210928,7,1,7
748,tom3,068,20210928,8,1,8
749,tom3,068,20210928,8,1,8
750,tom3,070,20210928,8,1,8
751,tom3,070,20210928,8,1,8
752,tom3,076,20210928,7,1,7
753,tom3,078,20210928,7,1,7
754,tom3,078,20210928,7,1,7
755,tom3,078,20210928,8,1,8
756,tom3,078,20210928,8,1,8
757,tom3,078,20210928,8,1,8
758,tom3,080,20210928,8,1,8
759,tom3,080,20210928,8,1,8
760,tom3,082,20210928,9,1,9
761,tom3,083,20210928,7,1,7
762,tom3,084,20210928,7,1,7
763,tom3,086,20210929,8,1,8
764,tom3,086,20210929,8,1,8
765,tom3,087,20210929,7,1,7
766,tom3,087,20210929,7,1,7
767,tom3,088,20210929,9,1,9
768,tom3,096,20210929,8,1,8
769,tom3,096,20210929,8,1,8
770,tom3,096,20210929,8,1,8
771,tom3,099,20210929,7,1,7
772,tom3,035,20211004,9,1,9
773,tom3,035,20211004,9,1,9
774,tom3,035,20211004,9,1,9
775,tom3,038,20211004,8,1,8
776,tom3,038,20211004,8,1,8
777,tom3,038,20211004,8,1,8
778,tom3,038,20211004,8,1,8
779,tom3,038,20211004,8,1,8
780,tom3,038,20211004,8,1,8
781,tom3,040,20211004,9,1,9
782,tom3,040,20211004,9,1,9
783,tom3,040,20211004,9,1,9
784,tom3,042,20211004,9,1,9
785,tom3,045,20211004,8,1,8
786,tom3,046,20211004,9,1,9
787,tom3,048,20211004,8,1,8
788,tom3,050,20211004,9,1,9
789,tom3,050,20211004,9,1,9
790,tom3,051,20211004,9,1,9
791,tom3,051,20211004,9,1,9
792,tom3,052,20211004,8,1,8
793,tom3,052,20211004,8,1,8
794,tom3,052,20211004,8,1,8
795,tom3,052,20211004,8,1,8
796,tom3,056,20211004,9,1,9
797,tom3,056,20211004,9,1,9
798,tom3,056,20211004,9,1,9
799,tom3,060,20211004,9,1,9
800,tom3,060,20211004,9,1,9
801,tom3,060,20211004,9,1,9
802,tom3,063,20211005,8,1,8
803,tom3,063,20211005,8,1,8
804,tom3,064,20211005,9,1,9
805,tom3,064,20211005,9,1,9
806,tom3,065,20211005,7,1,7
807,tom3,065,20211005,9,1,9
808,tom3,065,20211005,9,1,9
809,tom3,065,20211005,9,1,9
810,tom3,065,20211005,9,1,9
811,tom3,066,20211005,9,1,9
812,tom3,066,20211005,9,1,9
813,tom3,066,20211005,9,1,9
814,tom3,067,20211005,9,1,9
815,tom3,068,20211005,9,1,9
816,tom3,068,20211005,9,1,9
817,tom3,069,20211005,8,1,8
818,tom3,069,20211005,8,1,8
819,tom3,071,20211005,8,1,8
820,tom3,075,20211005,9,1,9
821,tom3,075,20211005,9,1,9
822,tom3,076,20211005,9,1,9
823,tom3,077,20211005,9,1,9
824,tom3,077,20211005,9,1,9
825,tom3,078,20211005,8,1,8
826,tom3,079,20211005,9,1,9
827,tom3,080,20211005,9,1,9
828,tom3,080,20211005,9,1,9
829,tom3,080,20211005,9,1,9
830,tom3,080,20211005,9,1,9
831,tom3,083,20211005,9,1,9
832,tom3,083,20211005,9,1,9
833,tom3,085,20211006,8,1,8
834,tom3,085,20211006,9,1,9
835,tom3,085,20211006,9,1,9
836,tom3,085,20211006,9,1,9
837,tom3,086,20211006,9,1,9
838,tom3,086,20211006,9,1,9
839,tom3,087,20211006,8,1,8
840,tom3,087,20211006,8,1,8
841,tom3,087,20211006,8,1,8
842,tom3,088,20211006,10,1,10
843,tom3,093,20211006,9,1,9
844,tom3,093,20211006,9,1,9
845,tom3,094,20211006,8,1,8
846,tom3,095,20211006,9,1,9
847,tom3,095,20211006,9,1,9
848,tom3,097,20211006,9,1,9
849,tom3,098,20211006,9,1,9
850,tom3,001,20211011,10,1,10
851,tom3,005,20211011,9,1,9
852,tom3,006,20211011,10,1,10
853,tom3,019,20211011,9,1,9
854,tom3,019,20211011,9,1,9
855,tom3,022,20211012,10,1,10
856,tom3,023,20211012,10,1,10
857,tom3,023,20211012,10,1,10
858,tom3,024,20211012,9,1,9
859,tom3,027,20211012,10,1,10
860,tom3,030,20211012,9,1,9
861,tom3,030,20211012,9,1,9
862,tom3,031,20211012,10,1,10
863,tom3,031,20211012,10,1,10
864,tom3,031,20211012,10,1,10
865,tom3,031,20211012,10,1,10
866,tom3,031,20211012,10,1,10
867,tom3,031,20211012,10,1,10
868,tom3,036,20211012,10,1,10
869,tom3,036,20211012,10,1,10
870,tom3,036,20211012,10,1,10
871,tom3,037,20211012,10,1,10
872,tom3,037,20211012,10,1,10
873,tom3,038,20211012,9,1,9
874,tom3,038,20211012,9,1,9
875,tom3,039,20211012,10,1,10
876,tom3,039,20211012,10,1,10
877,tom3,039,20211012,10,1,10
878,tom3,047,20211013,10,1,10
879,tom3,047,20211013,10,1,10
880,tom3,047,20211013,10,1,10
881,tom3,050,20211013,10,1,10
882,tom3,051,20211013,10,1,10
883,tom3,054,20211013,9,1,9
884,tom3,059,20211013,10,1,10
885,tom3,062,20211014,10,1,10
886,tom3,062,20211014,10,1,10
887,tom3,063,20211014,9,1,9
888,tom3,064,20211014,10,1,10
889,tom3,064,20211014,10,1,10
890,tom3,068,20211014,10,1,10
891,tom3,069,20211015,10,1,10
892,tom3,069,20211015,10,1,10
893,tom3,069,20211015,10,1,10
894,tom3,072,20211015,10,1,10
895,tom3,075,20211015,10,1,10
896,tom3,079,20211015,10,1,10
897,tom3,079,20211015,10,1,10
898,tom3,080,20211015,10,1,10
899,tom3,081,20211015,10,1,10
900,tom3,083,20211015,8,1,8
901,tom3,088,20211015,11,1,11
902,tom3,089,20211015,10,1,10
903,tom3,092,20211015,10,1,10
904,tom3,094,20211015,9,1,9
905,tom3,095,20211015,10,1,10
906,tom3,100,20211015,10,1,10
907,tom3,100,20211015,10,1,10
908,tom3,100,20211015,10,1,10
909,tom3,001,20211018,11,1,11
910,tom3,001,20211018,11,1,11
911,tom3,002,20211018,10,1,10
912,tom3,005,20211018,10,1,10
913,tom3,006,20211018,11,1,11
914,tom3,008,20211018,10,1,10
915,tom3,009,20211018,10,1,10
916,tom3,009,20211018,10,1,10
917,tom3,010,20211018,11,1,11
918,tom3,011,20211018,10,1,10
919,tom3,013,20211018,11,1,11
920,tom3,014,20211018,11,1,11
921,tom3,014,20211018,11,1,11
922,tom3,016,20211018,10,1,10
923,tom3,016,20211018,10,1,10
924,tom3,017,20211018,10,1,10
925,tom3,017,20211018,10,1,10
926,tom3,018,20211018,10,1,10
927,tom3,019,20211018,10,1,10
928,tom3,019,20211018,10,1,10
929,tom3,020,20211018,10,1,10
930,tom3,021,20211019,9,1,9
931,tom3,021,20211019,9,1,9
932,tom3,024,20211019,10,1,10
933,tom3,024,20211019,10,1,10
934,tom3,025,20211019,10,1,10
935,tom3,026,20211019,10,1,10
936,tom3,026,20211019,10,1,10
937,tom3,027,20211019,11,1,11
938,tom3,029,20211019,10,1,10
939,tom3,030,20211019,10,1,10
940,tom3,030,20211019,10,1,10
941,tom3,034,20211020,11,1,11
942,tom3,040,20211020,10,1,10
943,tom3,042,20211020,11,1,11
944,tom3,042,20211020,11,1,11
945,tom3,043,20211020,11,1,11
946,tom3,045,20211020,10,1,10
947,tom3,045,20211020,10,1,10
948,tom3,047,20211020,10,1,10
949,tom3,048,20211020,10,1,10
950,tom3,048,20211020,10,1,10
951,tom3,051,20211020,11,1,11
952,tom3,051,20211020,11,1,11
953,tom3,052,20211020,10,1,10
954,tom3,052,20211020,10,1,10
955,tom3,053,20211020,10,1,10
956,tom3,055,20211021,11,1,11
957,tom3,056,20211021,11,1,11
958,tom3,056,20211021,11,1,11
959,tom3,057,20211021,11,1,11
960,tom3,058,20211021,11,1,11
961,tom3,060,20211021,10,1,10
962,tom3,063,20211021,10,1,10
963,tom3,063,20211021,10,1,10
964,tom3,064,20211021,10,1,10
965,tom3,069,20211021,10,1,10
966,tom3,070,20211021,10,1,10
967,tom3,073,20211021,10,1,10
968,tom3,074,20211021,10,1,10
969,tom3,074,20211021,10,1,10
970,tom3,076,20211021,11,1,11
971,tom3,076,20211021,11,1,11
972,tom3,082,20211022,11,1,11
973,tom3,084,20211022,10,1,10
974,tom3,085,20211022,10,1,10
975,tom3,089,20211022,11,1,11
976,tom3,090,20211022,11,1,11
977,tom3,093,20211022,11,1,11
978,tom3,094,20211022,10,1,10
979,tom3,096,20211022,10,1,10
980,tom3,097,20211022,11,1,11
981,tom3,097,20211022,11,1,11
982,tom3,098,20211022,11,1,11
983,tom3,099,20211022,10,1,10
984,tom3,099,20211022,10,1,10
985,tom3,004,20211025,12,1,12
986,tom3,004,20211025,12,1,12
987,tom3,005,20211025,11,1,11
988,tom3,005,20211025,11,1,11
989,tom3,005,20211025,11,1,11
990,tom3,006,20211025,11,1,11
991,tom3,010,20211025,11,1,11
992,tom3,011,20211025,11,1,11
993,tom3,011,20211025,11,1,11
994,tom3,012,20211025,11,1,11
995,tom3,013,20211025,12,1,12
996,tom3,017,20211026,11,1,11
997,tom3,020,20211026,11,1,11
998,tom3,026,20211026,11,1,11
999,tom3,026,20211026,11,1,11
1000,tom3,030,20211026,11,1,11
1001,tom3,030,20211026,11,1,11
1002,tom3,034,20211027,12,1,12
1003,tom3,034,20211027,12,1,12
1004,tom3,034,20211027,12,1,12
1005,tom3,044,20211027,12,1,12
1006,tom3,044,20211027,12,1,12
1007,tom3,045,20211027,11,1,11
1008,tom3,045,20211027,11,1,11
1009,tom3,046,20211027,12,1,12
1010,tom3,047,20211027,11,1,11
1011,tom3,054,20211028,11,1,11
1012,tom3,056,20211028,12,1,12
1013,tom3,058,20211028,12,1,12
1014,tom3,058,20211028,12,1,12
1015,tom3,061,20211028,12,1,12
1016,tom3,063,20211028,11,1,11
1017,tom3,066,20211028,11,1,11
1018,tom3,066,20211028,11,1,11
1019,tom3,068,20211028,11,1,11
1020,tom3,071,20211028,11,1,11
1021,tom3,071,20211028,11,1,11
1022,tom3,072,20211028,11,1,11
1023,tom3,074,20211028,11,1,11
1024,tom3,075,20211028,11,1,11
1025,tom3,076,20211028,12,1,12
1026,tom3,076,20211028,12,1,12
1027,tom3,076,20211028,12,1,12
1028,tom3,077,20211028,12,1,12
1029,tom3,078,20211028,11,1,11
1030,tom3,082,20211029,12,1,12
1031,tom3,083,20211029,11,1,11
1032,tom3,084,20211029,11,1,11
1033,tom3,085,20211029,11,1,11
1034,tom3,087,20211029,10,1,10
1035,tom3,088,20211029,12,1,12
1036,tom3,089,20211029,12,1,12
1037,tom3,093,20211029,12,1,12
1038,tom3,093,20211029,12,1,12
1039,tom3,094,20211029,11,1,11
1040,tom3,094,20211029,11,1,11
1041,tom3,095,20211029,11,1,11
1042,tom3,096,20211029,11,1,11
1043,tom3,096,20211029,11,1,11
1044,tom3,097,20211029,12,1,12
1045,tom3,097,20211029,12,1,12
1046,tom3,099,20211029,10,1,10
1047,tom3,099,20211029,11,1,11
1048,tom3,099,20211029,11,1,11
1049,tom3,099,20211029,11,1,11
1050,tom3,100,20211029,11,1,11
1051,tom3,100,20211029,11,1,11
1052,tom3,001,20211101,12,1,12
1053,tom3,002,20211101,11,1,11
1054,tom3,004,20211101,12,1,12
1055,tom3,004,20211101,12,1,12
1056,tom3,009,20211101,12,1,12
1057,tom3,010,20211101,12,1,12
1058,tom3,010,20211101,12,1,12
1059,tom3,012,20211101,12,1,12
1060,tom3,012,20211101,12,1,12
1061,tom3,012,20211101,12,1,12
1062,tom3,014,20211102,12,1,12
1063,tom3,016,20211102,11,1,11
1064,tom3,016,20211102,11,1,11
1065,tom3,017,20211102,11,1,11
1066,tom3,018,20211102,11,1,11
1067,tom3,018,20211102,11,1,11
1068,tom3,019,20211102,11,1,11
1069,tom3,020,20211102,11,1,11
1070,tom3,021,20211102,10,1,10
1071,tom3,021,20211102,10,1,10
1072,tom3,022,20211102,12,1,12
1073,tom3,022,20211102,12,1,12
1074,tom3,023,20211102,12,1,12
1075,tom3,023,20211102,12,1,12
1076,tom3,027,20211102,12,1,12
1077,tom3,028,20211102,12,1,12
1078,tom3,028,20211102,12,1,12
1079,tom3,029,20211102,12,1,12
1080,tom3,029,20211102,12,1,12
1081,tom3,034,20211102,12,1,12
1082,tom3,034,20211102,12,1,12
1083,tom3,035,20211102,12,1,12
1084,tom3,038,20211102,11,1,11
1085,tom3,040,20211102,12,1,12
1086,tom3,041,20211104,12,1,12
1087,tom3,043,20211104,13,1,13
1088,tom3,044,20211104,12,1,12
1089,tom3,047,20211104,12,1,12
1090,tom3,047,20211104,12,1,12
1091,tom3,048,20211104,11,1,11
1092,tom3,052,20211104,11,1,11
1093,tom3,054,20211104,12,1,12
1094,tom3,054,20211104,12,1,12
1095,tom3,054,20211104,12,1,12
1096,tom3,058,20211104,13,1,13
1097,tom3,060,20211104,12,1,12
1098,tom3,060,20211104,12,1,12
1099,tom3,061,20211104,13,1,13
1100,tom3,062,20211104,12,1,12
1101,tom3,062,20211104,12,1,12
1102,tom3,063,20211105,12,1,12
1103,tom3,064,20211105,12,1,12
1104,tom3,065,20211105,12,1,12
1105,tom3,065,20211105,12,1,12
1106,tom3,066,20211105,12,1,12
1107,tom3,067,20211105,12,1,12
1108,tom3,067,20211105,12,1,12
1109,tom3,068,20211105,12,1,12
1110,tom3,068,20211105,12,1,12
1111,tom3,069,20211105,12,1,12
1112,tom3,069,20211105,12,1,12
1113,tom3,072,20211105,11,1,11
1114,tom3,075,20211105,12,1,12
1115,tom3,081,20211106,12,1,12
1116,tom3,083,20211106,12,1,12
1117,tom3,084,20211106,11,1,11
1118,tom3,085,20211106,12,1,12
1119,tom3,086,20211106,12,1,12
1120,tom3,086,20211106,12,1,12
1121,tom3,087,20211106,11,1,11
1122,tom3,087,20211106,11,1,11
1123,tom3,088,20211106,13,1,13
1124,tom3,090,20211106,13,1,13
1125,tom3,095,20211106,12,1,12
1126,tom3,100,20211106,12,1,12
1127,tom3,002,20211110,12,1,12
1128,tom3,002,20211110,12,1,12
1129,tom3,002,20211110,12,1,12
1130,tom3,002,20211110,12,1,12
1131,tom3,003,20211110,12,1,12
1132,tom3,003,20211110,12,1,12
1133,tom3,003,20211110,13,1,13
1134,tom3,003,20211110,13,1,13
1135,tom3,006,20211110,13,1,13
1136,tom3,006,20211110,13,1,13
1137,tom3,006,20211110,13,1,13
1138,tom3,007,20211110,13,1,13
1139,tom3,007,20211110,13,1,13
1140,tom3,008,20211110,12,1,12
1141,tom3,008,20211110,12,1,12
1142,tom3,009,20211110,13,1,13
1143,tom3,009,20211110,13,1,13
1144,tom3,009,20211110,13,1,13
1145,tom3,009,20211110,13,1,13
1146,tom3,014,20211110,12,1,12
1147,tom3,015,20211110,12,1,12
1148,tom3,015,20211110,12,1,12
1149,tom3,016,20211110,13,1,13
1150,tom3,016,20211110,13,1,13
1151,tom3,017,20211110,13,1,13
1152,tom3,021,20211111,11,1,11
1153,tom3,021,20211111,11,1,11
1154,tom3,021,20211111,12,1,12
1155,tom3,021,20211111,12,1,12
1156,tom3,021,20211111,12,1,12
1157,tom3,021,20211111,12,1,12
1158,tom3,022,20211111,13,1,13
1159,tom3,022,20211111,13,1,13
1160,tom3,022,20211111,13,1,13
1161,tom3,022,20211111,13,1,13
1162,tom3,023,20211111,13,1,13
1163,tom3,025,20211111,12,1,12
1164,tom3,027,20211111,12,1,12
1165,tom3,028,20211111,13,1,13
1166,tom3,028,20211111,13,1,13
1167,tom3,029,20211111,13,1,13
1168,tom3,031,20211111,13,1,13
1169,tom3,032,20211111,12,1,12
1170,tom3,032,20211111,12,1,12
1171,tom3,033,20211111,12,1,12
1172,tom3,034,20211111,12,1,12
1173,tom3,034,20211111,12,1,12
1174,tom3,035,20211111,12,1,12
1175,tom3,035,20211111,12,1,12
1176,tom3,036,20211111,12,1,12
1177,tom3,037,20211111,13,1,13
1178,tom3,038,20211111,12,1,12
1179,tom3,040,20211111,13,1,13
1180,tom3,040,20211111,13,1,13
1181,tom3,040,20211111,13,1,13
1182,tom3,041,20211112,12,1,12
1183,tom3,041,20211112,12,1,12
1184,tom3,043,20211112,12,1,12
1185,tom3,043,20211112,13,1,13
1186,tom3,043,20211112,13,1,13
1187,tom3,044,20211112,11,1,11
1188,tom3,045,20211112,12,1,12
1189,tom3,045,20211112,12,1,12
1190,tom3,045,20211112,12,1,12
1191,tom3,046,20211112,13,1,13
1192,tom3,046,20211112,13,1,13
1193,tom3,047,20211112,12,1,12
1194,tom3,047,20211112,12,1,12
1195,tom3,048,20211112,13,1,13
1196,tom3,049,20211112,12,1,12
1197,tom3,049,20211112,12,1,12
1198,tom3,049,20211112,13,1,13
1199,tom3,050,20211112,12,1,12
1200,tom3,050,20211112,12,1,12
1201,tom3,051,20211112,12,1,12
1202,tom3,053,20211112,12,1,12
1203,tom3,055,20211113,12,1,12
1204,tom3,057,20211113,12,1,12
1205,tom3,059,20211113,12,1,12
1206,tom3,060,20211113,13,1,13
1207,tom3,060,20211113,13,1,13
1208,tom3,060,20211113,13,1,13
1209,tom3,063,20211113,12,1,12
1210,tom3,063,20211113,13,1,13
1211,tom3,064,20211113,11,1,11
1212,tom3,066,20211113,12,1,12
1213,tom3,067,20211113,12,1,12
1214,tom3,067,20211113,12,1,12
1215,tom3,068,20211113,12,1,12
1216,tom3,068,20211113,12,1,12
1217,tom3,068,20211113,12,1,12
1218,tom3,068,20211113,12,1,12
1219,tom3,069,20211113,12,1,12
1220,tom3,073,20211113,12,1,12
1221,tom3,074,20211113,13,1,13
1222,tom3,074,20211113,13,1,13
1223,tom3,075,20211113,13,1,13
1224,tom3,076,20211113,12,1,12
1225,tom3,076,20211113,12,1,12
1226,tom3,079,20211113,12,1,12
1227,tom3,081,20211113,11,1,11
1228,tom3,081,20211113,12,1,12
1229,tom3,081,20211113,12,1,12
1230,tom3,083,20211113,12,1,12
1231,tom3,084,20211113,13,1,13
1232,tom3,084,20211113,13,1,13
1233,tom3,084,20211113,13,1,13
1234,tom3,087,20211113,13,1,13
1235,tom3,088,20211113,11,1,11
1236,tom3,089,20211113,12,1,12
1237,tom3,089,20211113,12,1,12
1238,tom3,090,20211113,12,1,12
1239,tom3,090,20211113,12,1,12
1240,tom3,093,20211113,12,1,12
1241,tom3,093,20211113,12,1,12
1242,tom3,093,20211113,12,1,12
1243,tom3,094,20211113,13,1,13
1244,tom3,094,20211113,13,1,13
1245,tom3,094,20211113,13,1,13
1246,tom3,095,20211113,12,1,12
1247,tom3,095,20211113,13,1,13
1248,tom3,096,20211113,12,1,12
1249,tom3,097,20211113,11,1,11
1250,tom3,097,20211113,12,1,12
1251,tom3,097,20211113,12,1,12
1252,tom3,100,20211113,12,1,12
1253,tom3,100,20211113,12,1,12
1254,tom3,004,20211115,13,1,13
1255,tom3,004,20211115,13,1,13
1256,tom3,009,20211115,14,1,14
1257,tom3,010,20211115,13,1,13
1258,tom3,013,20211115,13,1,13
1259,tom3,013,20211115,13,1,13
1260,tom3,015,20211115,13,1,13
1261,tom3,015,20211115,13,1,13
1262,tom3,023,20211116,13,1,13
1263,tom3,025,20211116,13,1,13
1264,tom3,029,20211116,13,1,13
1265,tom3,031,20211116,13,1,13
1266,tom3,033,20211116,13,1,13
1267,tom3,035,20211116,13,1,13
1268,tom3,036,20211116,13,1,13
1269,tom3,037,20211116,13,1,13
1270,tom3,038,20211116,14,1,14
1271,tom3,039,20211116,13,1,13
1272,tom3,040,20211116,12,1,12
1273,tom3,046,20211117,13,1,13
1274,tom3,051,20211118,13,1,13
1275,tom3,051,20211118,13,1,13
1276,tom3,052,20211118,12,1,12
1277,tom3,052,20211118,13,1,13
1278,tom3,053,20211118,14,1,14
1279,tom3,053,20211118,14,1,14
1280,tom3,056,20211118,13,1,13
1281,tom3,062,20211118,13,1,13
1282,tom3,066,20211118,12,1,12
1283,tom3,069,20211118,13,1,13
1284,tom3,069,20211118,13,1,13
1285,tom3,070,20211118,13,1,13
1286,tom3,070,20211118,13,1,13
1287,tom3,075,20211118,13,1,13
1288,tom3,077,20211119,13,1,13
1289,tom3,082,20211119,13,1,13
1290,tom3,087,20211119,12,1,12
1291,tom3,090,20211119,12,1,12
1292,tom3,090,20211119,12,1,12
1293,tom3,092,20211119,13,1,13
1294,tom3,093,20211119,12,1,12
1295,tom3,093,20211119,12,1,12
1296,tom3,005,20211122,14,1,14
1297,tom3,006,20211122,14,1,14
1298,tom3,009,20211122,14,1,14
1299,tom3,010,20211122,14,1,14
1300,tom3,010,20211122,14,1,14
1301,tom3,011,20211122,14,1,14
1302,tom3,017,20211122,14,1,14
1303,tom3,020,20211122,14,1,14
1304,tom3,022,20211123,13,1,13
1305,tom3,023,20211123,14,1,14
1306,tom3,023,20211123,14,1,14
1307,tom3,038,20211123,14,1,14
1308,tom3,040,20211123,13,1,13
1309,tom3,041,20211125,14,1,14
1310,tom3,043,20211125,14,1,14
1311,tom3,045,20211125,14,1,14
1312,tom3,047,20211125,14,1,14
1313,tom3,047,20211125,14,1,14
1314,tom3,049,20211125,14,1,14
1315,tom3,054,20211125,13,1,13
1316,tom3,054,20211125,13,1,13
1317,tom3,057,20211125,13,1,13
1318,tom3,058,20211125,14,1,14
1319,tom3,059,20211125,13,1,13
1320,tom3,061,20211125,13,1,13
1321,tom3,064,20211125,14,1,14
1322,tom3,064,20211125,14,1,14
1323,tom3,065,20211125,14,1,14
1324,tom3,065,20211125,14,1,14
1325,tom3,065,20211125,14,1,14
1326,tom3,069,20211125,13,1,13
1327,tom3,073,20211127,14,1,14
1328,tom3,075,20211127,14,1,14
1329,tom3,078,20211127,14,1,14
1330,tom3,078,20211127,14,1,14
1331,tom3,078,20211127,14,1,14
1332,tom3,081,20211127,13,1,13
1333,tom3,084,20211127,13,1,13
1334,tom3,084,20211127,13,1,13
1335,tom3,084,20211127,13,1,13
1336,tom3,090,20211127,12,1,12
1337,tom3,090,20211127,12,1,12
1338,tom3,092,20211127,13,1,13
1339,tom3,096,20211127,13,1,13
1340,tom3,096,20211127,13,1,13
1341,tom3,096,20211127,13,1,13
1342,tom3,098,20211127,14,1,14
1343,tom3,099,20211127,13,1,13
1344,tom3,007,20211130,15,1,15
1345,tom3,018,20211130,15,1,15
1346,tom3,019,20211130,14,1,14
1347,tom3,021,20211201,15,1,15
1348,tom3,021,20211201,15,1,15
1349,tom3,032,20211201,15,1,15
1350,tom3,038,20211201,14,1,14
1351,tom3,038,20211201,14,1,14
1352,tom3,041,20211202,15,1,15
1353,tom3,042,20211202,14,1,14
1354,tom3,048,20211202,14,1,14
1355,tom3,049,20211202,15,1,15
1356,tom3,051,20211202,14,1,14
1357,tom3,052,20211202,15,1,15
1358,tom3,052,20211202,15,1,15
1359,tom3,056,20211202,14,1,14
1360,tom3,056,20211202,14,1,14
1361,tom3,061,20211202,14,1,14
1362,tom3,068,20211202,14,1,14
1363,tom3,069,20211202,14,1,14
1364,tom3,070,20211202,14,1,14
1365,tom3,071,20211203,14,1,14
1366,tom3,071,20211203,14,1,14
1367,tom3,077,20211203,14,1,14
1368,tom3,079,20211203,14,1,14
1369,tom3,080,20211203,14,1,14
1370,tom3,086,20211203,14,1,14
1371,tom3,091,20211203,12,1,12
1372,tom3,091,20211203,12,1,12
1373,tom3,100,20211203,13,1,13
1374,tom3,001,20211206,16,1,16
1375,tom3,004,20211206,15,1,15
1376,tom3,006,20211206,15,1,15
1377,tom3,012,20211206,15,1,15
1378,tom3,014,20211206,14,1,14
1379,tom3,023,20211207,15,1,15
1380,tom3,024,20211207,15,1,15
1381,tom3,024,20211207,15,1,15
1382,tom3,031,20211207,15,1,15
1383,tom3,032,20211207,16,1,16
1384,tom3,034,20211207,14,1,14
1385,tom3,036,20211207,15,1,15
1386,tom3,037,20211207,15,1,15
1387,tom3,040,20211207,14,1,14
1388,tom3,043,20211208,15,1,15
1389,tom3,043,20211208,15,1,15
1390,tom3,044,20211208,15,1,15
1391,tom3,045,20211208,15,1,15
1392,tom3,046,20211208,14,1,14
1393,tom3,046,20211208,14,1,14
1394,tom3,050,20211208,15,1,15
1395,tom3,054,20211208,14,1,14
1396,tom3,054,20211208,14,1,14
1397,tom3,056,20211208,14,1,14
1398,tom3,057,20211208,14,1,14
1399,tom3,058,20211208,15,1,15
1400,tom3,063,20211209,14,1,14
1401,tom3,063,20211209,14,1,14
1402,tom3,068,20211209,15,1,15
1403,tom3,071,20211209,15,1,15
1404,tom3,073,20211209,15,1,15
1405,tom3,073,20211209,15,1,15
1406,tom3,074,20211209,15,1,15
1407,tom3,075,20211209,15,1,15
1408,tom3,080,20211209,14,1,14
1409,tom3,081,20211212,14,1,14
1410,tom3,082,20211212,15,1,15
1411,tom3,084,20211212,14,1,14
1412,tom3,092,20211212,13,1,13
1413,tom3,097,20211212,14,1,14
1414,tom3,097,20211212,14,1,14
1415,tom3,097,20211212,14,1,14
1416,tom3,098,20211212,15,1,15
1417,tom3,099,20211212,13,1,13
1418,tom3,099,20211212,13,1,13
1419,tom3,061,20211217,15,1,15
1420,tom3,066,20211217,15,1,15
1421,tom3,067,20211217,14,1,14
1422,tom3,069,20211217,15,1,15
1423,tom3,069,20211217,15,1,15
1424,tom3,076,20211217,15,1,15
1425,tom3,076,20211217,15,1,15
1426,tom3,077,20211217,15,1,15
1427,tom3,077,20211217,15,1,15
1428,tom3,078,20211217,15,1,15
1429,tom3,079,20211217,15,1,15
1430,tom3,079,20211217,15,1,15
1431,tom3,084,20211217,14,1,14
1432,tom3,087,20211217,14,1,14
1433,tom3,096,20211218,14,1,14
1434,tom3,099,20211218,13,1,13
1435,tom3,003,20211220,15,1,15
1436,tom3,003,20211220,15,1,15
1437,tom3,007,20211220,17,1,17
1438,tom3,017,20211220,16,1,16
1439,tom3,017,20211220,16,1,16
1440,tom3,019,20211220,16,1,16
1441,tom3,019,20211220,16,1,16
1442,tom3,023,20211221,16,1,16
1443,tom3,026,20211221,15,1,15
1444,tom3,026,20211221,15,1,15
1445,tom3,030,20211221,15,1,15
1446,tom3,031,20211221,16,1,16
1447,tom3,038,20211221,16,1,16
1448,tom3,038,20211221,16,1,16
1449,tom3,053,20211224,16,1,16
1450,tom3,056,20211224,16,1,16
1451,tom3,056,20211224,16,1,16
1452,tom3,069,20211226,16,1,16
1453,tom3,070,20211226,16,1,16
1454,tom3,070,20211226,16,1,16
1455,tom3,073,20211226,16,1,16
1456,tom3,073,20211226,16,1,16
1457,tom3,073,20211226,16,1,16
1458,tom3,082,20211226,16,1,16
1459,tom3,084,20211226,15,1,15
1460,tom3,089,20211226,15,1,15
1461,tom3,089,20211226,15,1,15
1462,tom3,091,20211226,14,1,14
1463,tom3,091,20211226,14,1,14
1464,tom3,002,20211228,17,1,17
1465,tom3,002,20211228,17,1,17
1466,tom3,004,20211228,17,1,17
1467,tom3,004,20211228,17,1,17
1468,tom3,006,20211228,17,1,17
1469,tom3,007,20211228,15,1,15
1470,tom3,013,20211228,16,1,16
1471,tom3,033,20211229,16,1,16
1472,tom3,038,20211229,16,1,16
1473,tom3,039,20211229,16,1,16
1474,tom3,042,20211231,17,1,17
1475,tom3,042,20211231,17,1,17
1476,tom3,043,20211231,17,1,17
1477,tom3,045,20211231,17,1,17
1478,tom3,048,20211231,16,1,16
1479,tom3,048,20211231,16,1,16
1480,tom3,048,20211231,16,1,16
1481,tom3,049,20211231,17,1,17
1482,tom3,049,20211231,17,1,17
1483,tom3,052,20211231,17,1,17
1484,tom3,054,20211231,16,1,16
1485,tom3,054,20211231,16,1,16
1486,tom3,060,20211231,17,1,17
1487,tom4,043,20210911,2,1,2
1488,tom4,003,20211001,5,1,5
1489,tom4,003,20211001,5,1,5
1490,tom4,009,20211001,5,1,5
1491,tom4,010,20211001,5,1,5
1492,tom4,013,20211001,5,1,5
1493,tom4,017,20211001,5,1,5
1494,tom4,018,20211001,5,1,5
1495,tom4,018,20211001,5,1,5
1496,tom4,019,20211001,4,1,4
1497,tom4,025,20211001,5,1,5
1498,tom4,026,20211001,5,1,5
1499,tom4,037,20211002,5,1,5
1500,tom4,040,20211002,5,1,5
1501,tom4,040,20211002,5,1,5
1502,tom4,059,20211002,5,1,5
1503,tom4,096,20211003,5,1,5
1504,tom4,016,20211008,5,1,5
1505,tom4,018,20211008,5,1,5
1506,tom4,019,20211008,5,1,5
1507,tom4,022,20211009,6,1,6
1508,tom4,031,20211009,6,1,6
1509,tom4,041,20211009,6,1,6
1510,tom4,047,20211009,6,1,6
1511,tom4,047,20211009,6,1,6
1512,tom4,049,20211009,6,1,6
1513,tom4,051,20211009,6,1,6
1514,tom4,054,20211009,6,1,6
1515,tom4,056,20211009,6,1,6
1516,tom4,056,20211009,6,1,6
1517,tom4,058,20211009,6,1,6
1518,tom4,062,20211010,6,1,6
1519,tom4,062,20211010,6,1,6
1520,tom4,075,20211010,6,1,6
1521,tom4,075,20211010,6,1,6
1522,tom4,076,20211010,6,1,6
1523,tom4,080,20211010,6,1,6
1524,tom4,084,20211010,6,1,6
1525,tom4,084,20211010,6,1,6
1526,tom4,092,20211010,6,1,6
1527,tom4,094,20211010,6,1,6
1528,tom4,002,20211015,7,1,7
1529,tom4,003,20211015,6,1,6
1530,tom4,003,20211015,6,1,6
1531,tom4,006,20211015,6,1,6
1532,tom4,012,20211015,6,1,6
1533,tom4,016,20211015,6,1,6
1534,tom4,016,20211015,6,1,6
1535,tom4,018,20211016,6,1,6
1536,tom4,018,20211016,6,1,6
1537,tom4,030,20211016,6,1,6
1538,tom4,031,20211016,7,1,7
1539,tom4,036,20211016,7,1,7
1540,tom4,038,20211016,6,1,6
1541,tom4,045,20211016,7,1,7
1542,tom4,045,20211016,7,1,7
1543,tom4,048,20211016,7,1,7
1544,tom4,051,20211016,7,1,7
1545,tom4,055,20211017,7,1,7
1546,tom4,055,20211017,7,1,7
1547,tom4,058,20211017,6,1,6
1548,tom4,060,20211017,7,1,7
1549,tom4,063,20211017,7,1,7
1550,tom4,070,20211017,6,1,6
1551,tom4,071,20211017,7,1,7
1552,tom4,071,20211017,7,1,7
1553,tom4,073,20211017,7,1,7
1554,tom4,077,20211017,6,1,6
1555,tom4,091,20211017,7,1,7
1556,tom4,007,20211022,7,1,7
1557,tom4,014,20211022,7,1,7
1558,tom4,021,20211022,7,1,7
1559,tom4,032,20211023,8,1,8
1560,tom4,034,20211023,7,1,7
1561,tom4,035,20211023,7,1,7
1562,tom4,043,20211023,7,1,7
1563,tom4,044,20211023,7,1,7
1564,tom4,050,20211023,7,1,7
1565,tom4,061,20211023,6,1,6
1566,tom4,073,20211023,8,1,8
1567,tom4,077,20211024,7,1,7
1568,tom4,078,20211024,7,1,7
1569,tom4,080,20211024,7,1,7
1570,tom4,081,20211024,6,1,6
1571,tom4,085,20211024,7,1,7
1572,tom4,086,20211024,7,1,7
1573,tom4,088,20211024,7,1,7
1574,tom4,089,20211024,8,1,8
1575,tom4,089,20211024,8,1,8
1576,tom4,096,20211024,7,1,7
1577,tom4,097,20211024,7,1,7
1578,tom4,099,20211024,7,1,7
1579,tom4,018,20211029,7,1,7
1580,tom4,022,20211029,8,1,8
1581,tom4,024,20211029,8,1,8
1582,tom4,036,20211029,8,1,8
1583,tom4,036,20211029,8,1,8
1584,tom4,047,20211030,3,1,3
1585,tom4,047,20211030,3,1,3
1586,tom4,053,20211030,8,1,8
1587,tom4,081,20211031,7,1,7
1588,tom4,087,20211031,8,1,8
1589,tom4,094,20211031,8,1,8
1590,tom4,098,20211031,7,1,7
1591,tom4,003,20211105,8,1,8
1592,tom4,004,20211105,3,1,3
1593,tom4,023,20211105,8,1,8
1594,tom4,027,20211105,8,1,8
1595,tom4,035,20211105,8,1,8
1596,tom4,057,20211106,7,1,7
1597,tom4,057,20211106,7,1,7
1598,tom4,059,20211106,8,1,8
1599,tom4,063,20211106,9,1,9
1600,tom4,064,20211106,8,1,8
1601,tom4,064,20211106,8,1,8
1602,tom4,071,20211106,9,1,9
1603,tom4,072,20211106,8,1,8
1604,tom4,080,20211107,8,1,8
1605,tom4,090,20211107,8,1,8
1606,tom4,008,20211112,9,1,9
1607,tom4,008,20211112,9,1,9
1608,tom4,017,20211112,8,1,8
1609,tom4,017,20211112,8,1,8
1610,tom4,020,20211112,9,1,9
1611,tom4,024,20211112,9,1,9
1612,tom4,024,20211112,9,1,9
1613,tom4,036,20211112,9,1,9
1614,tom4,047,20211113,9,1,9
1615,tom4,049,20211113,9,1,9
1616,tom4,052,20211113,9,1,9
1617,tom4,060,20211113,9,1,9
1618,tom4,061,20211113,8,1,8
1619,tom4,078,20211114,8,1,8
1620,tom4,092,20211114,9,1,9
1621,tom4,003,20211119,9,1,9
1622,tom4,004,20211119,9,1,9
1623,tom4,005,20211119,9,1,9
1624,tom4,007,20211119,9,1,9
1625,tom4,022,20211119,10,1,10
1626,tom4,022,20211119,10,1,10
1627,tom4,027,20211119,9,1,9
1628,tom4,035,20211120,9,1,9
1629,tom4,040,20211120,10,1,10
1630,tom4,044,20211120,9,1,9
1631,tom4,060,20211120,10,1,10
1632,tom4,060,20211120,10,1,10
1633,tom4,065,20211120,9,1,9
1634,tom4,071,20211121,10,1,10
1635,tom4,071,20211121,10,1,10
1636,tom4,080,20211121,9,1,9
1637,tom4,007,20211127,10,1,10
1638,tom4,014,20211127,10,1,10
1639,tom4,040,20211127,11,1,11
1640,tom4,044,20211128,10,1,10
1641,tom4,065,20211128,10,1,10
1642,tom4,066,20211128,10,1,10
1643,tom4,067,20211128,10,1,10
1644,tom4,082,20211128,10,1,10
1645,tom4,082,20211128,10,1,10
1646,tom4,091,20211128,10,1,10
1647,tom4,006,20211204,10,1,10
1648,tom4,006,20211204,10,1,10
1649,tom4,008,20211204,11,1,11
1650,tom4,009,20211204,10,1,10
1651,tom4,011,20211204,11,1,11
1652,tom4,017,20211204,10,1,10
1653,tom4,017,20211204,10,1,10
1654,tom4,019,20211204,10,1,10
1655,tom4,021,20211204,11,1,11
1656,tom4,026,20211204,10,1,10
1657,tom4,028,20211204,11,1,11
1658,tom4,030,20211204,11,1,11
1659,tom4,030,20211204,11,1,11
1660,tom4,038,20211204,11,1,11
1661,tom4,038,20211204,11,1,11
1662,tom4,041,20211205,11,1,11
1663,tom4,052,20211205,11,1,11
1664,tom4,087,20211205,11,1,11
1665,tom4,087,20211205,11,1,11
1666,tom4,092,20211205,11,1,11
1667,tom4,096,20211205,10,1,10
1668,tom4,096,20211205,10,1,10
1669,tom4,007,20211211,11,1,11
1670,tom4,023,20211211,11,1,11
1671,tom4,023,20211211,11,1,11
1672,tom4,031,20211211,12,1,12
1673,tom4,035,20211212,11,1,11
1674,tom4,047,20211212,12,1,12
1675,tom4,048,20211212,11,1,11
1676,tom4,063,20211212,12,1,12
1677,tom4,063,20211212,12,1,12
1678,tom4,064,20211212,11,1,11
1679,tom4,082,20211212,11,1,11
1680,tom4,086,20211212,11,1,11
1681,tom4,086,20211212,11,1,11
1682,tom4,094,20211212,11,1,11
1683,tom4,002,20211218,12,1,12
1684,tom4,002,20211218,12,1,12
1685,tom4,006,20211218,11,1,11
1686,tom4,008,20211218,12,1,12
1687,tom4,009,20211218,11,1,11
1688,tom4,010,20211218,12,1,12
1689,tom4,010,20211218,12,1,12
1690,tom4,030,20211218,12,1,12
1691,tom4,031,20211218,13,1,13
1692,tom4,031,20211218,13,1,13
1693,tom4,033,20211218,10,1,10
1694,tom4,037,20211218,12,1,12
1695,tom4,038,20211218,12,1,12
1696,tom4,041,20211219,12,1,12
1697,tom4,044,20211219,12,1,12
1698,tom4,049,20211219,12,1,12
1699,tom4,052,20211219,12,1,12
1700,tom4,057,20211219,10,1,10
1701,tom4,057,20211219,10,1,10
1702,tom4,075,20211219,12,1,12
1703,tom4,075,20211219,12,1,12
1704,tom4,080,20211219,11,1,11
1705,tom4,084,20211219,11,1,11
1706,tom4,004,20211225,12,1,12
1707,tom4,007,20211225,12,1,12
1708,tom4,011,20211226,13,1,13
1709,tom4,016,20211225,11,1,11
1710,tom4,022,20211226,13,1,13
1711,tom4,022,20211226,13,1,13
1712,tom4,023,20211226,12,1,12
1713,tom4,024,20211226,13,1,13
1714,tom4,024,20211226,13,1,13
1715,tom4,027,20211226,12,1,12
1716,tom4,035,20211226,12,1,12
1717,tom4,036,20211226,13,1,13
1718,tom4,039,20211226,13,1,13
1719,tom4,040,20211226,13,1,13
1720,tom4,042,20211226,12,1,12
1721,tom4,047,20211226,13,1,13
1722,tom4,053,20211226,13,1,13
1723,tom4,054,20211226,13,1,13
1724,tom4,054,20211226,13,1,13
1725,tom4,055,20211226,12,1,12
1726,tom4,061,20211226,12,1,12
1727,tom4,061,20211226,12,1,12
1728,tom4,063,20211226,13,1,13
1729,tom4,065,20211226,12,1,12
1730,tom4,066,20211226,12,1,12
1731,tom4,070,20211226,13,1,13
1732,tom4,070,20211226,13,1,13
1733,tom4,071,20211226,13,1,13
1734,tom4,076,20211226,12,1,12
1735,tom4,080,20211226,12,1,12
1736,tom4,080,20211226,12,1,12
1737,tom4,085,20211226,13,1,13
1738,tom4,095,20211226,12,1,12
1739,tom4,097,20211226,12,1,12
1740,tom5,005,20210919,1,1,1
1741,tom5,005,20210919,1,1,1
1742,tom5,012,20210919,1,1,1
1743,tom5,001,20210919,1,1,1
1744,tom5,005,20210919,1,1,1
1745,tom5,005,20210919,1,1,1
1746,tom5,041,20210919,1,1,1
1747,tom5,049,20210919,1,1,1
1748,tom5,057,20210919,1,1,1
1749,tom5,057,20210919,1,1,1
1750,tom5,002,20211002,3,1,3
1751,tom5,008,20211002,2,1,2
1752,tom5,012,20211002,3,1,3
1753,tom5,014,20211002,3,1,3
1754,tom5,017,20211002,2,1,2
1755,tom5,021,20211002,2,1,2
1756,tom5,026,20211002,2,1,2
1757,tom5,049,20210926,2,1,2
1758,tom5,050,20210926,2,1,2
1759,tom5,050,20210926,2,1,2
1760,tom5,056,20211002,2,1,2
1761,tom5,061,20210926,2,1,2
1762,tom5,061,20210926,2,1,2
1763,tom5,070,20211002,3,1,3
1764,tom5,074,20211003,3,1,3
1765,tom5,090,20210926,2,1,2
1766,tom5,091,20211003,2,1,2
1767,tom5,091,20211003,2,1,2
1768,tom5,006,20211009,3,1,3
1769,tom5,014,20211009,4,1,4
1770,tom5,014,20211009,4,1,4
1771,tom5,016,20211009,3,1,3
1772,tom5,016,20211009,3,1,3
1773,tom5,024,20211009,2,1,2
1774,tom5,034,20211009,3,1,3
1775,tom5,034,20211009,3,1,3
1776,tom5,038,20211009,4,1,4
1777,tom5,045,20211010,3,1,3
1778,tom5,052,20211010,3,1,3
1779,tom5,052,20211010,3,1,3
1780,tom5,054,20211010,4,1,4
1781,tom5,054,20211010,4,1,4
1782,tom5,057,20211010,4,1,4
1783,tom5,057,20211010,4,1,4
1784,tom5,059,20211010,4,1,4
1785,tom5,064,20211010,3,1,3
1786,tom5,067,20211010,3,1,3
1787,tom5,082,20211010,3,1,3
1788,tom5,089,20211010,3,1,3
1789,tom5,092,20211010,4,1,4
1790,tom5,098,20211010,3,1,3
1791,tom5,099,20211010,4,1,4
1792,tom5,099,20211010,4,1,4
1793,tom5,004,20211017,4,1,4
1794,tom5,004,20211017,4,1,4
1795,tom5,021,20211017,4,1,4
1796,tom5,021,20211017,4,1,4
1797,tom5,024,20211017,3,1,3
1798,tom5,025,20211017,3,1,3
1799,tom5,025,20211017,3,1,3
1800,tom5,038,20211016,5,1,5
1801,tom5,038,20211016,5,1,5
1802,tom5,057,20211017,4,1,4
1803,tom5,057,20211017,4,1,4
1804,tom5,059,20211017,4,1,4
1805,tom5,063,20211017,3,1,3
1806,tom5,078,20211017,3,1,3
1807,tom5,084,20211017,4,1,4
1808,tom5,088,20211017,3,1,3
1809,tom5,088,20211017,3,1,3
1810,tom5,092,20211017,4,1,4
1811,tom5,093,20211017,4,1,4
1812,tom5,096,20211017,4,1,4
1813,tom5,097,20211017,4,1,4
1814,tom5,097,20211017,4,1,4
1815,tom5,001,20211023,5,1,5
1816,tom5,005,20211023,5,1,5
1817,tom5,006,20211023,5,1,5
1818,tom5,011,20211021,4,1,4
1819,tom5,015,20211023,5,1,5
1820,tom5,053,20211023,5,1,5
1821,tom5,055,20211023,5,1,5
1822,tom5,002,20211030,6,1,6
1823,tom5,005,20211028,5,1,5
1824,tom5,057,20211030,6,1,6
1825,tom5,063,20211030,5,1,5
1826,tom5,082,20211030,5,1,5
1827,tom5,091,20211030,5,1,5
1828,tom5,033,20211106,6,1,6
1829,tom5,050,20211106,6,1,6
1830,tom5,099,20211107,6,1,6
1831,tom5,002,20211114,7,1,7
1832,tom5,003,20211114,7,1,7
1833,tom5,017,20211111,6,1,6
1834,tom5,022,20211114,6,1,6
1835,tom5,053,20211114,7,1,7
1836,tom5,059,20211114,7,1,7
1837,tom5,063,20211114,6,1,6
1838,tom5,065,20211114,6,1,6
1839,tom5,067,20211114,6,1,6
1840,tom5,075,20211114,6,1,6
1841,tom5,090,20211114,7,1,7
1842,tom5,006,20211118,7,1,7
1843,tom5,006,20211118,7,1,7
1844,tom5,008,20211118,6,1,6
1845,tom5,010,20211118,6,1,6
1846,tom5,014,20211118,7,1,7
1847,tom5,026,20211118,6,1,6
1848,tom5,029,20211118,6,1,6
1849,tom5,033,20211118,7,1,7
1850,tom5,044,20211118,7,1,7
1851,tom5,050,20211119,7,1,7
1852,tom5,066,20211119,7,1,7
1853,tom5,089,20211119,7,1,7
1854,tom5,014,20211127,8,1,8
1855,tom5,026,20211127,7,1,7
1856,tom5,035,20211127,8,1,8
1857,tom5,058,20211127,8,1,8
1858,tom5,058,20211127,8,1,8
1859,tom5,059,20211127,8,1,8
1860,tom5,064,20211127,7,1,7
1861,tom5,069,20211127,8,1,8
1862,tom5,069,20211128,8,1,8
1863,tom5,073,20211128,7,1,7
1864,tom5,075,20211128,7,1,7
1865,tom5,083,20211128,8,1,8
1866,tom5,090,20211128,8,1,8
1867,tom5,093,20211128,8,1,8
1868,tom5,094,20211128,8,1,8
1869,tom5,008,20211203,7,1,7
1870,tom5,009,20211204,6,1,6
1871,tom5,016,20211204,7,1,7
1872,tom5,016,20211204,7,1,7
1873,tom5,033,20211204,7,1,7
1874,tom5,038,20211204,9,1,9
1875,tom5,072,20211205,7,1,7
1876,tom5,072,20211205,7,1,7
1877,tom5,082,20211205,8,1,8
1878,tom5,091,20211205,8,1,8
1879,tom5,010,20211212,8,1,8
1880,tom5,010,20211212,8,1,8
1881,tom5,037,20211212,9,1,9
1882,tom5,042,20211212,8,1,8
1883,tom5,042,20211212,8,1,8
1884,tom5,043,20211212,7,1,7
1885,tom5,064,20211210,8,1,8
1886,tom5,065,20211210,8,1,8
1887,tom5,066,20211210,9,1,9
1888,tom5,069,20211210,9,1,9
1889,tom5,074,20211212,9,1,9
1890,tom5,074,20211212,9,1,9
1891,tom5,080,20211210,8,1,8
1892,tom5,083,20211211,9,1,9
1893,tom6,074,20220106,10,1,10
1894,tom6,076,20220106,9,1,9
1895,tom6,002,20211006,2,1,2
1896,tom6,002,20211006,2,1,2
1897,tom6,005,20211006,2,1,2
1898,tom6,007,20211006,2,1,2
1899,tom6,007,20211006,2,1,2
1900,tom6,008,20211006,1,1,1
1901,tom6,012,20211007,2,1,2
1902,tom6,012,20211007,2,1,2
1903,tom6,014,20211007,1,1,1
1904,tom6,014,20211007,2,1,2
1905,tom6,014,20211007,2,1,2
1906,tom6,017,20211007,2,1,2
1907,tom6,018,20211007,2,1,2
1908,tom6,020,20211008,2,1,2
1909,tom6,028,20211008,2,1,2
1910,tom6,034,20211006,2,1,2
1911,tom6,034,20211006,2,1,2
1912,tom6,035,20211006,2,1,2
1913,tom6,035,20211006,2,1,2
1914,tom6,049,20211006,2,1,2
1915,tom6,053,20211007,2,1,2
1916,tom6,055,20211007,2,1,2
1917,tom6,065,20211008,2,1,2
1918,tom6,083,20211006,2,1,2
1919,tom6,086,20211007,2,1,2
1920,tom6,086,20211007,2,1,2
1921,tom6,086,20211007,2,1,2
1922,tom6,100,20211008,1,1,1
1923,tom6,011,20211014,3,1,3
1924,tom6,011,20211014,3,1,3
1925,tom6,011,20211014,3,1,3
1926,tom6,012,20211014,3,1,3
1927,tom6,017,20211014,3,1,3
1928,tom6,021,20211014,3,1,3
1929,tom6,026,20211014,3,1,3
1930,tom6,026,20211014,3,1,3
1931,tom6,029,20211015,3,1,3
1932,tom6,046,20211012,3,1,3
1933,tom6,046,20211012,3,1,3
1934,tom6,049,20211012,3,1,3
1935,tom6,049,20211012,3,1,3
1936,tom6,049,20211012,3,1,3
1937,tom6,061,20211014,2,1,2
1938,tom6,100,20211015,2,1,2
1939,tom6,002,20211018,3,1,3
1940,tom6,002,20211018,3,1,3
1941,tom6,003,20211018,3,1,3
1942,tom6,007,20211018,3,1,3
1943,tom6,008,20211018,3,1,3
1944,tom6,008,20211018,3,1,3
1945,tom6,012,20211019,3,1,3
1946,tom6,014,20211019,3,1,3
1947,tom6,015,20211019,3,1,3
1948,tom6,015,20211019,3,1,3
1949,tom6,015,20211019,3,1,3
1950,tom6,015,20211019,4,1,4
1951,tom6,016,20211019,3,1,3
1952,tom6,016,20211019,3,1,3
1953,tom6,019,20211019,3,1,3
1954,tom6,020,20211019,3,1,3
1955,tom6,020,20211019,3,1,3
1956,tom6,025,20211021,3,1,3
1957,tom6,025,20211021,3,1,3
1958,tom6,026,20211021,3,1,3
1959,tom6,027,20211021,3,1,3
1960,tom6,027,20211021,3,1,3
1961,tom6,029,20211021,3,1,3
1962,tom6,033,20211021,3,1,3
1963,tom6,033,20211021,3,1,3
1964,tom6,033,20211021,3,1,3
1965,tom6,033,20211021,3,1,3
1966,tom6,075,20211018,3,1,3
1967,tom6,077,20211018,3,1,3
1968,tom6,084,20211019,3,1,3
1969,tom6,098,20211022,2,1,2
1970,tom6,100,20211022,2,1,2
1971,tom6,005,20211025,4,1,4
1972,tom6,005,20211025,4,1,4
1973,tom6,005,20211025,4,1,4
1974,tom6,006,20211025,4,1,4
1975,tom6,006,20211025,4,1,4
1976,tom6,008,20211025,3,1,3
1977,tom6,009,20211025,3,1,3
1978,tom6,013,20211025,1,1,1
1979,tom6,013,20211025,1,1,1
1980,tom6,016,20211026,3,1,3
1981,tom6,018,20211026,4,1,4
1982,tom6,018,20211026,4,1,4
1983,tom6,018,20211026,5,1,5
1984,tom6,019,20211026,4,1,4
1985,tom6,019,20211026,4,1,4
1986,tom6,025,20211027,3,0,3
1987,tom6,025,20211027,4,1,4
1988,tom6,025,20211027,4,1,4
1989,tom6,026,20211027,3,1,3
1990,tom6,026,20211027,5,1,5
1991,tom6,028,20211027,3,1,3
1992,tom6,028,20211027,3,1,3
1993,tom6,031,20211029,5,1,5
1994,tom6,031,20211029,5,1,5
1995,tom6,040,20211025,4,1,4
1996,tom6,045,20211025,4,1,4
1997,tom6,045,20211025,4,1,4
1998,tom6,071,20211025,4,1,4
1999,tom6,071,20211025,4,1,4
2000,tom6,073,20211025,3,1,3
2001,tom6,073,20211025,4,1,4
2002,tom6,075,20211025,4,1,4
2003,tom6,076,20211025,3,1,3
2004,tom6,076,20211025,3,1,3
2005,tom6,076,20211025,4,1,4
2006,tom6,077,20211025,4,1,4
2007,tom6,078,20211025,3,1,3
2008,tom6,078,20211025,4,1,4
2009,tom6,082,20211025,3,1,3
2010,tom6,082,20211025,4,1,4
2011,tom6,082,20211025,4,1,4
2012,tom6,083,20211025,3,1,3
2013,tom6,085,20211025,3,1,3
2014,tom6,085,20211025,3,1,3
2015,tom6,085,20211025,3,1,3
2016,tom6,086,20211026,3,1,3
2017,tom6,087,20211026,5,1,5
2018,tom6,089,20211026,4,1,4
2019,tom6,003,20211101,5,1,5
2020,tom6,003,20211101,5,1,5
2021,tom6,003,20211101,5,1,5
2022,tom6,004,20211101,5,1,5
2023,tom6,004,20211101,5,1,5
2024,tom6,009,20211102,5,1,5
2025,tom6,010,20211102,1,1,1
2026,tom6,010,20211102,1,1,1
2027,tom6,012,20211102,5,1,5
2028,tom6,016,20211102,5,1,5
2029,tom6,016,20211102,5,1,5
2030,tom6,018,20211102,3,1,3
2031,tom6,022,20211102,1,1,1
2032,tom6,024,20211103,5,1,5
2033,tom6,024,20211103,5,1,5
2034,tom6,031,20211104,5,1,5
2035,tom6,033,20211104,5,1,5
2036,tom6,033,20211104,5,1,5
2037,tom6,033,20211104,5,1,5
2038,tom6,033,20211104,5,1,5
2039,tom6,034,20211104,5,1,5
2040,tom6,036,20211101,5,1,5
2041,tom6,040,20211101,5,1,5
2042,tom6,046,20211101,5,1,5
2043,tom6,047,20211101,5,1,5
2044,tom6,048,20211101,5,1,5
2045,tom6,050,20211101,5,1,5
2046,tom6,053,20211102,5,1,5
2047,tom6,055,20211102,5,1,5
2048,tom6,057,20211103,5,1,5
2049,tom6,058,20211103,5,1,5
2050,tom6,064,20211104,5,1,5
2051,tom6,071,20211101,6,1,6
2052,tom6,075,20211101,5,1,5
2053,tom6,077,20211101,6,1,6
2054,tom6,077,20211101,6,1,6
2055,tom6,077,20211101,6,1,6
2056,tom6,079,20211101,5,1,5
2057,tom6,080,20211101,5,1,5
2058,tom6,080,20211101,5,1,5
2059,tom6,084,20211102,5,1,5
2060,tom6,089,20211102,5,1,5
2061,tom6,089,20211102,5,1,5
2062,tom6,091,20211103,5,1,5
2063,tom6,094,20211103,5,1,5
2064,tom6,096,20211104,5,1,5
2065,tom6,098,20211104,5,1,5
2066,tom6,002,20211108,6,1,6
2067,tom6,002,20211108,6,1,6
2068,tom6,002,20211108,6,1,6
2069,tom6,003,20211108,6,1,6
2070,tom6,003,20211108,6,1,6
2071,tom6,005,20211108,5,1,5
2072,tom6,007,20211109,5,1,5
2073,tom6,008,20211109,5,1,5
2074,tom6,009,20211109,6,1,6
2075,tom6,009,20211109,6,1,6
2076,tom6,009,20211109,6,1,6
2077,tom6,009,20211109,6,1,6
2078,tom6,010,20211109,2,1,2
2079,tom6,010,20211109,2,1,2
2080,tom6,011,20211109,6,1,6
2081,tom6,012,20211109,5,1,5
2082,tom6,013,20211109,2,1,2
2083,tom6,013,20211109,2,1,2
2084,tom6,014,20211110,6,1,6
2085,tom6,017,20211110,6,1,6
2086,tom6,021,20211110,6,1,6
2087,tom6,021,20211110,6,1,6
2088,tom6,021,20211110,6,1,6
2089,tom6,022,20211110,2,1,2
2090,tom6,023,20211110,6,1,6
2091,tom6,023,20211110,6,1,6
2092,tom6,024,20211110,6,1,6
2093,tom6,028,20211111,5,1,5
2094,tom6,028,20211111,5,1,5
2095,tom6,028,20211111,5,1,5
2096,tom6,028,20211111,5,1,5
2097,tom6,032,20211111,6,1,6
2098,tom6,033,20211112,5,1,5
2099,tom6,036,20211108,6,1,6
2100,tom6,048,20211108,6,1,6
