,farm_id,number,date,floweringNode,numberOfTheFlower,numberOfTheFlowerPerTruss,numberOfTheFlowerFullyDeveloped
0,tom1,001,20210930,9,1,9,1.0
1,tom1,002,20210930,8,1,8,1.0
2,tom1,003,20210930,8,1,8,1.0
3,tom1,006,20210930,9,1,9,1.0
4,tom1,008,20210930,9,1,9,1.0
5,tom1,008,20210930,9,1,9,1.0
6,tom1,010,20210930,9,1,9,1.0
7,tom1,011,20210930,5,1,5,1.0
8,tom1,012,20210930,9,1,9,1.0
9,tom1,013,20210930,8,1,8,1.0
10,tom1,041,20211001,9,1,9,1.0
11,tom1,044,20211001,9,1,9,1.0
12,tom1,047,20211001,9,1,9,1.0
13,tom1,049,20211001,9,1,9,1.0
14,tom1,050,20211001,9,1,9,1.0
15,tom1,056,20211001,8,1,8,1.0
16,tom1,059,20211001,9,1,9,1.0
17,tom1,061,20211002,9,1,9,1.0
18,tom1,062,20211002,9,1,9,1.0
19,tom1,066,20211002,9,1,9,1.0
20,tom1,066,20211002,9,1,9,1.0
21,tom1,070,20211002,9,1,9,1.0
22,tom1,072,20211002,9,1,9,1.0
23,tom1,072,20211002,9,1,9,1.0
24,tom1,075,20211002,9,1,9,1.0
25,tom1,078,20211002,8,1,8,1.0
26,tom1,082,20211002,9,1,9,1.0
27,tom1,084,20211002,9,1,9,1.0
28,tom1,085,20211002,8,1,8,1.0
29,tom1,089,20211002,9,1,9,1.0
30,tom1,093,20211002,8,1,8,1.0
31,tom1,095,20211002,9,1,9,1.0
32,tom1,098,20211002,9,1,9,1.0
33,tom1,004,20211006,9,1,9,1.0
34,tom1,006,20211006,9,1,9,1.0
35,tom1,008,20211006,10,1,10,1.0
36,tom1,009,20211006,9,1,9,1.0
37,tom1,012,20211006,10,1,10,1.0
38,tom1,016,20211006,9,1,9,1.0
39,tom1,023,20211007,9,1,9,1.0
40,tom1,024,20211007,9,1,9,1.0
41,tom1,024,20211007,9,1,9,1.0
42,tom1,029,20211007,9,1,9,1.0
43,tom1,030,20211007,10,1,10,1.0
44,tom1,031,20211007,9,1,9,1.0
45,tom1,034,20211007,9,1,9,1.0
46,tom1,036,20211007,9,1,9,1.0
47,tom1,037,20211007,8,1,8,1.0
48,tom1,037,20211007,9,1,9,1.0
49,tom1,040,20211007,8,1,8,1.0
50,tom1,043,20211007,9,1,9,1.0
51,tom1,044,20211007,10,1,10,1.0
52,tom1,048,20211007,9,1,9,1.0
53,tom1,048,20211007,9,1,9,1.0
54,tom1,049,20211007,10,1,10,1.0
55,tom1,062,20211008,10,1,10,1.0
56,tom1,064,20211008,10,1,10,1.0
57,tom1,065,20211008,10,1,10,1.0
58,tom1,069,20211008,9,1,9,1.0
59,tom1,074,20211009,10,1,10,1.0
60,tom1,078,20211009,9,1,9,1.0
61,tom1,083,20211009,10,1,10,1.0
62,tom1,087,20211009,9,1,9,1.0
63,tom1,092,20211009,10,1,10,1.0
64,tom1,093,20211009,9,1,9,1.0
65,tom1,095,20211009,10,1,10,1.0
66,tom1,098,20211009,10,1,10,1.0
67,tom1,098,20211009,10,1,10,1.0
68,tom1,099,20211009,10,1,10,1.0
69,tom1,017,20211011,10,1,10,1.0
70,tom1,018,20211011,10,1,10,1.0
71,tom1,021,20211012,10,1,10,1.0
72,tom1,029,20211012,10,1,10,1.0
73,tom1,045,20211013,10,1,10,1.0
74,tom1,055,20211013,10,1,10,1.0
75,tom1,063,20211014,9,1,9,1.0
76,tom1,084,20211015,10,1,10,1.0
77,tom1,002,20211018,10,1,10,1.0
78,tom1,005,20211018,11,1,11,1.0
79,tom1,006,20211018,10,1,10,1.0
80,tom1,007,20211018,10,1,10,1.0
81,tom1,008,20211018,11,1,11,1.0
82,tom1,011,20211018,10,1,10,1.0
83,tom1,018,20211018,11,1,11,1.0
84,tom1,019,20211018,11,1,11,1.0
85,tom1,052,20211021,10,1,10,1.0
86,tom1,058,20211021,10,1,10,1.0
87,tom1,064,20211021,10,1,10,1.0
88,tom1,066,20211021,10,1,10,1.0
89,tom1,070,20211021,11,1,11,1.0
90,tom1,071,20211021,10,1,10,1.0
91,tom1,075,20211021,10,1,10,1.0
92,tom1,076,20211022,10,1,10,1.0
93,tom1,076,20211022,10,1,10,1.0
94,tom1,077,20211022,11,1,11,1.0
95,tom1,079,20211022,10,1,10,1.0
96,tom1,079,20211022,10,1,10,1.0
97,tom1,081,20211022,11,1,11,1.0
98,tom1,083,20211022,11,1,11,1.0
99,tom1,087,20211022,10,1,10,1.0
100,tom1,088,20211022,10,1,10,1.0
101,tom1,097,20211024,11,1,11,1.0
102,tom1,100,20211024,10,1,10,1.0
103,tom1,008,20211025,12,1,12,1.0
104,tom1,009,20211025,11,1,11,1.0
105,tom1,011,20211025,10,1,10,1.0
106,tom1,012,20211025,12,1,12,1.0
107,tom1,013,20211025,10,1,10,1.0
108,tom1,020,20211025,11,1,11,1.0
109,tom1,027,20211026,12,1,12,1.0
110,tom1,031,20211026,11,1,11,1.0
111,tom1,038,20211026,11,1,11,1.0
112,tom1,016,20211102,11,1,11,1.0
113,tom1,022,20211102,10,1,10,1.0
114,tom1,022,20211102,11,1,11,1.0
115,tom1,024,20211102,12,1,12,1.0
116,tom1,025,20211102,11,1,11,1.0
117,tom1,027,20211102,12,1,12,1.0
118,tom1,028,20211102,11,1,11,1.0
119,tom1,041,20211105,12,1,12,1.0
120,tom1,042,20211105,11,1,11,1.0
121,tom1,043,20211105,12,1,12,1.0
122,tom1,045,20211105,11,1,11,1.0
123,tom1,047,20211105,12,1,12,1.0
124,tom1,049,20211105,12,1,12,1.0
125,tom1,055,20211106,11,1,11,1.0
126,tom1,057,20211106,12,1,12,1.0
127,tom1,065,20211106,12,1,12,1.0
128,tom1,081,20211107,13,1,13,1.0
129,tom1,083,20211107,11,1,11,1.0
130,tom1,095,20211107,12,1,12,1.0
131,tom1,096,20211107,12,1,12,1.0
132,tom1,096,20211107,12,1,12,1.0
133,tom1,021,20211109,13,1,13,1.0
134,tom1,022,20211109,11,1,11,1.0
135,tom1,024,20211109,13,1,13,1.0
136,tom1,027,20211109,12,1,12,1.0
137,tom1,032,20211111,13,1,13,1.0
138,tom1,032,20211111,14,1,14,1.0
139,tom1,034,20211111,12,1,12,1.0
140,tom1,038,20211111,13,1,13,1.0
141,tom1,039,20211111,12,1,12,1.0
142,tom1,041,20211111,12,1,12,1.0
143,tom1,041,20211111,13,1,13,1.0
144,tom1,045,20211111,11,1,11,1.0
145,tom1,047,20211111,13,1,13,1.0
146,tom1,047,20211111,13,1,13,1.0
147,tom1,048,20211111,12,1,12,1.0
148,tom1,048,20211111,12,1,12,1.0
149,tom1,049,20211111,12,1,12,1.0
150,tom1,050,20211111,12,1,12,1.0
151,tom1,050,20211111,13,1,13,1.0
152,tom1,068,20211113,12,1,12,1.0
153,tom1,072,20211113,13,1,13,1.0
154,tom1,075,20211113,12,1,12,1.0
155,tom1,023,20211116,13,1,13,1.0
156,tom1,032,20211116,14,1,14,1.0
157,tom1,040,20211116,12,1,12,1.0
158,tom1,053,20211118,14,1,14,1.0
159,tom1,064,20211119,13,1,13,1.0
160,tom1,080,20211119,12,1,12,1.0
161,tom1,007,20211122,14,1,14,1.0
162,tom1,013,20211123,14,1,14,1.0
163,tom1,018,20211123,14,1,14,1.0
164,tom1,041,20211124,14,1,14,1.0
165,tom1,047,20211124,14,1,14,1.0
166,tom1,049,20211124,14,1,14,1.0
167,tom1,057,20211125,13,1,13,1.0
168,tom1,073,20211126,14,1,14,1.0
169,tom1,018,20211130,14,1,14,1.0
170,tom1,034,20211202,14,1,14,1.0
171,tom1,037,20211202,15,1,15,1.0
172,tom1,069,20211204,14,1,14,1.0
173,tom1,031,20211216,16,1,16,1.0
174,tom1,080,20211218,15,1,15,1.0
175,tom3,005,20211011,9,1,9,1.0
176,tom3,007,20211011,10,1,10,1.0
177,tom3,008,20211011,9,1,9,1.0
178,tom3,011,20211011,10,1,10,1.0
179,tom3,012,20211011,10,1,10,1.0
180,tom3,015,20211011,11,1,11,1.0
181,tom3,018,20211011,9,1,9,1.0
182,tom3,020,20211011,9,1,9,1.0
183,tom3,022,20211012,10,1,10,1.0
184,tom3,024,20211012,9,1,9,1.0
185,tom3,025,20211012,10,1,10,1.0
186,tom3,026,20211012,10,1,10,1.0
187,tom3,028,20211012,10,1,10,1.0
188,tom3,028,20211012,10,1,10,1.0
189,tom3,030,20211012,9,1,9,1.0
190,tom3,031,20211012,10,1,10,1.0
191,tom3,035,20211012,10,1,10,1.0
192,tom3,036,20211012,10,1,10,1.0
193,tom3,039,20211012,10,1,10,1.0
194,tom3,040,20211012,10,1,10,1.0
195,tom3,044,20211013,10,1,10,1.0
196,tom3,051,20211013,10,1,10,1.0
197,tom3,061,20211014,11,1,11,1.0
198,tom3,062,20211014,10,1,10,1.0
199,tom3,063,20211014,9,1,9,1.0
200,tom3,078,20211015,10,1,10,1.0
201,tom3,078,20211015,10,1,10,1.0
202,tom3,080,20211015,10,1,10,1.0
203,tom3,083,20211015,10,1,10,1.0
204,tom3,085,20211015,10,1,10,1.0
205,tom3,087,20211015,9,1,9,1.0
206,tom3,088,20211015,11,1,11,1.0
207,tom3,091,20211015,10,1,10,1.0
208,tom3,092,20211015,10,1,10,1.0
209,tom3,094,20211015,9,1,9,1.0
210,tom3,096,20211015,10,1,10,1.0
211,tom3,001,20211018,11,1,11,1.0
212,tom3,002,20211018,10,1,10,1.0
213,tom3,003,20211018,10,1,10,1.0
214,tom3,004,20211018,11,1,11,1.0
215,tom3,010,20211018,11,1,11,1.0
216,tom3,017,20211018,10,1,10,1.0
217,tom3,026,20211019,10,1,10,1.0
218,tom3,034,20211020,11,1,11,1.0
219,tom3,040,20211020,10,1,10,1.0
220,tom3,041,20211020,10,1,10,1.0
221,tom3,042,20211020,11,1,11,1.0
222,tom3,044,20211020,11,1,11,1.0
223,tom3,046,20211020,11,1,11,1.0
224,tom3,049,20211020,10,1,10,1.0
225,tom3,051,20211020,11,1,11,1.0
226,tom3,051,20211020,11,1,11,1.0
227,tom3,052,20211020,10,1,10,1.0
228,tom3,052,20211020,10,1,10,1.0
229,tom3,053,20211020,10,1,10,1.0
230,tom3,055,20211021,11,1,11,1.0
231,tom3,058,20211021,11,1,11,1.0
232,tom3,059,20211021,11,1,11,1.0
233,tom3,060,20211021,10,1,10,1.0
234,tom3,064,20211021,10,1,10,1.0
235,tom3,065,20211021,11,1,11,1.0
236,tom3,065,20211021,11,1,11,1.0
237,tom3,068,20211021,11,1,11,1.0
238,tom3,069,20211021,10,1,10,1.0
239,tom3,070,20211021,10,1,10,1.0
240,tom3,074,20211021,10,1,10,1.0
241,tom3,077,20211021,11,1,11,1.0
242,tom3,080,20211022,11,1,11,1.0
243,tom3,081,20211022,11,1,11,1.0
244,tom3,081,20211022,11,1,11,1.0
245,tom3,083,20211022,11,1,11,1.0
246,tom3,085,20211022,10,1,10,1.0
247,tom3,086,20211022,11,1,11,1.0
248,tom3,088,20211022,12,1,12,1.0
249,tom3,090,20211022,11,1,11,1.0
250,tom3,093,20211022,11,1,11,1.0
251,tom3,095,20211022,11,1,11,1.0
252,tom3,002,20211025,12,1,12,1.0
253,tom3,002,20211025,12,1,12,1.0
254,tom3,005,20211025,11,1,11,1.0
255,tom3,006,20211025,12,1,12,1.0
256,tom3,006,20211025,12,1,12,1.0
257,tom3,011,20211025,11,1,11,1.0
258,tom3,012,20211025,11,1,11,1.0
259,tom3,047,20211027,11,1,11,1.0
260,tom3,067,20211028,12,1,12,1.0
261,tom3,070,20211028,11,1,11,1.0
262,tom3,076,20211028,12,1,12,1.0
263,tom3,082,20211029,12,1,12,1.0
264,tom3,087,20211029,10,1,10,1.0
265,tom3,089,20211029,12,1,12,1.0
266,tom3,093,20211029,12,1,12,1.0
267,tom3,095,20211029,11,1,11,1.0
268,tom3,096,20211029,11,1,11,1.0
269,tom3,097,20211029,12,1,12,1.0
270,tom3,099,20211029,10,1,10,1.0
271,tom3,001,20211101,12,1,12,1.0
272,tom3,002,20211101,11,1,11,1.0
273,tom3,004,20211101,12,1,12,1.0
274,tom3,004,20211101,12,1,12,1.0
275,tom3,005,20211101,12,1,12,1.0
276,tom3,009,20211101,12,1,12,1.0
277,tom3,009,20211101,12,1,12,1.0
278,tom3,011,20211101,12,1,12,1.0
279,tom3,012,20211101,12,1,12,1.0
280,tom3,013,20211101,13,1,13,1.0
281,tom3,013,20211101,13,1,13,1.0
282,tom3,015,20211102,13,1,13,1.0
283,tom3,015,20211102,13,1,13,1.0
284,tom3,015,20211102,13,1,13,1.0
285,tom3,018,20211102,11,1,11,1.0
286,tom3,026,20211102,12,1,12,1.0
287,tom3,029,20211102,12,1,12,1.0
288,tom3,029,20211102,12,1,12,1.0
289,tom3,049,20211104,13,1,13,1.0
290,tom3,065,20211105,12,1,12,1.0
291,tom3,075,20211105,12,1,12,1.0
292,tom3,087,20211106,11,1,11,1.0
293,tom3,091,20211106,12,1,12,1.0
294,tom3,091,20211106,12,1,12,1.0
295,tom3,100,20211106,12,1,12,1.0
296,tom3,012,20211110,13,1,13,1.0
297,tom3,014,20211110,12,1,12,1.0
298,tom3,015,20211110,13,1,13,1.0
299,tom3,021,20211111,11,1,11,1.0
300,tom3,025,20211111,12,1,12,1.0
301,tom3,031,20211111,14,1,14,1.0
302,tom3,035,20211111,13,1,13,1.0
303,tom3,038,20211111,12,1,12,1.0
304,tom3,040,20211111,13,1,13,1.0
305,tom3,046,20211112,13,1,13,1.0
306,tom3,046,20211112,13,1,13,1.0
307,tom3,053,20211112,12,1,12,1.0
308,tom3,054,20211113,13,1,13,1.0
309,tom3,063,20211113,13,1,13,1.0
310,tom3,064,20211113,12,1,12,1.0
311,tom3,064,20211113,12,1,12,1.0
312,tom3,065,20211113,13,1,13,1.0
313,tom3,065,20211113,13,1,13,1.0
314,tom3,067,20211113,12,1,12,1.0
315,tom3,073,20211113,13,1,13,1.0
316,tom3,073,20211113,13,1,13,1.0
317,tom3,079,20211113,12,1,12,1.0
318,tom3,083,20211113,12,1,12,1.0
319,tom3,083,20211113,12,1,12,1.0
320,tom3,094,20211113,13,1,13,1.0
321,tom3,094,20211113,13,1,13,1.0
322,tom3,097,20211113,12,1,12,1.0
323,tom3,097,20211113,12,1,12,1.0
324,tom3,014,20211115,13,1,13,1.0
325,tom3,023,20211116,12,1,12,1.0
326,tom3,030,20211116,14,1,14,1.0
327,tom3,033,20211116,13,1,13,1.0
328,tom3,034,20211116,13,1,13,1.0
329,tom3,034,20211116,13,1,13,1.0
330,tom3,039,20211116,13,1,13,1.0
331,tom3,048,20211117,13,1,13,1.0
332,tom3,070,20211118,13,1,13,1.0
333,tom3,077,20211119,13,1,13,1.0
334,tom3,079,20211119,13,1,13,1.0
335,tom3,001,20211122,15,1,15,1.0
336,tom3,006,20211122,14,1,14,1.0
337,tom3,012,20211122,14,1,14,1.0
338,tom3,020,20211122,14,1,14,1.0
339,tom3,021,20211123,15,1,15,1.0
340,tom3,021,20211123,15,1,15,1.0
341,tom3,022,20211123,13,1,13,1.0
342,tom3,031,20211123,14,1,14,1.0
343,tom3,032,20211123,15,1,15,1.0
344,tom3,042,20211125,14,1,14,1.0
345,tom3,042,20211125,14,1,14,1.0
346,tom3,055,20211125,14,1,14,1.0
347,tom3,071,20211127,14,1,14,1.0
348,tom3,073,20211127,14,1,14,1.0
349,tom3,079,20211127,14,1,14,1.0
350,tom3,098,20211127,14,1,14,1.0
351,tom3,007,20211130,15,1,15,1.0
352,tom3,017,20211130,14,1,14,1.0
353,tom3,042,20211202,14,1,14,1.0
354,tom3,048,20211202,14,1,14,1.0
355,tom3,049,20211202,15,1,15,1.0
356,tom3,054,20211202,14,1,14,1.0
357,tom3,060,20211202,15,1,15,1.0
358,tom3,062,20211202,15,1,15,1.0
359,tom3,077,20211203,14,1,14,1.0
360,tom3,086,20211203,14,1,14,1.0
361,tom3,004,20211206,15,1,15,1.0
362,tom3,005,20211206,16,1,16,1.0
363,tom3,008,20211206,15,1,15,1.0
364,tom3,028,20211207,15,1,15,1.0
365,tom3,044,20211208,15,1,15,1.0
366,tom3,070,20211209,15,1,15,1.0
367,tom3,081,20211212,14,1,14,1.0
368,tom3,001,20211213,17,1,17,1.0
369,tom3,076,20211217,15,1,15,1.0
370,tom3,077,20211217,15,1,15,1.0
371,tom3,085,20211217,16,1,16,1.0
372,tom3,095,20211218,16,1,16,1.0
373,tom3,003,20211220,15,1,15,1.0
374,tom3,019,20211220,16,1,16,1.0
375,tom4,001,20211001,5,1,5,1.0
376,tom4,009,20211001,5,1,5,1.0
377,tom4,010,20211001,5,1,5,1.0
378,tom4,018,20211001,5,1,5,1.0
379,tom4,019,20211001,4,1,4,1.0
380,tom4,020,20211001,5,1,5,1.0
381,tom4,022,20211001,5,1,5,1.0
382,tom4,022,20211001,5,1,5,1.0
383,tom4,043,20211002,5,1,5,1.0
384,tom4,044,20211002,5,1,5,1.0
385,tom4,049,20211002,5,1,5,1.0
386,tom4,049,20211002,5,1,5,1.0
387,tom4,050,20211002,5,1,5,1.0
388,tom4,052,20211002,5,1,5,1.0
389,tom4,054,20211002,5,1,5,1.0
390,tom4,059,20211002,5,1,5,1.0
391,tom4,060,20211002,5,1,5,1.0
392,tom4,062,20211002,5,1,5,1.0
393,tom4,062,20211002,5,1,5,1.0
394,tom4,062,20211002,5,1,5,1.0
395,tom4,064,20211002,5,1,5,1.0
396,tom4,064,20211002,5,1,5,1.0
397,tom4,064,20211002,5,1,5,1.0
398,tom4,064,20211002,5,1,5,1.0
399,tom4,065,20211002,5,1,5,1.0
400,tom4,065,20211002,5,1,5,1.0
401,tom4,071,20211003,5,1,5,1.0
402,tom4,071,20211003,5,1,5,1.0
403,tom4,074,20211003,5,1,5,1.0
404,tom4,074,20211003,5,1,5,1.0
405,tom4,076,20211003,5,1,5,1.0
406,tom4,076,20211003,5,1,5,1.0
407,tom4,077,20211003,5,1,5,1.0
408,tom4,078,20211003,5,1,5,1.0
409,tom4,079,20211003,5,1,5,1.0
410,tom4,079,20211003,5,1,5,1.0
411,tom4,080,20211003,5,1,5,1.0
412,tom4,080,20211003,5,1,5,1.0
413,tom4,081,20211003,5,1,5,1.0
414,tom4,083,20211003,5,1,5,1.0
415,tom4,084,20211003,5,1,5,1.0
416,tom4,088,20211003,5,1,5,1.0
417,tom4,088,20211003,5,1,5,1.0
418,tom4,088,20211003,5,1,5,1.0
419,tom4,093,20211003,5,1,5,1.0
420,tom4,095,20211003,5,1,5,1.0
421,tom4,002,20211008,6,1,6,1.0
422,tom4,004,20211008,5,1,5,1.0
423,tom4,008,20211008,6,1,6,1.0
424,tom4,008,20211008,6,1,6,1.0
425,tom4,010,20211008,6,1,6,1.0
426,tom4,010,20211008,6,1,6,1.0
427,tom4,012,20211008,6,1,6,1.0
428,tom4,016,20211008,5,1,5,1.0
429,tom4,017,20211008,6,1,6,1.0
430,tom4,017,20211008,6,1,6,1.0
431,tom4,020,20211008,6,1,6,1.0
432,tom4,028,20211009,6,1,6,1.0
433,tom4,028,20211009,6,1,6,1.0
434,tom4,034,20211009,6,1,6,1.0
435,tom4,034,20211009,6,1,6,1.0
436,tom4,039,20211009,6,1,6,1.0
437,tom4,042,20211009,6,1,6,1.0
438,tom4,042,20211009,6,1,6,1.0
439,tom4,044,20211009,6,1,6,1.0
440,tom4,044,20211009,6,1,6,1.0
441,tom4,046,20211009,6,1,6,1.0
442,tom4,046,20211009,6,1,6,1.0
443,tom4,047,20211009,6,1,6,1.0
444,tom4,047,20211009,6,1,6,1.0
445,tom4,050,20211009,6,1,6,1.0
446,tom4,051,20211009,6,1,6,1.0
447,tom4,052,20211009,6,1,6,1.0
448,tom4,052,20211009,6,1,6,1.0
449,tom4,054,20211009,6,1,6,1.0
450,tom4,054,20211009,6,1,6,1.0
451,tom4,064,20211010,6,1,6,1.0
452,tom4,066,20211010,6,1,6,1.0
453,tom4,067,20211010,6,0,6,
454,tom4,073,20211010,6,1,6,1.0
455,tom4,076,20211010,6,1,6,1.0
456,tom4,076,20211010,6,1,6,1.0
457,tom4,078,20211010,6,1,6,1.0
458,tom4,078,20211010,6,1,6,1.0
459,tom4,080,20211010,6,1,6,1.0
460,tom4,081,20211010,6,1,6,1.0
461,tom4,081,20211010,6,1,6,1.0
462,tom4,082,20211010,6,1,6,1.0
463,tom4,082,20211010,6,1,6,1.0
464,tom4,083,20211010,6,1,6,1.0
465,tom4,084,20211010,6,1,6,1.0
466,tom4,085,20211010,6,0,6,
467,tom4,085,20211010,6,1,6,1.0
468,tom4,088,20211010,6,1,6,1.0
469,tom4,093,20211010,6,1,6,1.0
470,tom4,093,20211010,6,1,6,1.0
471,tom4,095,20211010,6,1,6,1.0
472,tom4,096,20211010,6,1,6,1.0
473,tom4,098,20211010,5,1,5,1.0
474,tom4,067,20211017,7,1,7,1.0
475,tom4,029,20211112,9,1,9,1.0
476,tom4,001,20211127,11,1,11,1.0
477,tom4,022,20211127,11,1,11,1.0
478,tom4,044,20211128,10,1,10,1.0
479,tom4,047,20211128,11,1,11,1.0
480,tom4,051,20211128,10,1,10,1.0
481,tom4,051,20211128,10,1,10,1.0
482,tom4,060,20211128,11,1,11,1.0
483,tom4,060,20211128,11,1,11,1.0
484,tom4,066,20211128,10,1,10,1.0
485,tom4,082,20211128,10,1,10,1.0
486,tom4,088,20211128,10,1,10,1.0
487,tom4,091,20211128,10,1,10,1.0
488,tom4,011,20211204,11,1,11,1.0
489,tom4,017,20211204,10,1,10,1.0
490,tom4,026,20211204,10,1,10,1.0
491,tom4,030,20211204,11,1,11,1.0
492,tom4,038,20211204,11,1,11,1.0
493,tom4,075,20211205,11,1,11,1.0
494,tom4,075,20211205,11,1,11,1.0
495,tom4,087,20211205,11,1,11,1.0
496,tom4,098,20211205,10,1,10,1.0
497,tom4,001,20211211,12,1,12,1.0
498,tom4,001,20211211,12,1,12,1.0
499,tom4,002,20211211,12,1,12,1.0
500,tom4,003,20211211,11,1,11,1.0
501,tom4,003,20211211,11,1,11,1.0
502,tom4,004,20211211,11,1,11,1.0
503,tom4,004,20211211,11,1,11,1.0
504,tom4,005,20211211,11,1,11,1.0
505,tom4,007,20211211,11,1,11,1.0
506,tom4,007,20211211,11,1,11,1.0
507,tom4,022,20211211,12,1,12,1.0
508,tom4,022,20211211,12,1,12,1.0
509,tom4,024,20211211,12,1,12,1.0
510,tom4,027,20211211,11,1,11,1.0
511,tom4,027,20211211,11,1,11,1.0
512,tom4,029,20211211,12,1,12,1.0
513,tom4,035,20211212,11,1,11,1.0
514,tom4,039,20211212,12,1,12,1.0
515,tom4,040,20211212,12,1,12,1.0
516,tom4,053,20211212,12,1,12,1.0
517,tom4,055,20211212,11,1,11,1.0
518,tom4,061,20211212,11,1,11,1.0
519,tom4,063,20211212,12,1,12,1.0
520,tom4,063,20211212,12,1,12,1.0
521,tom4,070,20211212,12,1,12,1.0
522,tom4,071,20211212,12,1,12,1.0
523,tom4,071,20211212,12,1,12,1.0
524,tom4,072,20211212,11,1,11,1.0
525,tom4,076,20211212,11,1,11,1.0
526,tom4,078,20211212,11,1,11,1.0
527,tom4,079,20211212,11,1,11,1.0
528,tom4,002,20211218,12,1,12,1.0
529,tom4,006,20211218,11,1,11,1.0
530,tom4,006,20211218,11,1,11,1.0
531,tom4,009,20211218,11,1,11,1.0
532,tom4,010,20211218,12,1,12,1.0
533,tom4,014,20211218,12,1,12,1.0
534,tom4,017,20211218,11,1,11,1.0
535,tom4,017,20211218,11,1,11,1.0
536,tom4,018,20211218,11,1,11,1.0
537,tom4,018,20211218,11,1,11,1.0
538,tom4,020,20211218,12,1,12,1.0
539,tom4,028,20211218,12,1,12,1.0
540,tom4,030,20211218,12,1,12,1.0
541,tom4,030,20211218,12,1,12,1.0
542,tom4,033,20211218,10,1,10,1.0
543,tom4,038,20211218,12,1,12,1.0
544,tom4,043,20211219,12,1,12,1.0
545,tom4,044,20211219,12,1,12,1.0
546,tom4,050,20211219,12,1,12,1.0
547,tom4,050,20211219,12,1,12,1.0
548,tom4,053,20211219,12,1,12,1.0
549,tom4,054,20211219,12,1,12,1.0
550,tom4,057,20211219,10,1,10,1.0
551,tom4,060,20211219,13,1,13,1.0
552,tom4,067,20211219,12,1,12,1.0
553,tom4,073,20211219,13,1,13,1.0
554,tom4,073,20211219,13,1,13,1.0
555,tom4,075,20211219,12,1,12,1.0
556,tom4,077,20211219,12,1,12,1.0
557,tom4,080,20211219,11,1,11,1.0
558,tom4,081,20211219,11,1,11,1.0
559,tom4,083,20211219,12,1,12,1.0
560,tom4,084,20211219,11,1,11,1.0
561,tom4,084,20211219,11,1,11,1.0
562,tom4,001,20211225,13,1,13,1.0
563,tom4,002,20211225,13,1,13,1.0
564,tom4,003,20211225,12,1,12,1.0
565,tom4,007,20211225,12,1,12,1.0
566,tom4,009,20211225,12,1,12,1.0
567,tom4,010,20211225,13,1,13,1.0
568,tom4,013,20211225,12,1,12,1.0
569,tom4,013,20211225,12,1,12,1.0
570,tom4,016,20211225,11,1,11,1.0
571,tom4,023,20211226,12,1,12,1.0
572,tom4,025,20211226,12,1,12,1.0
573,tom4,027,20211226,12,1,12,1.0
574,tom4,029,20211226,13,1,13,1.0
575,tom4,029,20211226,13,1,13,1.0
576,tom4,035,20211226,12,1,12,1.0
577,tom4,036,20211226,13,1,13,1.0
578,tom4,040,20211226,13,1,13,1.0
579,tom4,042,20211226,12,1,12,1.0
580,tom4,045,20211226,12,1,12,1.0
581,tom4,047,20211226,13,1,13,1.0
582,tom4,049,20211226,13,1,13,1.0
583,tom4,053,20211226,13,1,13,1.0
584,tom4,053,20211226,13,1,13,1.0
585,tom4,054,20211226,13,1,13,1.0
586,tom4,056,20211226,13,1,13,1.0
587,tom4,059,20211226,12,1,12,1.0
588,tom4,061,20211226,12,1,12,1.0
589,tom4,062,20211226,13,1,13,1.0
590,tom4,063,20211226,13,1,13,1.0
591,tom4,063,20211226,13,1,13,1.0
592,tom4,065,20211226,12,1,12,1.0
593,tom4,066,20211226,12,1,12,1.0
594,tom4,068,20211226,12,1,12,1.0
595,tom4,069,20211226,13,1,13,1.0
596,tom4,070,20211226,13,1,13,1.0
597,tom4,072,20211226,12,1,12,1.0
598,tom4,074,20211226,12,1,12,1.0
599,tom4,074,20211226,12,1,12,1.0
600,tom4,097,20211226,12,1,12,1.0
601,tom4,098,20211226,12,1,12,1.0
602,tom5,001,20211002,3,1,3,1.0
603,tom5,002,20211002,3,1,3,1.0
604,tom5,007,20211002,3,1,3,1.0
605,tom5,018,20211002,3,1,3,1.0
606,tom5,019,20211002,3,1,3,1.0
607,tom5,021,20211002,2,1,2,1.0
608,tom5,027,20211002,3,1,3,1.0
609,tom5,033,20211002,3,1,3,1.0
610,tom5,036,20211002,3,1,3,1.0
611,tom5,038,20211002,3,1,3,1.0
612,tom5,038,20211002,3,1,3,1.0
613,tom5,039,20211002,3,1,3,1.0
614,tom5,040,20211002,3,1,3,1.0
615,tom5,051,20211002,3,1,3,1.0
616,tom5,051,20211002,3,1,3,1.0
617,tom5,057,20211002,3,1,3,1.0
618,tom5,059,20211002,2,1,2,1.0
619,tom5,059,20211002,2,1,2,1.0
620,tom5,061,20211002,3,1,3,1.0
621,tom5,088,20211003,3,1,3,1.0
622,tom5,090,20211003,3,1,3,1.0
623,tom5,091,20211003,2,1,2,1.0
624,tom5,091,20211003,2,1,2,1.0
625,tom5,093,20211003,3,1,3,1.0
626,tom5,095,20211003,3,1,3,1.0
627,tom5,096,20211003,3,1,3,1.0
628,tom5,096,20211003,3,1,3,1.0
629,tom5,097,20211003,3,1,3,1.0
630,tom5,099,20211003,3,1,3,1.0
631,tom5,003,20211009,4,1,4,1.0
632,tom5,005,20211009,3,1,3,1.0
633,tom5,005,20211009,4,1,4,1.0
634,tom5,008,20211009,3,1,3,1.0
635,tom5,008,20211009,3,1,3,1.0
636,tom5,009,20211009,3,1,3,1.0
637,tom5,011,20211009,3,1,3,1.0
638,tom5,011,20211009,4,1,4,1.0
639,tom5,012,20211009,4,1,4,1.0
640,tom5,013,20211009,4,1,4,1.0
641,tom5,014,20211009,4,1,4,1.0
642,tom5,016,20211009,3,1,3,1.0
643,tom5,016,20211009,3,1,3,1.0
644,tom5,018,20211009,4,1,4,1.0
645,tom5,018,20211009,4,1,4,1.0
646,tom5,019,20211009,4,1,4,1.0
647,tom5,019,20211009,4,1,4,1.0
648,tom5,023,20211009,3,1,3,1.0
649,tom5,023,20211009,3,1,3,1.0
650,tom5,026,20211009,3,1,3,1.0
651,tom5,027,20211009,4,1,4,1.0
652,tom5,027,20211009,4,1,4,1.0
653,tom5,028,20211009,3,1,3,1.0
654,tom5,030,20211009,4,1,4,1.0
655,tom5,031,20211009,3,1,3,1.0
656,tom5,033,20211009,4,1,4,1.0
657,tom5,033,20211009,4,1,4,1.0
658,tom5,035,20211009,4,1,4,1.0
659,tom5,036,20211009,4,1,4,1.0
660,tom5,036,20211009,4,1,4,1.0
661,tom5,037,20211009,4,1,4,1.0
662,tom5,037,20211009,4,1,4,1.0
663,tom5,038,20211009,4,1,4,1.0
664,tom5,039,20211009,4,1,4,1.0
665,tom5,039,20211009,4,1,4,1.0
666,tom5,041,20211009,4,1,4,1.0
667,tom5,041,20211009,4,1,4,1.0
668,tom5,042,20211009,3,1,3,1.0
669,tom5,044,20211009,4,1,4,1.0
670,tom5,047,20211009,4,1,4,1.0
671,tom5,048,20211009,4,1,4,1.0
672,tom5,050,20211009,3,1,3,1.0
673,tom5,050,20211010,4,1,4,1.0
674,tom5,051,20211009,4,1,4,1.0
675,tom5,053,20211009,4,1,4,1.0
676,tom5,054,20211009,4,1,4,1.0
677,tom5,054,20211009,4,1,4,1.0
678,tom5,056,20211009,3,1,3,1.0
679,tom5,056,20211009,3,1,3,1.0
680,tom5,057,20211009,4,1,4,1.0
681,tom5,057,20211009,4,1,4,1.0
682,tom5,058,20211009,4,1,4,1.0
683,tom5,059,20211009,4,1,4,1.0
684,tom5,061,20211009,4,1,4,1.0
685,tom5,062,20211009,4,1,4,1.0
686,tom5,062,20211009,4,1,4,1.0
687,tom5,065,20211009,3,1,3,1.0
688,tom5,068,20211009,4,1,4,1.0
689,tom5,068,20211009,4,1,4,1.0
690,tom5,070,20211009,4,1,4,1.0
691,tom5,002,20211016,5,1,5,1.0
692,tom5,002,20211016,5,1,5,1.0
693,tom5,003,20211016,5,1,5,1.0
694,tom5,003,20211016,5,1,5,1.0
695,tom5,004,20211016,4,1,4,1.0
696,tom5,011,20211016,4,1,4,1.0
697,tom5,014,20211016,5,1,5,1.0
698,tom5,014,20211016,5,1,5,1.0
699,tom5,018,20211016,5,1,5,1.0
700,tom5,018,20211016,5,1,5,1.0
701,tom5,019,20211016,5,1,5,1.0
702,tom5,021,20211016,4,1,4,1.0
703,tom5,022,20211016,4,1,4,1.0
704,tom5,023,20211016,4,1,4,1.0
705,tom5,024,20211016,3,1,3,1.0
706,tom5,025,20211016,3,1,3,1.0
707,tom5,026,20211016,4,1,4,1.0
708,tom5,029,20211016,4,1,4,1.0
709,tom5,032,20211016,4,1,4,1.0
710,tom5,034,20211016,4,1,4,1.0
711,tom5,036,20211016,4,1,4,1.0
712,tom5,039,20211016,5,1,5,1.0
713,tom5,042,20211016,4,1,4,1.0
714,tom5,046,20211016,4,1,4,1.0
715,tom5,058,20211016,5,1,5,1.0
716,tom5,070,20211016,5,1,5,1.0
717,tom5,071,20211016,5,1,5,1.0
718,tom5,074,20211016,5,1,5,1.0
719,tom5,082,20211016,4,1,4,1.0
720,tom5,089,20211016,4,1,4,1.0
721,tom5,091,20211016,4,1,4,1.0
722,tom5,091,20211016,4,1,4,1.0
723,tom5,092,20211016,5,1,5,1.0
724,tom5,093,20211016,5,1,5,1.0
725,tom5,098,20211016,4,1,4,1.0
726,tom5,100,20211016,4,1,4,1.0
727,tom5,024,20211023,4,1,4,1.0
728,tom5,047,20211023,5,1,5,1.0
729,tom5,055,20211023,5,1,5,1.0
730,tom5,060,20211023,5,1,5,1.0
731,tom5,060,20211023,5,1,5,1.0
732,tom5,066,20211023,5,1,5,1.0
733,tom5,081,20211023,4,1,4,1.0
734,tom5,084,20211023,5,1,5,1.0
735,tom5,087,20211023,5,1,5,1.0
736,tom5,089,20211023,5,1,5,1.0
737,tom5,095,20211023,5,1,5,1.0
738,tom5,098,20211023,5,1,5,1.0
739,tom5,099,20211023,5,1,5,1.0
740,tom5,100,20211023,5,1,5,1.0
741,tom5,070,20211114,7,1,7,1.0
742,tom5,061,20211119,8,1,8,1.0
743,tom5,005,20211127,8,1,8,1.0
744,tom5,005,20211127,8,1,8,1.0
745,tom5,006,20211127,8,1,8,1.0
746,tom5,007,20211127,7,1,7,1.0
747,tom5,008,20211127,7,1,7,1.0
748,tom5,010,20211127,7,1,7,1.0
749,tom5,010,20211127,7,1,7,1.0
750,tom5,013,20211127,7,1,7,1.0
751,tom5,024,20211127,7,1,7,1.0
752,tom5,033,20211127,8,1,8,1.0
753,tom5,041,20211127,8,1,8,1.0
754,tom5,042,20211127,7,1,7,1.0
755,tom5,043,20211127,6,1,6,1.0
756,tom5,043,20211127,6,1,6,1.0
757,tom5,050,20211127,8,1,8,1.0
758,tom5,051,20211127,8,1,8,1.0
759,tom5,055,20211127,8,1,8,1.0
760,tom5,055,20211127,8,1,8,1.0
761,tom5,069,20211127,8,1,8,1.0
762,tom5,070,20211127,8,1,8,1.0
763,tom5,079,20211128,7,1,7,1.0
764,tom5,100,20211128,8,1,8,1.0
765,tom5,100,20211128,8,1,8,1.0
766,tom5,001,20211204,9,1,9,1.0
767,tom5,003,20211204,9,1,9,1.0
768,tom5,003,20211204,9,1,9,1.0
769,tom5,012,20211204,8,1,8,1.0
770,tom5,019,20211204,9,1,9,1.0
771,tom5,019,20211204,9,1,9,1.0
772,tom5,022,20211204,8,1,8,1.0
773,tom5,023,20211204,7,1,7,1.0
774,tom5,023,20211204,7,1,7,1.0
775,tom5,025,20211204,7,1,7,1.0
776,tom5,027,20211204,8,1,8,1.0
777,tom5,028,20211204,7,1,7,1.0
778,tom5,031,20211204,6,1,6,1.0
779,tom5,034,20211204,8,1,8,1.0
780,tom5,035,20211204,9,1,9,1.0
781,tom5,052,20211204,8,1,8,1.0
782,tom5,052,20211204,8,1,8,1.0
783,tom5,053,20211204,9,1,9,1.0
784,tom5,060,20211204,8,1,8,1.0
785,tom5,061,20211204,9,1,9,1.0
786,tom5,062,20211204,9,1,9,1.0
787,tom5,063,20211204,8,1,8,1.0
788,tom5,064,20211204,8,1,8,1.0
789,tom5,064,20211204,8,1,8,1.0
790,tom5,066,20211204,9,1,9,1.0
791,tom5,073,20211204,8,1,8,1.0
792,tom5,078,20211204,8,1,8,1.0
793,tom5,080,20211204,8,1,8,1.0
794,tom5,081,20211204,8,1,8,1.0
795,tom5,084,20211204,8,1,8,1.0
796,tom5,089,20211204,8,1,8,1.0
797,tom5,096,20211204,8,1,8,1.0
798,tom5,005,20211212,9,1,9,1.0
799,tom5,005,20211212,9,1,9,1.0
800,tom5,006,20211212,9,1,9,1.0
801,tom5,006,20211212,9,1,9,1.0
802,tom5,007,20211212,8,1,8,1.0
803,tom5,007,20211212,8,1,8,1.0
804,tom5,010,20211212,8,1,8,1.0
805,tom5,010,20211212,8,1,8,1.0
806,tom5,011,20211212,9,1,9,1.0
807,tom5,012,20211212,9,1,9,1.0
808,tom5,012,20211212,9,1,9,1.0
809,tom5,015,20211212,9,1,9,1.0
810,tom5,015,20211212,9,1,9,1.0
811,tom5,016,20211212,8,1,8,1.0
812,tom5,019,20211212,10,1,10,1.0
813,tom5,021,20211212,8,1,8,1.0
814,tom5,021,20211212,8,1,8,1.0
815,tom5,023,20211212,8,1,8,1.0
816,tom5,024,20211212,8,1,8,1.0
817,tom5,024,20211212,8,1,8,1.0
818,tom5,025,20211212,8,1,8,1.0
819,tom5,029,20211212,7,1,7,1.0
820,tom5,032,20211212,7,1,7,1.0
821,tom5,040,20211212,7,1,7,1.0
822,tom5,040,20211212,7,1,7,1.0
823,tom5,041,20211212,9,1,9,1.0
824,tom5,042,20211212,8,1,8,1.0
825,tom5,043,20211212,7,1,7,1.0
826,tom5,050,20211212,9,1,9,1.0
827,tom5,050,20211212,9,1,9,1.0
828,tom5,055,20211212,9,1,9,1.0
829,tom5,057,20211212,10,1,10,1.0
830,tom5,058,20211212,9,1,9,1.0
831,tom5,060,20211212,9,1,9,1.0
832,tom5,071,20211212,8,1,8,1.0
833,tom5,074,20211212,9,1,9,1.0
834,tom5,075,20211212,8,1,8,1.0
835,tom5,081,20211212,8,1,8,1.0
836,tom5,083,20211212,9,1,9,1.0
837,tom5,087,20211212,9,1,9,1.0
838,tom5,087,20211212,9,1,9,1.0
839,tom5,091,20211212,9,1,9,1.0
840,tom5,092,20211212,9,1,9,1.0
841,tom5,095,20211212,9,1,9,1.0
842,tom5,095,20211212,9,1,9,1.0
843,tom5,098,20211212,9,1,9,1.0
844,tom5,098,20211212,9,1,9,1.0
845,tom5,100,20211212,9,1,9,1.0
846,tom5,100,20211212,9,1,9,1.0
847,tom6,002,20220107,11,1,11,1.0
848,tom6,003,20220107,12,1,12,1.0
849,tom6,004,20220107,13,1,13,1.0
850,tom6,005,20220107,11,1,11,1.0
851,tom6,006,20220107,10,1,10,1.0
852,tom6,008,20220107,11,1,11,1.0
853,tom6,009,20220107,13,1,13,1.0
854,tom6,011,20220107,13,1,13,1.0
855,tom6,012,20220107,12,1,12,1.0
856,tom6,013,20220107,12,1,12,1.0
857,tom6,014,20220107,12,1,12,1.0
858,tom6,018,20220107,11,1,11,1.0
859,tom6,019,20220107,12,1,12,1.0
860,tom6,021,20220107,12,1,12,1.0
861,tom6,022,20220107,12,1,12,1.0
862,tom6,022,20220107,12,1,12,1.0
863,tom6,022,20220107,12,1,12,1.0
864,tom6,023,20220107,12,1,12,1.0
865,tom6,024,20220107,12,1,12,1.0
866,tom6,024,20220107,12,1,12,1.0
867,tom6,025,20220107,11,1,11,1.0
868,tom6,026,20220107,12,1,12,1.0
869,tom6,028,20220107,12,1,12,1.0
870,tom6,029,20220107,10,1,10,1.0
871,tom6,030,20220107,11,1,11,1.0
872,tom6,032,20220107,12,1,12,1.0
873,tom6,034,20220107,11,1,11,1.0
874,tom6,051,20220107,9,1,9,1.0
875,tom6,052,20220107,9,1,9,1.0
876,tom6,053,20220107,10,1,10,1.0
877,tom6,053,20220107,10,1,10,1.0
878,tom6,069,20220107,12,1,12,1.0
879,tom6,070,20220107,12,1,12,1.0
880,tom6,070,20220107,12,1,12,1.0
881,tom6,071,20220106,11,1,11,1.0
882,tom6,071,20220106,11,1,11,1.0
883,tom6,072,20220106,9,1,9,1.0
884,tom6,073,20220106,10,1,10,1.0
885,tom6,073,20220106,10,1,10,1.0
886,tom6,074,20220106,11,1,11,1.0
887,tom6,074,20220106,11,1,11,1.0
888,tom6,075,20220106,12,1,12,1.0
889,tom6,076,20220106,10,1,10,1.0
890,tom6,076,20220106,10,1,10,1.0
891,tom6,078,20220106,10,1,10,1.0
892,tom6,078,20220106,10,1,10,1.0
893,tom6,079,20220106,12,1,12,1.0
894,tom6,081,20220107,10,1,10,1.0
895,tom6,081,20220107,12,1,12,1.0
896,tom6,081,20220107,12,1,12,1.0
897,tom6,082,20220107,12,1,12,1.0
898,tom6,083,20220107,12,1,12,1.0
899,tom6,085,20220107,10,1,10,1.0
900,tom6,086,20220107,11,1,11,1.0
901,tom6,087,20220107,11,1,11,1.0
902,tom6,089,20220107,11,1,11,1.0
903,tom6,089,20220107,11,1,11,1.0
904,tom6,090,20220107,12,1,12,1.0
905,tom6,090,20220107,12,1,12,1.0
906,tom6,092,20220107,11,1,11,1.0
907,tom6,092,20220107,11,1,11,1.0
908,tom6,093,20220107,11,1,11,1.0
909,tom6,093,20220107,11,1,11,1.0
910,tom6,094,20220107,10,1,10,1.0
911,tom6,094,20220107,10,1,10,1.0
912,tom6,095,20220107,12,1,12,1.0
913,tom6,096,20220107,12,1,12,1.0
914,tom6,097,20220107,12,1,12,1.0
915,tom6,097,20220107,12,1,12,1.0
916,tom6,097,20220107,12,1,12,1.0
917,tom6,098,20220107,9,1,9,1.0
918,tom6,098,20220107,9,1,9,1.0
919,tom6,002,20211006,2,1,2,1.0
920,tom6,003,20211006,2,1,2,1.0
921,tom6,003,20211006,2,1,2,1.0
922,tom6,004,20211006,2,1,2,1.0
923,tom6,007,20211006,2,1,2,1.0
924,tom6,008,20211006,1,1,1,1.0
925,tom6,008,20211006,1,1,1,1.0
926,tom6,009,20211007,2,1,2,1.0
927,tom6,009,20211007,2,1,2,1.0
928,tom6,012,20211007,2,1,2,1.0
929,tom6,012,20211007,2,1,2,1.0
930,tom6,014,20211007,1,1,1,1.0
931,tom6,015,20211007,3,1,3,1.0
932,tom6,015,20211007,3,1,3,1.0
933,tom6,017,20211007,2,1,2,1.0
934,tom6,017,20211007,2,1,2,1.0
935,tom6,020,20211008,2,1,2,1.0
936,tom6,021,20211008,3,1,3,1.0
937,tom6,028,20211008,2,1,2,1.0
938,tom6,028,20211008,2,1,2,1.0
939,tom6,028,20211008,2,1,2,1.0
940,tom6,029,20211005,2,1,2,1.0
941,tom6,030,20211005,2,1,2,1.0
942,tom6,036,20211005,2,1,2,1.0
943,tom6,036,20211005,2,1,2,1.0
944,tom6,037,20211005,2,1,2,1.0
945,tom6,038,20211005,2,1,2,1.0
946,tom6,040,20211005,2,1,2,1.0
947,tom6,040,20211005,2,1,2,1.0
948,tom6,041,20211005,2,1,2,1.0
949,tom6,044,20211006,2,1,2,1.0
950,tom6,044,20211006,2,1,2,1.0
951,tom6,049,20211006,2,1,2,1.0
952,tom6,052,20211006,2,1,2,1.0
953,tom6,054,20211007,2,1,2,1.0
954,tom6,057,20211007,2,1,2,1.0
955,tom6,059,20211007,2,1,2,1.0
956,tom6,062,20211007,2,1,2,1.0
957,tom6,062,20211007,2,1,2,1.0
958,tom6,065,20211008,2,1,2,1.0
959,tom6,067,20211008,2,1,2,1.0
960,tom6,071,20211005,2,1,2,1.0
961,tom6,078,20211006,2,1,2,1.0
962,tom6,080,20211006,2,1,2,1.0
963,tom6,083,20211006,2,1,2,1.0
964,tom6,083,20211006,2,1,2,1.0
965,tom6,085,20211006,2,1,2,1.0
966,tom6,086,20211007,2,1,2,1.0
967,tom6,088,20211007,2,1,2,1.0
968,tom6,088,20211007,2,1,2,1.0
969,tom6,088,20211007,2,1,2,1.0
970,tom6,092,20211007,2,1,2,1.0
971,tom6,096,20211008,2,1,2,1.0
972,tom6,099,20211008,2,1,2,1.0
973,tom6,100,20211008,1,1,1,1.0
974,tom6,100,20211008,1,1,1,1.0
975,tom6,002,20211012,3,1,3,1.0
976,tom6,003,20211012,3,1,3,1.0
977,tom6,003,20211012,3,1,3,1.0
978,tom6,004,20211012,2,1,2,1.0
979,tom6,004,20211012,2,1,2,1.0
980,tom6,004,20211012,3,1,3,1.0
981,tom6,004,20211012,3,1,3,1.0
982,tom6,006,20211012,3,1,3,1.0
983,tom6,006,20211012,3,1,3,1.0
984,tom6,007,20211012,3,1,3,1.0
985,tom6,007,20211012,3,1,3,1.0
986,tom6,008,20211012,3,1,3,1.0
987,tom6,008,20211012,3,1,3,1.0
988,tom6,009,20211012,3,1,3,1.0
989,tom6,011,20211014,3,1,3,1.0
990,tom6,011,20211014,3,1,3,1.0
991,tom6,012,20211014,3,1,3,1.0
992,tom6,012,20211014,3,1,3,1.0
993,tom6,014,20211014,3,1,3,1.0
994,tom6,015,20211014,3,1,3,1.0
995,tom6,017,20211014,3,1,3,1.0
996,tom6,017,20211014,3,1,3,1.0
997,tom6,017,20211014,3,1,3,1.0
998,tom6,017,20211014,3,1,3,1.0
999,tom6,018,20211014,3,1,3,1.0
1000,tom6,020,20211014,3,1,3,1.0
1001,tom6,020,20211014,3,1,3,1.0
1002,tom6,021,20211014,3,1,3,1.0
1003,tom6,025,20211014,3,1,3,1.0
1004,tom6,026,20211014,3,1,3,1.0
1005,tom6,030,20211015,4,1,4,1.0
1006,tom6,031,20211015,3,1,3,1.0
1007,tom6,031,20211015,3,1,3,1.0
1008,tom6,031,20211015,3,1,3,1.0
1009,tom6,032,20211015,3,1,3,1.0
1010,tom6,032,20211015,3,1,3,1.0
1011,tom6,033,20211015,3,1,3,1.0
1012,tom6,033,20211015,3,1,3,1.0
1013,tom6,036,20211012,3,1,3,1.0
1014,tom6,036,20211012,3,1,3,1.0
1015,tom6,037,20211012,3,1,3,1.0
1016,tom6,038,20211012,3,1,3,1.0
1017,tom6,040,20211012,3,1,3,1.0
1018,tom6,040,20211012,3,1,3,1.0
1019,tom6,041,20211012,3,1,3,1.0
1020,tom6,041,20211012,3,1,3,1.0
1021,tom6,043,20211012,3,1,3,1.0
1022,tom6,045,20211012,3,1,3,1.0
1023,tom6,047,20211012,3,1,3,1.0
1024,tom6,047,20211012,3,1,3,1.0
1025,tom6,048,20211012,3,1,3,1.0
1026,tom6,048,20211012,3,1,3,1.0
1027,tom6,049,20211012,3,1,3,1.0
1028,tom6,049,20211012,3,1,3,1.0
1029,tom6,063,20211015,3,1,3,1.0
1030,tom6,066,20211015,3,1,3,1.0
1031,tom6,068,20211015,3,1,3,1.0
1032,tom6,070,20211015,3,1,3,1.0
1033,tom6,071,20211012,3,1,3,1.0
1034,tom6,072,20211012,3,1,3,1.0
1035,tom6,074,20211012,3,1,3,1.0
1036,tom6,075,20211012,3,1,3,1.0
1037,tom6,077,20211012,3,1,3,1.0
1038,tom6,077,20211012,3,1,3,1.0
1039,tom6,078,20211012,3,1,3,1.0
1040,tom6,078,20211012,3,1,3,1.0
1041,tom6,081,20211014,3,1,3,1.0
1042,tom6,082,20211014,3,1,3,1.0
1043,tom6,082,20211014,3,1,3,1.0
1044,tom6,083,20211014,3,1,3,1.0
1045,tom6,084,20211014,3,1,3,1.0
1046,tom6,091,20211015,2,1,2,1.0
1047,tom6,091,20211015,2,1,2,1.0
1048,tom6,092,20211015,3,1,3,1.0
1049,tom6,093,20211015,3,1,3,1.0
1050,tom6,095,20211015,3,1,3,1.0
1051,tom6,095,20211015,3,1,3,1.0
1052,tom6,100,20211015,3,1,3,1.0
1053,tom6,001,20211018,1,1,1,1.0
1054,tom6,002,20211018,4,1,4,1.0
1055,tom6,002,20211018,4,1,4,1.0
1056,tom6,003,20211018,4,1,4,1.0
1057,tom6,004,20211018,3,1,3,1.0
1058,tom6,006,20211018,3,1,3,1.0
1059,tom6,006,20211018,3,1,3,1.0
1060,tom6,007,20211018,3,1,3,1.0
1061,tom6,007,20211018,3,1,3,1.0
1062,tom6,008,20211018,3,1,3,1.0
1063,tom6,009,20211018,4,1,4,1.0
1064,tom6,009,20211018,4,1,4,1.0
1065,tom6,011,20211018,4,1,4,1.0
1066,tom6,011,20211018,4,1,4,1.0
1067,tom6,014,20211019,4,1,4,1.0
1068,tom6,014,20211019,4,1,4,1.0
1069,tom6,015,20211019,4,1,4,1.0
1070,tom6,016,20211019,4,1,4,1.0
1071,tom6,016,20211019,4,1,4,1.0
1072,tom6,016,20211019,4,1,4,1.0
1073,tom6,017,20211019,4,1,4,1.0
1074,tom6,017,20211019,4,1,4,1.0
1075,tom6,018,20211019,4,1,4,1.0
1076,tom6,019,20211019,4,1,4,1.0
1077,tom6,020,20211019,4,1,4,1.0
1078,tom6,020,20211019,4,1,4,1.0
1079,tom6,021,20211019,4,1,4,1.0
1080,tom6,021,20211019,4,1,4,1.0
1081,tom6,025,20211021,4,1,4,1.0
1082,tom6,025,20211021,4,1,4,1.0
1083,tom6,026,20211021,4,1,4,1.0
1084,tom6,027,20211021,3,1,3,1.0
1085,tom6,027,20211021,3,1,3,1.0
1086,tom6,027,20211021,3,1,3,1.0
1087,tom6,029,20211021,4,1,4,1.0
1088,tom6,029,20211021,4,1,4,1.0
1089,tom6,030,20211021,4,1,4,1.0
1090,tom6,031,20211021,4,1,4,1.0
1091,tom6,031,20211021,4,1,4,1.0
1092,tom6,033,20211021,4,1,4,1.0
1093,tom6,033,20211021,4,1,4,1.0
1094,tom6,034,20211021,4,1,4,1.0
1095,tom6,035,20211021,4,1,4,1.0
1096,tom6,035,20211021,4,1,4,1.0
1097,tom6,036,20211018,4,1,4,1.0
1098,tom6,038,20211018,3,1,3,1.0
1099,tom6,039,20211018,3,1,3,1.0
1100,tom6,040,20211018,4,1,4,1.0
1101,tom6,042,20211018,3,1,3,1.0
1102,tom6,043,20211018,3,1,3,1.0
1103,tom6,046,20211019,4,1,4,1.0
1104,tom6,049,20211019,4,1,4,1.0
1105,tom6,050,20211019,4,1,4,1.0
1106,tom6,053,20211019,4,1,4,1.0
1107,tom6,054,20211019,4,1,4,1.0
1108,tom6,056,20211021,4,1,4,1.0
1109,tom6,057,20211021,4,1,4,1.0
1110,tom6,067,20211022,4,1,4,1.0
1111,tom6,067,20211022,4,1,4,1.0
1112,tom6,069,20211022,4,1,4,1.0
1113,tom6,071,20211018,4,1,4,1.0
1114,tom6,072,20211018,3,1,3,1.0
1115,tom6,075,20211018,4,1,4,1.0
1116,tom6,075,20211018,4,1,4,1.0
1117,tom6,076,20211018,3,1,3,1.0
1118,tom6,077,20211018,4,1,4,1.0
1119,tom6,082,20211018,4,1,4,1.0
1120,tom6,082,20211018,4,1,4,1.0
1121,tom6,083,20211018,4,1,4,1.0
1122,tom6,084,20211019,4,1,4,1.0
1123,tom6,084,20211019,4,1,4,1.0
1124,tom6,085,20211019,3,1,3,1.0
1125,tom6,088,20211021,4,1,4,1.0
1126,tom6,090,20211021,4,1,4,1.0
1127,tom6,091,20211021,4,1,4,1.0
1128,tom6,093,20211021,4,1,4,1.0
1129,tom6,094,20211022,4,1,4,1.0
1130,tom6,094,20211022,4,1,4,1.0
1131,tom6,095,20211022,4,1,4,1.0
1132,tom6,095,20211022,4,1,4,1.0
1133,tom6,096,20211022,4,1,4,1.0
1134,tom6,096,20211022,4,1,4,1.0
1135,tom6,098,20211022,4,1,4,1.0
1136,tom6,002,20211025,4,1,4,1.0
1137,tom6,002,20211025,4,1,4,1.0
1138,tom6,002,20211025,4,1,4,1.0
1139,tom6,005,20211025,4,1,4,1.0
1140,tom6,006,20211025,4,1,4,1.0
1141,tom6,006,20211025,4,1,4,1.0
1142,tom6,007,20211025,4,1,4,1.0
1143,tom6,007,20211025,4,1,4,1.0
1144,tom6,011,20211025,5,1,5,1.0
1145,tom6,011,20211025,5,1,5,1.0
1146,tom6,012,20211025,5,1,5,1.0
1147,tom6,012,20211025,5,1,5,1.0
1148,tom6,013,20211025,1,1,1,1.0
1149,tom6,014,20211025,5,1,5,1.0
1150,tom6,019,20211026,4,1,4,1.0
1151,tom6,019,20211026,4,1,4,1.0
1152,tom6,021,20211026,5,1,5,1.0
1153,tom6,023,20211027,5,1,5,1.0
1154,tom6,023,20211027,5,1,5,1.0
1155,tom6,023,20211027,5,1,5,1.0
1156,tom6,023,20211027,5,1,5,1.0
1157,tom6,024,20211027,4,1,4,1.0
1158,tom6,024,20211027,4,1,4,1.0
1159,tom6,024,20211027,4,1,4,1.0
1160,tom6,026,20211027,5,1,5,1.0
1161,tom6,026,20211027,5,1,5,1.0
1162,tom6,030,20211029,5,1,5,1.0
1163,tom6,031,20211029,5,1,5,1.0
1164,tom6,031,20211029,5,1,5,1.0
1165,tom6,032,20211029,5,1,5,1.0
1166,tom6,034,20211029,5,1,5,1.0
1167,tom6,034,20211029,5,1,5,1.0
1168,tom6,035,20211029,5,1,5,1.0
1169,tom6,035,20211029,5,1,5,1.0
1170,tom6,036,20211025,5,1,5,1.0
1171,tom6,039,20211025,4,1,4,1.0
1172,tom6,040,20211025,4,1,4,1.0
1173,tom6,042,20211025,4,1,4,1.0
1174,tom6,044,20211025,4,1,4,1.0
1175,tom6,045,20211025,4,1,4,1.0
1176,tom6,046,20211025,5,1,5,1.0
1177,tom6,049,20211025,5,1,5,1.0
1178,tom6,055,20211026,5,1,5,1.0
1179,tom6,062,20211027,5,1,5,1.0
1180,tom6,063,20211028,5,1,5,1.0
1181,tom6,063,20211028,5,1,5,1.0
1182,tom6,064,20211028,5,1,5,1.0
1183,tom6,064,20211028,5,1,5,1.0
1184,tom6,065,20211028,5,1,5,1.0
1185,tom6,065,20211028,5,1,5,1.0
1186,tom6,067,20211028,5,1,5,1.0
1187,tom6,082,20211025,4,1,4,1.0
1188,tom6,088,20211026,5,1,5,1.0
1189,tom6,088,20211026,5,1,5,1.0
1190,tom6,090,20211026,5,1,5,1.0
1191,tom6,096,20211028,5,1,5,1.0
1192,tom6,097,20211028,5,1,5,1.0
1193,tom6,001,20211101,2,1,2,1.0
1194,tom6,001,20211101,2,1,2,1.0
1195,tom6,003,20211101,5,1,5,1.0
1196,tom6,003,20211101,5,1,5,1.0
1197,tom6,004,20211101,5,1,5,1.0
1198,tom6,004,20211101,5,1,5,1.0
1199,tom6,005,20211101,5,1,5,1.0
1200,tom6,007,20211101,5,1,5,1.0
1201,tom6,007,20211101,5,1,5,1.0
1202,tom6,008,20211102,5,1,5,1.0
1203,tom6,009,20211102,5,1,5,1.0
1204,tom6,009,20211102,5,1,5,1.0
1205,tom6,010,20211102,1,1,1,1.0
1206,tom6,010,20211102,1,1,1,1.0
1207,tom6,012,20211102,5,1,5,1.0
1208,tom6,012,20211102,5,1,5,1.0
1209,tom6,013,20211102,2,1,2,1.0
1210,tom6,013,20211102,2,1,2,1.0
1211,tom6,014,20211102,6,1,6,1.0
1212,tom6,014,20211102,6,1,6,1.0
1213,tom6,015,20211102,6,1,6,1.0
1214,tom6,015,20211102,6,1,6,1.0
1215,tom6,016,20211102,5,1,5,1.0
1216,tom6,016,20211102,5,1,5,1.0
1217,tom6,017,20211102,6,1,6,1.0
1218,tom6,018,20211102,5,1,5,1.0
1219,tom6,018,20211102,5,1,5,1.0
1220,tom6,019,20211102,5,1,5,1.0
1221,tom6,020,20211102,5,1,5,1.0
1222,tom6,020,20211102,5,1,5,1.0
1223,tom6,021,20211102,5,1,5,1.0
1224,tom6,021,20211102,5,1,5,1.0
1225,tom6,021,20211102,5,1,5,1.0
1226,tom6,024,20211103,5,1,5,1.0
1227,tom6,024,20211103,5,1,5,1.0
1228,tom6,025,20211103,5,1,5,1.0
1229,tom6,025,20211103,5,1,5,1.0
1230,tom6,026,20211103,6,1,6,1.0
1231,tom6,027,20211103,5,1,5,1.0
1232,tom6,028,20211103,4,1,4,1.0
1233,tom6,028,20211103,4,1,4,1.0
1234,tom6,029,20211104,6,1,6,1.0
1235,tom6,031,20211104,6,1,6,1.0
1236,tom6,031,20211104,6,1,6,1.0
1237,tom6,032,20211104,6,1,6,1.0
1238,tom6,035,20211104,5,1,5,1.0
1239,tom6,035,20211104,5,1,5,1.0
1240,tom6,039,20211101,5,1,5,1.0
1241,tom6,040,20211101,5,1,5,1.0
1242,tom6,042,20211101,5,1,5,1.0
1243,tom6,044,20211101,5,1,5,1.0
1244,tom6,045,20211101,5,1,5,1.0
1245,tom6,048,20211101,5,1,5,1.0
1246,tom6,052,20211102,5,1,5,1.0
1247,tom6,054,20211102,5,1,5,1.0
1248,tom6,055,20211102,5,1,5,1.0
1249,tom6,055,20211102,5,1,5,1.0
1250,tom6,056,20211103,5,1,5,1.0
1251,tom6,057,20211103,5,1,5,1.0
1252,tom6,057,20211103,5,1,5,1.0
1253,tom6,058,20211103,5,1,5,1.0
1254,tom6,059,20211103,5,1,5,1.0
1255,tom6,066,20211104,5,1,5,1.0
1256,tom6,067,20211105,6,1,6,1.0
1257,tom6,069,20211105,4,1,4,1.0
1258,tom6,069,20211105,4,1,4,1.0
1259,tom6,070,20211105,6,1,6,1.0
1260,tom6,071,20211101,6,1,6,1.0
1261,tom6,072,20211101,6,1,6,1.0
1262,tom6,072,20211101,6,1,6,1.0
1263,tom6,073,20211101,6,1,6,1.0
1264,tom6,073,20211101,6,1,6,1.0
1265,tom6,075,20211101,5,1,5,1.0
1266,tom6,075,20211101,5,1,5,1.0
1267,tom6,076,20211101,6,1,6,1.0
1268,tom6,079,20211101,5,1,5,1.0
1269,tom6,080,20211101,5,1,5,1.0
1270,tom6,082,20211102,5,1,5,1.0
1271,tom6,084,20211102,5,1,5,1.0
1272,tom6,086,20211102,5,1,5,1.0
1273,tom6,086,20211102,5,1,5,1.0
1274,tom6,087,20211102,6,1,6,1.0
1275,tom6,089,20211102,5,1,5,1.0
1276,tom6,090,20211102,6,1,6,1.0
1277,tom6,091,20211103,5,1,5,1.0
1278,tom6,091,20211103,5,1,5,1.0
1279,tom6,096,20211104,5,1,5,1.0
1280,tom6,002,20211108,6,1,6,1.0
1281,tom6,003,20211108,6,1,6,1.0
1282,tom6,003,20211108,6,1,6,1.0
1283,tom6,005,20211108,5,1,5,1.0
1284,tom6,006,20211109,5,1,5,1.0
1285,tom6,006,20211109,5,1,5,1.0
1286,tom6,007,20211109,6,1,6,1.0
1287,tom6,008,20211109,5,1,5,1.0
1288,tom6,008,20211109,5,1,5,1.0
1289,tom6,013,20211109,2,1,2,1.0
1290,tom6,013,20211109,2,1,2,1.0
1291,tom6,014,20211110,6,1,6,1.0
1292,tom6,014,20211110,6,1,6,1.0
1293,tom6,016,20211110,6,1,6,1.0
1294,tom6,017,20211110,6,1,6,1.0
1295,tom6,017,20211110,6,1,6,1.0
1296,tom6,019,20211110,6,1,6,1.0
1297,tom6,019,20211110,6,1,6,1.0
1298,tom6,022,20211110,2,1,2,1.0
1299,tom6,022,20211110,2,1,2,1.0
1300,tom6,024,20211110,6,1,6,1.0
1301,tom6,024,20211110,6,1,6,1.0
1302,tom6,025,20211110,6,1,6,1.0
1303,tom6,027,20211111,6,1,6,1.0
1304,tom6,028,20211111,5,1,5,1.0
1305,tom6,030,20211111,6,1,6,1.0
1306,tom6,030,20211111,6,1,6,1.0
1307,tom6,031,20211111,7,1,7,1.0
1308,tom6,032,20211111,6,1,6,1.0
1309,tom6,032,20211111,6,1,6,1.0
1310,tom6,033,20211112,6,1,6,1.0
1311,tom6,033,20211112,6,1,6,1.0
1312,tom6,034,20211112,6,1,6,1.0
1313,tom6,047,20211108,6,1,6,1.0
1314,tom6,049,20211108,6,1,6,1.0
1315,tom6,053,20211110,6,1,6,1.0
1316,tom6,056,20211110,6,1,6,1.0
1317,tom6,058,20211110,6,1,6,1.0
1318,tom6,058,20211110,6,1,6,1.0
1319,tom6,063,20211111,6,1,6,1.0
1320,tom6,064,20211111,6,1,6,1.0
1321,tom6,065,20211111,6,1,6,1.0
1322,tom6,068,20211112,6,1,6,1.0
1323,tom6,069,20211112,4,1,4,1.0
1324,tom6,070,20211112,6,1,6,1.0
1325,tom6,071,20211108,6,1,6,1.0
1326,tom6,071,20211108,6,1,6,1.0
1327,tom6,073,20211108,6,1,6,1.0
1328,tom6,073,20211108,6,1,6,1.0
1329,tom6,074,20211108,6,1,6,1.0
1330,tom6,074,20211108,6,1,6,1.0
1331,tom6,075,20211108,6,1,6,1.0
1332,tom6,076,20211108,6,1,6,1.0
1333,tom6,076,20211108,6,1,6,1.0
1334,tom6,077,20211108,6,1,6,1.0
1335,tom6,077,20211108,6,1,6,1.0
1336,tom6,078,20211108,6,1,6,1.0
1337,tom6,079,20211108,6,1,6,1.0
1338,tom6,082,20211109,6,1,6,1.0
1339,tom6,084,20211109,6,1,6,1.0
1340,tom6,087,20211109,6,1,6,1.0
1341,tom6,090,20211109,6,1,6,1.0
1342,tom6,091,20211110,6,1,6,1.0
1343,tom6,095,20211110,6,1,6,1.0
1344,tom6,096,20211111,6,1,6,1.0
1345,tom6,097,20211111,6,1,6,1.0
1346,tom6,097,20211111,6,1,6,1.0
1347,tom6,098,20211111,6,1,6,1.0
1348,tom6,099,20211111,6,1,6,1.0
1349,tom6,002,20211115,7,1,7,1.0
1350,tom6,002,20211115,7,1,7,1.0
1351,tom6,003,20211115,7,1,7,1.0
1352,tom6,007,20211116,6,1,6,1.0
1353,tom6,007,20211116,6,1,6,1.0
1354,tom6,009,20211116,7,1,7,1.0
1355,tom6,009,20211116,7,1,7,1.0
1356,tom6,010,20211116,3,1,3,1.0
1357,tom6,016,20211116,6,1,6,1.0
1358,tom6,016,20211116,6,1,6,1.0
1359,tom6,018,20211116,6,1,6,1.0
1360,tom6,019,20211116,6,1,6,1.0
1361,tom6,021,20211117,7,1,7,1.0
1362,tom6,025,20211117,6,1,6,1.0
1363,tom6,026,20211118,7,1,7,1.0
1364,tom6,026,20211118,7,1,7,1.0
1365,tom6,030,20211118,7,1,7,1.0
1366,tom6,033,20211119,6,1,6,1.0
1367,tom6,034,20211119,6,1,6,1.0
1368,tom6,034,20211119,6,1,6,1.0
1369,tom6,040,20211115,6,1,6,1.0
1370,tom6,040,20211115,6,1,6,1.0
1371,tom6,040,20211115,6,1,6,1.0
1372,tom6,045,20211115,6,1,6,1.0
1373,tom6,052,20211115,6,1,6,1.0
1374,tom6,063,20211118,7,1,7,1.0
1375,tom6,066,20211118,6,1,6,1.0
1376,tom6,067,20211118,7,1,7,1.0
1377,tom6,067,20211118,7,1,7,1.0
1378,tom6,072,20211115,6,1,6,1.0
1379,tom6,072,20211115,6,1,6,1.0
1380,tom6,077,20211115,7,1,7,1.0
1381,tom6,080,20211115,7,1,7,1.0
1382,tom6,080,20211115,7,1,7,1.0
1383,tom6,093,20211118,6,1,6,1.0
1384,tom6,093,20211118,6,1,6,1.0
1385,tom6,094,20211118,7,1,7,1.0
1386,tom6,097,20211119,7,1,7,1.0
1387,tom6,001,20211123,4,1,4,1.0
1388,tom6,001,20211123,4,1,4,1.0
1389,tom6,003,20211123,7,1,7,1.0
1390,tom6,003,20211123,7,1,7,1.0
1391,tom6,004,20211123,7,1,7,1.0
1392,tom6,006,20211123,6,1,6,1.0
1393,tom6,006,20211123,6,1,6,1.0
1394,tom6,009,20211123,8,1,8,1.0
1395,tom6,009,20211123,8,1,8,1.0
1396,tom6,009,20211123,8,1,8,1.0
1397,tom6,010,20211123,4,1,4,1.0
1398,tom6,014,20211123,7,1,7,1.0
1399,tom6,014,20211123,7,1,7,1.0
1400,tom6,017,20211123,8,1,8,1.0
1401,tom6,018,20211123,7,1,7,1.0
1402,tom6,019,20211124,6,1,6,1.0
1403,tom6,020,20211124,7,1,7,1.0
1404,tom6,021,20211124,8,1,8,1.0
1405,tom6,022,20211124,3,1,3,1.0
1406,tom6,023,20211124,7,1,7,1.0
1407,tom6,023,20211124,7,1,7,1.0
1408,tom6,025,20211124,8,1,8,1.0
1409,tom6,025,20211124,8,1,8,1.0
1410,tom6,027,20211125,7,1,7,1.0
1411,tom6,027,20211125,7,1,7,1.0
1412,tom6,028,20211125,6,1,6,1.0
1413,tom6,028,20211125,6,1,6,1.0
1414,tom6,029,20211125,8,1,8,1.0
1415,tom6,029,20211125,8,1,8,1.0
1416,tom6,030,20211125,8,1,8,1.0
1417,tom6,030,20211125,8,1,8,1.0
1418,tom6,031,20211125,8,1,8,1.0
1419,tom6,031,20211125,8,1,8,1.0
1420,tom6,032,20211125,8,1,8,1.0
1421,tom6,032,20211125,8,1,8,1.0
1422,tom6,032,20211125,8,1,8,1.0
1423,tom6,033,20211125,7,1,7,1.0
1424,tom6,034,20211126,7,1,7,1.0
1425,tom6,037,20211122,7,1,7,1.0
1426,tom6,042,20211122,7,1,7,1.0
1427,tom6,044,20211122,7,1,7,1.0
1428,tom6,047,20211122,7,1,7,1.0
1429,tom6,049,20211122,8,1,8,1.0
1430,tom6,058,20211124,7,1,7,1.0
1431,tom6,062,20211125,7,1,7,1.0
1432,tom6,065,20211125,8,1,8,1.0
1433,tom6,071,20211122,7,1,7,1.0
1434,tom6,073,20211122,7,1,7,1.0
1435,tom6,075,20211122,7,1,7,1.0
1436,tom6,075,20211122,7,1,7,1.0
1437,tom6,076,20211122,7,1,7,1.0
1438,tom6,076,20211122,7,1,7,1.0
1439,tom6,080,20211122,8,1,8,1.0
1440,tom6,083,20211123,7,1,7,1.0
1441,tom6,087,20211123,7,1,7,1.0
1442,tom6,088,20211123,7,1,7,1.0
1443,tom6,092,20211123,7,1,7,1.0
1444,tom6,094,20211123,7,1,7,1.0
1445,tom6,096,20211124,8,1,8,1.0
1446,tom6,098,20211124,7,1,7,1.0
1447,tom6,098,20211124,7,1,7,1.0
1448,tom6,099,20211124,7,1,7,1.0
1449,tom6,100,20211124,7,1,7,1.0
1450,tom6,002,20211129,8,1,8,1.0
1451,tom6,003,20211129,8,1,8,1.0
1452,tom6,004,20211129,7,1,7,1.0
1453,tom6,009,20211130,8,1,8,1.0
1454,tom6,010,20211130,5,1,5,1.0
1455,tom6,010,20211130,5,1,5,1.0
1456,tom6,014,20211130,8,1,8,1.0
1457,tom6,014,20211130,8,1,8,1.0
1458,tom6,014,20211130,8,1,8,1.0
1459,tom6,017,20211130,9,1,9,1.0
1460,tom6,023,20211201,8,1,8,1.0
1461,tom6,024,20211201,8,1,8,1.0
1462,tom6,024,20211201,8,1,8,1.0
1463,tom6,025,20211201,7,1,7,1.0
1464,tom6,025,20211201,7,1,7,1.0
1465,tom6,026,20211202,9,1,9,1.0
1466,tom6,026,20211202,9,1,9,1.0
1467,tom6,027,20211202,7,1,7,1.0
1468,tom6,027,20211202,7,1,7,1.0
1469,tom6,029,20211202,9,1,9,1.0
