,time,EC급액,EC배액,pH급액,pH배액,저울급액,저울배액,온도토양,온도급액,온도배액,내부이산화탄소,내부광량,평균온도(℃), J/Day 
0,2021-11-10 12:00:00,3.134467284768212,5.3452759602649005,6.111364238410596,5.531807947019868,8.361795821192054,0.0026935231788079,17.193708609271525,18.69991721854305,18.799668874172184,356.13907284768214,34.536123649006626,20.70901430463576,1142.0
1,2021-11-10 13:00:00,3.149235555555556,5.400006666666666,6.116659722222222,5.524145833333333,8.150847256944445,0.000476564343368,17.671006944444443,19.03255208333333,19.03472222222222,306.43055555555554,93.80737645833334,21.15049527777778,1142.0
2,2021-11-10 14:00:00,3.2156669047619046,5.710989880952381,6.044505952380952,5.486428571428571,8.16994675,0.0004770304674642,18.52827380952381,20.564732142857142,20.56175595238096,226.48809523809524,95.53469803571429,23.713946170634923,1142.0
3,2021-11-10 15:00:00,3.269514295302013,5.767595503355705,6.0228187919463085,5.522604026845638,8.284692020134228,0.2336151543624161,20.0876677852349,21.296979865771814,21.19756711409396,180.88590604026845,66.64518290604026,23.05243615212528,1142.0
4,2021-11-10 16:00:00,3.140324013605442,5.639354897959184,6.027748299319728,5.574040816326531,8.211208768707483,0.3799704081632652,19.82908163265306,19.525085034013607,19.8656462585034,194.6190476190476,6.4730635170068025,19.42752006802721,
5,2021-11-10 17:00:00,2.9246684105960266,5.288130331125828,6.132682119205298,5.617900662251656,8.15304982781457,0.3705438741721854,18.762831125827816,16.120860927152318,16.56498344370861,227.4635761589404,0.0082324437086092,15.46352174392936,
6,2021-11-10 18:00:00,2.7977058641975305,5.038376543209877,6.232438271604938,5.646512345679012,8.11265101851852,0.3652114320987654,17.512345679012345,13.98726851851852,14.300154320987655,258.5617283950617,0.0055952283950617,14.006336646090531,
7,2021-11-10 19:00:00,2.73464950617284,4.894395987654321,6.2971049382716044,5.667234567901234,8.083808475308642,0.3623901975308642,16.260416666666668,12.88966049382716,13.080632716049385,288.9753086419753,0.0003197283950617,13.34370862139918,
8,2021-11-10 20:00:00,2.7162738607594936,4.847255063291139,6.350246835443039,5.679873417721518,8.060173183544304,0.3615345189873417,15.236946202531646,12.632120253164556,12.74248417721519,312.63291139240505,0.0136045886075949,13.52133729957806,
9,2021-11-10 21:00:00,2.711440909090909,4.83265916083916,6.393314685314685,5.691300699300699,8.038214174825175,0.3607430839160839,14.444055944055943,12.58784965034965,12.658216783216783,336.74825174825173,0.0079685874125874,13.506511794871791,
10,2021-11-10 22:00:00,2.712395394736842,4.845523289473684,6.409861842105263,5.700934210526316,8.01721355263158,0.3603416052631579,13.885690789473683,12.73108552631579,12.832236842105264,357.3355263157895,0.0155046578947368,13.879642236842107,
11,2021-11-10 23:00:00,2.714653178807947,4.857507549668874,6.418443708609272,5.705900662251656,7.99562582781457,0.3596045231788079,13.493791390728475,12.848096026490069,12.93543046357616,376.5033112582781,0.0116626225165562,13.90346858719647,
12,2021-11-11 00:00:00,2.714083716216216,4.865907567567567,6.454087837837838,5.710155405405405,7.9750126013513505,0.3583159527027026,13.198057432432432,12.901182432432432,12.983108108108109,393.3648648648648,0.011549054054054,13.94320963963964,
13,2021-11-11 01:00:00,2.707751232876712,4.8602111643835615,6.476506849315069,5.715520547945205,7.953993842465754,0.3577021780821918,12.92123287671233,12.819349315068491,12.852739726027398,410.2260273972603,0.0157870753424657,13.699788082191782,
14,2021-11-11 02:00:00,2.6997304,4.858965866666667,6.50732,5.71928,7.94090304,0.3563460266666666,12.759166666666667,12.743333333333334,12.813333333333333,421.0,0.0024171333333333,13.60810973333333,
19,2021-11-11 07:00:00,,,,,,,,,,,,,0.0
20,2021-11-11 08:00:00,,,,,,,,,,,,,0.0
21,2021-11-11 09:00:00,,,,,,,,,,,,,0.0
22,2021-11-11 10:00:00,,,,,,,,,,,,,0.0
23,2021-11-11 11:00:00,,,,,,,,,,,,,0.0
24,2021-11-11 12:00:00,,,,,,,,,,,,,0.0
25,2021-11-11 13:00:00,,,,,,,,,,,,,0.0
26,2021-11-11 14:00:00,,,,,,,,,,,,,0.0
27,2021-11-11 15:00:00,3.395675308641975,5.9623938271604935,5.941246913580247,5.741123456790124,8.250128209876543,1.224182358024691,22.67515432098765,23.304783950617285,23.49459876543209,178.03703703703704,55.62259543209876,24.3179270781893,0.0
28,2021-11-11 16:00:00,3.3168994736842103,5.815435438596492,5.940573099415205,5.765076023391813,8.178521748538012,1.2178258538011697,22.383040935672515,21.67251461988304,22.047149122807017,185.5380116959064,17.446394573099415,21.678185009746585,0.0
29,2021-11-11 17:00:00,3.0651547794117646,5.456309117647059,6.035735294117647,5.800257352941177,8.115009080882354,1.2046061029411763,21.36305147058824,18.186580882352946,18.72104779411765,217.9558823529412,0.018471294117647,17.500927156862748,0.0
30,2021-11-11 18:00:00,2.8870319161676647,5.1706799401197605,6.247209580838324,5.827233532934132,8.075134580838323,1.1961303832335328,19.942739520958085,15.69124251497006,16.17252994011976,246.8622754491018,0.0103901736526946,15.29665758483034,0.0
31,2021-11-11 19:00:00,2.7993697902097905,5.002900769230769,6.329979020979021,5.843258741258741,8.04531313986014,1.192760853146853,18.469842657342657,14.388548951048952,14.728583916083917,274.7762237762238,0.0014488321678321,14.590027435897436,0.0
32,2021-11-11 20:00:00,2.7850771328671327,4.94927034965035,6.404251748251748,5.85595104895105,8.020544482517483,1.1910774405594404,17.32867132867133,14.054632867132868,14.280594405594403,301.05594405594405,0.0070630629370629,14.697547296037294,0.0
33,2021-11-11 21:00:00,2.758646258503401,4.910200952380952,6.427210884353741,5.85691156462585,7.998581380952381,1.188623925170068,16.395833333333332,13.703656462585034,13.90688775510204,323.2244897959184,0.020084081632653,14.376768117913834,0.0
34,2021-11-11 22:00:00,2.7139743046357614,4.852669602649007,6.462099337748344,5.868543046357615,7.974510397350992,1.1851763642384108,15.49793046357616,13.09975165562914,13.331125827814567,343.887417218543,0.0101190397350993,13.800276026490067,0.0
35,2021-11-11 23:00:00,2.6830604895104897,4.799993496503497,6.504797202797203,5.876608391608392,7.951643048951048,1.183103041958042,14.730332167832168,12.711101398601398,12.853146853146852,361.9300699300699,0.0088740979020979,13.546147016317017,140.4
36,2021-11-12 00:00:00,2.669535111111111,4.781838592592593,6.53805925925926,5.880274074074074,7.927371814814815,1.1814458592592594,14.04074074074074,12.526388888888889,12.685648148148148,379.27407407407406,0.0011510222222222,13.300755234567902,936.0
37,2021-11-12 01:00:00,2.6536795302013423,4.759378120805369,6.568268456375839,5.882973154362416,7.906556315436241,1.1803714161073824,13.516778523489933,12.351090604026846,12.49496644295302,395.6442953020134,0.0133834697986577,13.264309172259509,936.0
38,2021-11-12 02:00:00,2.649304379084968,4.759624836601308,6.594549019607843,5.88537908496732,7.881037647058823,1.1788247777777776,13.080473856209151,12.334558823529411,12.477124183006536,411.8627450980392,0.0104945686274509,13.22081947712418,936.0
39,2021-11-12 03:00:00,2.6432363513513515,4.748308243243244,6.6048243243243245,5.887148648648648,7.859373621621622,1.1776769256756758,12.72212837837838,12.25929054054054,12.40033783783784,427.5135135135135,0.0167986351351351,13.29795286036036,936.0
40,2021-11-12 04:00:00,2.6510349681528664,4.766694904458598,6.620904458598726,5.887261146496815,7.832574095541401,1.1761860318471338,12.492436305732484,12.414410828025478,12.517914012738853,439.8152866242039,0.0160006114649681,13.379217749469214,936.0
41,2021-11-12 05:00:00,2.648000205479452,4.76518102739726,6.634034246575342,5.88945205479452,7.808790219178083,1.1746066506849315,12.300085616438356,12.38484589041096,12.480736301369864,453.6986301369863,0.0086917534246575,13.352821484018264,936.0
42,2021-11-12 06:00:00,2.651507973856209,4.775017450980393,6.637281045751634,5.890039215686275,7.782555928104575,1.1732418954248367,12.161764705882351,12.471813725490197,12.558006535947712,468.640522875817,0.0084633660130718,13.64548614379085,936.0
43,2021-11-12 07:00:00,2.6687516783216783,4.807096713286714,6.646895104895105,5.883195804195805,7.756224692307693,1.1730087762237762,12.150786713286712,12.803758741258742,12.848776223776223,484.3006993006993,1.5225425104895105,14.319235664335665,936.0
44,2021-11-12 08:00:00,2.728094025974026,4.90851961038961,6.643415584415584,5.870811688311688,7.717233948051949,1.1737655324675325,12.415584415584416,13.78327922077922,13.726055194805197,473.0974025974026,24.52311688961039,16.32530893939394,936.0
45,2021-11-12 09:00:00,2.833914666666667,5.083508,6.35582962962963,5.86397037037037,8.028378103703703,1.1757023555555557,14.403703703703703,15.622685185185183,15.298148148148147,395.7111111111111,101.67377533333334,19.75937412345679,936.0
46,2021-11-12 10:00:00,2.95793247311828,5.326913333333334,6.076204301075268,5.830677419354839,8.270970537634408,1.1776162150537637,16.894489247311828,17.831317204301076,17.304435483870968,335.5698924731183,74.6563805376344,22.49160451612903,936.0
47,2021-11-12 11:00:00,,,,,,,,,,,,,936.0
48,2021-11-12 12:00:00,,,,,,,,,,,,,936.0
49,2021-11-12 13:00:00,,,,,,,,,,,,,936.0
50,2021-11-12 14:00:00,,,,,,,,,,,,,936.0
51,2021-11-12 15:00:00,,,,,,,,,,,,,936.0
52,2021-11-12 16:00:00,,,,,,,,,,,,,936.0
53,2021-11-12 17:00:00,,,,,,,,,,,,,936.0
54,2021-11-12 18:00:00,,,,,,,,,,,,,936.0
55,2021-11-12 19:00:00,,,,,,,,,,,,,936.0
56,2021-11-12 20:00:00,,,,,,,,,,,,,936.0
57,2021-11-12 21:00:00,,,,,,,,,,,,,936.0
58,2021-11-12 22:00:00,,,,,,,,,,,,,936.0
59,2021-11-12 23:00:00,,,,,,,,,,,,,956.8983050847456
60,2021-11-13 00:00:00,,,,,,,,,,,,,1073.0
61,2021-11-13 01:00:00,,,,,,,,,,,,,1073.0
62,2021-11-13 02:00:00,,,,,,,,,,,,,1073.0
63,2021-11-13 03:00:00,,,,,,,,,,,,,1073.0
64,2021-11-13 04:00:00,,,,,,,,,,,,,1073.0
65,2021-11-13 05:00:00,,,,,,,,,,,,,1073.0
66,2021-11-13 06:00:00,,,,,,,,,,,,,1073.0
67,2021-11-13 07:00:00,,,,,,,,,,,,,1073.0
68,2021-11-13 08:00:00,,,,,,,,,,,,,1073.0
69,2021-11-13 09:00:00,,,,,,,,,,,,,1073.0
70,2021-11-13 10:00:00,,,,,,,,,,,,,1073.0
71,2021-11-13 11:00:00,,,,,,,,,,,,,1073.0
72,2021-11-13 12:00:00,,,,,,,,,,,,,1073.0
73,2021-11-13 13:00:00,,,,,,,,,,,,,1073.0
74,2021-11-13 14:00:00,,,,,,,,,,,,,1073.0
75,2021-11-13 15:00:00,,,,,,,,,,,,,1073.0
76,2021-11-13 16:00:00,,,,,,,,,,,,,1073.0
77,2021-11-13 17:00:00,,,,,,,,,,,,,1073.0
78,2021-11-13 18:00:00,,,,,,,,,,,,,1073.0
79,2021-11-13 19:00:00,,,,,,,,,,,,,1073.0
80,2021-11-13 20:00:00,,,,,,,,,,,,,1073.0
81,2021-11-13 21:00:00,,,,,,,,,,,,,1073.0
82,2021-11-13 22:00:00,,,,,,,,,,,,,1073.0
83,2021-11-13 23:00:00,,,,,,,,,,,,,1088.7118644067796
84,2021-11-14 00:00:00,,,,,,,,,,,,,1176.0
85,2021-11-14 01:00:00,,,,,,,,,,,,,1176.0
86,2021-11-14 02:00:00,,,,,,,,,,,,,1176.0
87,2021-11-14 03:00:00,,,,,,,,,,,,,1176.0
88,2021-11-14 04:00:00,,,,,,,,,,,,,1176.0
89,2021-11-14 05:00:00,,,,,,,,,,,,,1176.0
90,2021-11-14 06:00:00,,,,,,,,,,,,,1176.0
91,2021-11-14 07:00:00,,,,,,,,,,,,,1176.0
92,2021-11-14 08:00:00,,,,,,,,,,,,,1176.0
93,2021-11-14 09:00:00,,,,,,,,,,,,,1176.0
94,2021-11-14 10:00:00,,,,,,,,,,,,,1176.0
95,2021-11-14 11:00:00,,,,,,,,,,,,,1176.0
96,2021-11-14 12:00:00,,,,,,,,,,,,,1176.0
97,2021-11-14 13:00:00,,,,,,,,,,,,,1176.0
98,2021-11-14 14:00:00,,,,,,,,,,,,,1176.0
99,2021-11-14 15:00:00,,,,,,,,,,,,,1176.0
100,2021-11-14 16:00:00,,,,,,,,,,,,,1176.0
101,2021-11-14 17:00:00,,,,,,,,,,,,,1176.0
102,2021-11-14 18:00:00,,,,,,,,,,,,,1176.0
103,2021-11-14 19:00:00,,,,,,,,,,,,,1176.0
104,2021-11-14 20:00:00,,,,,,,,,,,,,1176.0
105,2021-11-14 21:00:00,,,,,,,,,,,,,1176.0
106,2021-11-14 22:00:00,,,,,,,,,,,,,1176.0
107,2021-11-14 23:00:00,,,,,,,,,,,,,1151.135593220339
108,2021-11-15 00:00:00,,,,,,,,,,,,,1013.0
109,2021-11-15 01:00:00,,,,,,,,,,,,,1013.0
110,2021-11-15 02:00:00,,,,,,,,,,,,,1013.0
111,2021-11-15 03:00:00,,,,,,,,,,,,,1013.0
112,2021-11-15 04:00:00,,,,,,,,,,,,,1013.0
113,2021-11-15 05:00:00,,,,,,,,,,,,,1013.0
114,2021-11-15 06:00:00,,,,,,,,,,,,,1013.0
115,2021-11-15 07:00:00,,,,,,,,,,,,,1013.0
116,2021-11-15 08:00:00,,,,,,,,,,,,,1013.0
117,2021-11-15 09:00:00,,,,,,,,,,,,,1013.0
118,2021-11-15 10:00:00,,,,,,,,,,,,,1013.0
119,2021-11-15 11:00:00,,,,,,,,,,,,,1013.0
120,2021-11-15 12:00:00,,,,,,,,,,,,,1013.0
121,2021-11-15 13:00:00,,,,,,,,,,,,,1013.0
122,2021-11-15 14:00:00,,,,,,,,,,,,,1013.0
123,2021-11-15 15:00:00,,,,,,,,,,,,,1013.0
124,2021-11-15 16:00:00,,,,,,,,,,,,,1013.0
125,2021-11-15 17:00:00,,,,,,,,,,,,,1013.0
126,2021-11-15 18:00:00,,,,,,,,,,,,,1013.0
127,2021-11-15 19:00:00,,,,,,,,,,,,,1013.0
128,2021-11-15 20:00:00,,,,,,,,,,,,,1013.0
129,2021-11-15 21:00:00,,,,,,,,,,,,,1013.0
130,2021-11-15 22:00:00,,,,,,,,,,,,,1013.0
131,2021-11-15 23:00:00,,,,,,,,,,,,,858.4745762711865
132,2021-11-16 00:00:00,,,,,,,,,,,,,0.0
133,2021-11-16 01:00:00,,,,,,,,,,,,,0.0
134,2021-11-16 02:00:00,,,,,,,,,,,,,0.0
135,2021-11-16 03:00:00,,,,,,,,,,,,,0.0
136,2021-11-16 04:00:00,,,,,,,,,,,,,0.0
137,2021-11-16 05:00:00,,,,,,,,,,,,,0.0
138,2021-11-16 06:00:00,,,,,,,,,,,,,0.0
139,2021-11-16 07:00:00,,,,,,,,,,,,,0.0
140,2021-11-16 08:00:00,,,,,,,,,,,,,0.0
141,2021-11-16 09:00:00,,,,,,,,,,,,,0.0
142,2021-11-16 10:00:00,,,,,,,,,,,,,0.0
143,2021-11-16 11:00:00,,,,,,,,,,,,,0.0
144,2021-11-16 12:00:00,,,,,,,,,,,,,0.0
145,2021-11-16 13:00:00,,,,,,,,,,,,,0.0
146,2021-11-16 14:00:00,,,,,,,,,,,,,0.0
147,2021-11-16 15:00:00,,,,,,,,,,,,,0.0
148,2021-11-16 16:00:00,,,,,,,,,,,,,0.0
149,2021-11-16 17:00:00,,,,,,,,,,,,,0.0
150,2021-11-16 18:00:00,,,,,,,,,,,,,0.0
151,2021-11-16 19:00:00,,,,,,,,,,,,,0.0
152,2021-11-16 20:00:00,,,,,,,,,,,,,0.0
153,2021-11-16 21:00:00,,,,,,,,,,,,,0.0
154,2021-11-16 22:00:00,,,,,,,,,,,,,0.0
155,2021-11-16 23:00:00,,,,,,,,,,,,,0.0
156,2021-11-17 00:00:00,,,,,,,,,,,,,0.0
157,2021-11-17 01:00:00,,,,,,,,,,,,,0.0
158,2021-11-17 02:00:00,,,,,,,,,,,,,0.0
159,2021-11-17 03:00:00,,,,,,,,,,,,,0.0
160,2021-11-17 04:00:00,,,,,,,,,,,,,0.0
161,2021-11-17 05:00:00,,,,,,,,,,,,,0.0
162,2021-11-17 06:00:00,,,,,,,,,,,,,0.0
163,2021-11-17 07:00:00,,,,,,,,,,,,,0.0
164,2021-11-17 08:00:00,,,,,,,,,,,,,0.0
165,2021-11-17 09:00:00,,,,,,,,,,,,,0.0
166,2021-11-17 10:00:00,,,,,,,,,,,,,0.0
167,2021-11-17 11:00:00,,,,,,,,,,,,,0.0
168,2021-11-17 12:00:00,,,,,,,,,,,,,0.0
169,2021-11-17 13:00:00,,,,,,,,,,,,,0.0
170,2021-11-17 14:00:00,,,,,,,,,,,,,0.0
171,2021-11-17 15:00:00,,,,,,,,,,,,,0.0
172,2021-11-17 16:00:00,,,,,,,,,,,,,0.0
173,2021-11-17 17:00:00,,,,,,,,,,,,,0.0
174,2021-11-17 18:00:00,,,,,,,,,,,,,0.0
175,2021-11-17 19:00:00,,,,,,,,,,,,,0.0
176,2021-11-17 20:00:00,,,,,,,,,,,,,0.0
177,2021-11-17 21:00:00,,,,,,,,,,,,,0.0
178,2021-11-17 22:00:00,,,,,,,,,,,,,0.0
179,2021-11-17 23:00:00,,,,,,,,,,,,,168.864406779661
180,2021-11-18 00:00:00,,,,,,,,,,,,,1107.0
181,2021-11-18 01:00:00,,,,,,,,,,,,,1107.0
182,2021-11-18 02:00:00,,,,,,,,,,,,,1107.0
183,2021-11-18 03:00:00,,,,,,,,,,,,,1107.0
184,2021-11-18 04:00:00,,,,,,,,,,,,,1107.0
185,2021-11-18 05:00:00,,,,,,,,,,,,,1107.0
186,2021-11-18 06:00:00,,,,,,,,,,,,,1107.0
187,2021-11-18 07:00:00,,,,,,,,,,,,,1107.0
188,2021-11-18 08:00:00,,,,,,,,,,,,,1107.0
189,2021-11-18 09:00:00,,,,,,,,,,,,,1107.0
190,2021-11-18 10:00:00,,,,,,,,,,,,,1107.0
191,2021-11-18 11:00:00,,,,,,,,,,,,,1107.0
192,2021-11-18 12:00:00,,,,,,,,,,,,,1107.0
193,2021-11-18 13:00:00,,,,,,,,,,,,,1107.0
194,2021-11-18 14:00:00,,,,,,,,,,,,,1107.0
195,2021-11-18 15:00:00,,,,,,,,,,,,,1107.0
196,2021-11-18 16:00:00,,,,,,,,,,,,,1107.0
197,2021-11-18 17:00:00,,,,,,,,,,,,,1107.0
198,2021-11-18 18:00:00,,,,,,,,,,,,,1107.0
199,2021-11-18 19:00:00,,,,,,,,,,,,,1107.0
200,2021-11-18 20:00:00,,,,,,,,,,,,,1107.0
201,2021-11-18 21:00:00,,,,,,,,,,,,,1107.0
202,2021-11-18 22:00:00,,,,,,,,,,,,,1107.0
203,2021-11-18 23:00:00,,,,,,,,,,,,,1091.4406779661017
204,2021-11-19 00:00:00,,,,,,,,,,,,,1005.0
205,2021-11-19 01:00:00,,,,,,,,,,,,,1005.0
206,2021-11-19 02:00:00,,,,,,,,,,,,,1005.0
207,2021-11-19 03:00:00,,,,,,,,,,,,,1005.0
208,2021-11-19 04:00:00,,,,,,,,,,,,,1005.0
209,2021-11-19 05:00:00,,,,,,,,,,,,,1005.0
210,2021-11-19 06:00:00,,,,,,,,,,,,,1005.0
211,2021-11-19 07:00:00,,,,,,,,,,,,,1005.0
212,2021-11-19 08:00:00,,,,,,,,,,,,,1005.0
213,2021-11-19 09:00:00,,,,,,,,,,,,,1005.0
214,2021-11-19 10:00:00,,,,,,,,,,,,,1005.0
215,2021-11-19 11:00:00,,,,,,,,,,,,,1005.0
216,2021-11-19 12:00:00,,,,,,,,,,,,,1005.0
217,2021-11-19 13:00:00,,,,,,,,,,,,,1005.0
218,2021-11-19 14:00:00,,,,,,,,,,,,,1005.0
219,2021-11-19 15:00:00,,,,,,,,,,,,,1005.0
220,2021-11-19 16:00:00,,,,,,,,,,,,,1005.0
221,2021-11-19 17:00:00,,,,,,,,,,,,,1005.0
222,2021-11-19 18:00:00,,,,,,,,,,,,,1005.0
223,2021-11-19 19:00:00,,,,,,,,,,,,,1005.0
224,2021-11-19 20:00:00,,,,,,,,,,,,,1005.0
225,2021-11-19 21:00:00,,,,,,,,,,,,,1005.0
226,2021-11-19 22:00:00,,,,,,,,,,,,,1005.0
227,2021-11-19 23:00:00,,,,,,,,,,,,,1003.7796610169491
228,2021-11-20 00:00:00,,,,,,,,,,,,,997.0
229,2021-11-20 01:00:00,,,,,,,,,,,,,997.0
230,2021-11-20 02:00:00,,,,,,,,,,,,,997.0
231,2021-11-20 03:00:00,,,,,,,,,,,,,997.0
232,2021-11-20 04:00:00,,,,,,,,,,,,,997.0
233,2021-11-20 05:00:00,,,,,,,,,,,,,997.0
234,2021-11-20 06:00:00,,,,,,,,,,,,,997.0
235,2021-11-20 07:00:00,,,,,,,,,,,,,997.0
236,2021-11-20 08:00:00,,,,,,,,,,,,,997.0
237,2021-11-20 09:00:00,,,,,,,,,,,,,997.0
238,2021-11-20 10:00:00,,,,,,,,,,,,,997.0
239,2021-11-20 11:00:00,,,,,,,,,,,,,997.0
240,2021-11-20 12:00:00,,,,,,,,,,,,,997.0
241,2021-11-20 13:00:00,,,,,,,,,,,,,997.0
242,2021-11-20 14:00:00,,,,,,,,,,,,,997.0
243,2021-11-20 15:00:00,,,,,,,,,,,,,997.0
244,2021-11-20 16:00:00,,,,,,,,,,,,,997.0
245,2021-11-20 17:00:00,,,,,,,,,,,,,997.0
246,2021-11-20 18:00:00,,,,,,,,,,,,,997.0
247,2021-11-20 19:00:00,,,,,,,,,,,,,997.0
248,2021-11-20 20:00:00,,,,,,,,,,,,,997.0
249,2021-11-20 21:00:00,,,,,,,,,,,,,997.0
250,2021-11-20 22:00:00,,,,,,,,,,,,,997.0
251,2021-11-20 23:00:00,,,,,,,,,,,,,980.3728813559322
252,2021-11-21 00:00:00,,,,,,,,,,,,,888.0
253,2021-11-21 01:00:00,,,,,,,,,,,,,888.0
254,2021-11-21 02:00:00,,,,,,,,,,,,,888.0
255,2021-11-21 03:00:00,,,,,,,,,,,,,888.0
256,2021-11-21 04:00:00,,,,,,,,,,,,,888.0
257,2021-11-21 05:00:00,,,,,,,,,,,,,888.0
258,2021-11-21 06:00:00,,,,,,,,,,,,,888.0
259,2021-11-21 07:00:00,,,,,,,,,,,,,888.0
260,2021-11-21 08:00:00,,,,,,,,,,,,,888.0
261,2021-11-21 09:00:00,,,,,,,,,,,,,888.0
262,2021-11-21 10:00:00,,,,,,,,,,,,,888.0
263,2021-11-21 11:00:00,,,,,,,,,,,,,888.0
264,2021-11-21 12:00:00,,,,,,,,,,,,,888.0
265,2021-11-21 13:00:00,,,,,,,,,,,,,888.0
266,2021-11-21 14:00:00,,,,,,,,,,,,,888.0
267,2021-11-21 15:00:00,,,,,,,,,,,,,888.0
268,2021-11-21 16:00:00,,,,,,,,,,,,,888.0
269,2021-11-21 17:00:00,,,,,,,,,,,,,888.0
270,2021-11-21 18:00:00,,,,,,,,,,,,,888.0
271,2021-11-21 19:00:00,,,,,,,,,,,,,888.0
272,2021-11-21 20:00:00,,,,,,,,,,,,,888.0
273,2021-11-21 21:00:00,,,,,,,,,,,,,888.0
274,2021-11-21 22:00:00,,,,,,,,,,,,,888.0
275,2021-11-21 23:00:00,,,,,,,,,,,,,848.4915254237288
276,2021-11-22 00:00:00,,,,,,,,,,,,,629.0
277,2021-11-22 01:00:00,,,,,,,,,,,,,629.0
278,2021-11-22 02:00:00,,,,,,,,,,,,,629.0
279,2021-11-22 03:00:00,,,,,,,,,,,,,629.0
280,2021-11-22 04:00:00,,,,,,,,,,,,,629.0
281,2021-11-22 05:00:00,,,,,,,,,,,,,629.0
282,2021-11-22 06:00:00,,,,,,,,,,,,,629.0
283,2021-11-22 07:00:00,,,,,,,,,,,,,629.0
284,2021-11-22 08:00:00,,,,,,,,,,,,,629.0
285,2021-11-22 09:00:00,,,,,,,,,,,,,629.0
286,2021-11-22 10:00:00,,,,,,,,,,,,,629.0
287,2021-11-22 11:00:00,,,,,,,,,,,,,629.0
288,2021-11-22 12:00:00,,,,,,,,,,,,,629.0
289,2021-11-22 13:00:00,,,,,,,,,,,,,629.0
290,2021-11-22 14:00:00,,,,,,,,,,,,,629.0
291,2021-11-22 15:00:00,,,,,,,,,,,,,629.0
292,2021-11-22 16:00:00,,,,,,,,,,,,,629.0
293,2021-11-22 17:00:00,,,,,,,,,,,,,629.0
294,2021-11-22 18:00:00,,,,,,,,,,,,,629.0
295,2021-11-22 19:00:00,,,,,,,,,,,,,629.0
296,2021-11-22 20:00:00,,,,,,,,,,,,,629.0
297,2021-11-22 21:00:00,,,,,,,,,,,,,629.0
298,2021-11-22 22:00:00,,,,,,,,,,,,,629.0
299,2021-11-22 23:00:00,,,,,,,,,,,,,631.8983050847457
300,2021-11-23 00:00:00,,,,,,,,,,,,,648.0
301,2021-11-23 01:00:00,,,,,,,,,,,,,648.0
302,2021-11-23 02:00:00,,,,,,,,,,,,,648.0
303,2021-11-23 03:00:00,,,,,,,,,,,,,648.0
304,2021-11-23 04:00:00,,,,,,,,,,,,,648.0
305,2021-11-23 05:00:00,,,,,,,,,,,,,648.0
306,2021-11-23 06:00:00,,,,,,,,,,,,,648.0
307,2021-11-23 07:00:00,,,,,,,,,,,,,648.0
308,2021-11-23 08:00:00,,,,,,,,,,,,,648.0
309,2021-11-23 09:00:00,,,,,,,,,,,,,648.0
310,2021-11-23 10:00:00,,,,,,,,,,,,,648.0
311,2021-11-23 11:00:00,,,,,,,,,,,,,648.0
312,2021-11-23 12:00:00,,,,,,,,,,,,,648.0
313,2021-11-23 13:00:00,,,,,,,,,,,,,648.0
314,2021-11-23 14:00:00,,,,,,,,,,,,,648.0
315,2021-11-23 15:00:00,,,,,,,,,,,,,648.0
316,2021-11-23 16:00:00,,,,,,,,,,,,,648.0
317,2021-11-23 17:00:00,,,,,,,,,,,,,648.0
318,2021-11-23 18:00:00,,,,,,,,,,,,,648.0
319,2021-11-23 19:00:00,,,,,,,,,,,,,648.0
320,2021-11-23 20:00:00,,,,,,,,,,,,,648.0
321,2021-11-23 21:00:00,,,,,,,,,,,,,648.0
322,2021-11-23 22:00:00,,,,,,,,,,,,,648.0
323,2021-11-23 23:00:00,,,,,,,,,,,,,710.3898305084746
324,2021-11-24 00:00:00,,,,,,,,,,,,,1057.0
325,2021-11-24 01:00:00,,,,,,,,,,,,,1057.0
326,2021-11-24 02:00:00,,,,,,,,,,,,,1057.0
327,2021-11-24 03:00:00,,,,,,,,,,,,,1057.0
328,2021-11-24 04:00:00,,,,,,,,,,,,,1057.0
329,2021-11-24 05:00:00,,,,,,,,,,,,,1057.0
330,2021-11-24 06:00:00,,,,,,,,,,,,,1057.0
331,2021-11-24 07:00:00,,,,,,,,,,,,,1057.0
332,2021-11-24 08:00:00,,,,,,,,,,,,,1057.0
333,2021-11-24 09:00:00,,,,,,,,,,,,,1057.0
334,2021-11-24 10:00:00,,,,,,,,,,,,,1057.0
335,2021-11-24 11:00:00,,,,,,,,,,,,,1057.0
336,2021-11-24 12:00:00,,,,,,,,,,,,,1057.0
337,2021-11-24 13:00:00,,,,,,,,,,,,,1057.0
338,2021-11-24 14:00:00,,,,,,,,,,,,,1057.0
339,2021-11-24 15:00:00,,,,,,,,,,,,,1057.0
340,2021-11-24 16:00:00,,,,,,,,,,,,,1057.0
341,2021-11-24 17:00:00,,,,,,,,,,,,,1057.0
342,2021-11-24 18:00:00,,,,,,,,,,,,,1057.0
343,2021-11-24 19:00:00,,,,,,,,,,,,,1057.0
344,2021-11-24 20:00:00,,,,,,,,,,,,,1057.0
345,2021-11-24 21:00:00,,,,,,,,,,,,,1057.0
346,2021-11-24 22:00:00,,,,,,,,,,,,,1057.0
347,2021-11-24 23:00:00,,,,,,,,,,,,,1036.406779661017
348,2021-11-25 00:00:00,,,,,,,,,,,,,922.0
349,2021-11-25 01:00:00,,,,,,,,,,,,,922.0
350,2021-11-25 02:00:00,,,,,,,,,,,,,922.0
351,2021-11-25 03:00:00,,,,,,,,,,,,,922.0
352,2021-11-25 04:00:00,,,,,,,,,,,,,922.0
353,2021-11-25 05:00:00,,,,,,,,,,,,,922.0
354,2021-11-25 06:00:00,,,,,,,,,,,,,922.0
355,2021-11-25 07:00:00,,,,,,,,,,,,,922.0
356,2021-11-25 08:00:00,,,,,,,,,,,,,922.0
357,2021-11-25 09:00:00,,,,,,,,,,,,,922.0
358,2021-11-25 10:00:00,,,,,,,,,,,,,922.0
359,2021-11-25 11:00:00,2.9766905421686745,4.420331024096385,6.173397590361446,6.183487951807229,7.725841939759036,4.170275457831325,14.839231927710845,19.802710843373493,19.714231927710845,357.9879518072289,172.84595728915662,23.537450943775102,922.0
360,2021-11-25 12:00:00,3.02910275862069,4.612000827586208,6.109096551724138,6.161420689655172,7.693911268965517,4.689547172413793,16.92155172413793,21.96939655172413,21.994396551724137,337.6965517241379,175.19280220689657,27.29370829885057,922.0
361,2021-11-25 13:00:00,3.031586481481481,4.668262654320988,6.098407407407407,6.171469135802469,7.694893370370371,5.033106895061729,18.959104938271604,23.742283950617285,23.64699074074074,308.179012345679,248.8952,29.462780061728395,922.0
362,2021-11-25 14:00:00,3.022580422535212,4.66755514084507,6.123267605633803,6.183978873239437,7.625981492957747,5.201992845070423,20.528609154929576,24.231954225352112,24.26848591549296,308.4577464788732,184.8724609154929,28.690412370892023,922.0
363,2021-11-25 15:00:00,3.096835859872612,4.64735152866242,6.00831847133758,6.188458598726115,7.6326598343949055,5.290321127388535,21.56329617834395,24.02388535031848,24.232085987261147,296.94267515923565,51.34694095541401,26.484211295116776,922.0
364,2021-11-25 16:00:00,3.011586328125,4.512817734375,6.044328125,6.2126953125,7.5215313671875,1.4414711015625,21.9541015625,22.3330078125,22.6162109375,304.609375,13.4936105625,22.272278046875,922.0
365,2021-11-25 17:00:00,2.796923722627737,4.217510218978102,6.113919708029197,6.236839416058394,7.465177394160584,1.089881744525547,21.451642335766422,18.7764598540146,19.10903284671533,330.0729927007299,0.0073723941605839,17.784672068126522,922.0
366,2021-11-25 18:00:00,2.555025,3.888012692307692,6.268938461538461,6.274738461538462,7.423110253846153,1.0699646538461538,19.94759615384616,14.81201923076923,15.236538461538462,354.9769230769231,0.0123513,14.111436564102563,922.0
367,2021-11-25 19:00:00,2.465853053435114,3.713525038167939,6.440847328244274,6.305320610687023,7.399322557251908,1.060260786259542,18.41841603053436,12.873091603053435,13.192748091603054,372.51145038167937,0.0260955877862595,12.615950076335878,922.0
368,2021-11-25 20:00:00,2.4407437579617834,3.630833757961783,6.502292993630573,6.32023566878981,7.3848204522293,1.0573746815286624,16.843550955414013,12.224124203821656,12.451035031847134,392.49044585987264,0.0085776433121019,12.943127494692144,922.0
369,2021-11-25 21:00:00,2.4576118064516126,3.634452451612904,6.551729032258065,6.320432258064517,7.370617645161291,1.0543683677419355,15.625403225806451,12.416532258064516,12.558870967741935,411.7935483870968,0.0038429161290322,13.346969827956988,922.0
370,2021-11-25 22:00:00,2.4490974125874128,3.633844055944056,6.544496503496503,6.322853146853147,7.350716230769231,1.0514814895104896,14.716783216783217,12.356643356643357,12.501748251748252,428.8041958041958,0.0166615734265734,13.257458275058276,922.0
371,2021-11-25 23:00:00,2.4529457251908395,3.64295427480916,6.5580152671755725,6.323908396946565,7.331502557251908,1.050415213740458,14.064885496183209,12.530534351145038,12.63692748091603,443.618320610687,0.0187809083969465,13.678251017811704,926.5762711864406
372,2021-11-26 00:00:00,2.466961463414634,3.681085914634146,6.596621951219512,6.323682926829268,7.31430031707317,1.0485713475609757,13.618521341463415,12.954649390243905,13.03467987804878,460.3231707317073,0.0145280914634146,14.137188475609756,952.0
373,2021-11-26 01:00:00,2.4670861475409835,3.6911387704918033,6.605065573770491,6.325385245901639,7.29444705737705,1.0463620163934426,13.324795081967212,13.00922131147541,13.122438524590164,475.37704918032784,0.0159208360655737,14.061175136612022,952.0
374,2021-11-26 02:00:00,2.463183703703704,3.6908864444444447,6.634422222222223,6.325325925925926,7.276351051851852,1.0444275777777778,13.10324074074074,12.999074074074072,13.10138888888889,490.3333333333333,0.0092081407407407,14.001218419753087,952.0
375,2021-11-26 03:00:00,2.4598853594771244,3.693035098039216,6.674156862745098,6.325398692810457,7.258381405228758,1.0422021960784316,12.928513071895424,12.993464052287582,13.121323529411764,502.9477124183006,0.0242052156862745,14.008840217864924,952.0
376,2021-11-26 04:00:00,2.447912553191489,3.685203120567376,6.704595744680851,6.324971631205674,7.240264425531915,1.0395777943262412,12.773936170212766,12.847517730496454,12.979166666666666,514.950354609929,0.0121224255319148,13.730193144208036,952.0
377,2021-11-26 05:00:00,2.438358662790698,3.671872034883721,6.693668604651163,6.325389534883722,7.2230565,1.0372871453488373,12.61845930232558,12.672238372093023,12.805595930232558,527.5348837209302,0.0082813081395348,13.591036356589148,952.0
378,2021-11-26 06:00:00,2.43573524590164,3.6689868032786888,6.695819672131147,6.324196721311475,7.205501663934426,1.035438975409836,12.48002049180328,12.65420081967213,12.787397540983608,540.6147540983607,0.0072174426229508,13.72982368852459,952.0
379,2021-11-26 07:00:00,2.4072498529411765,3.639539338235294,6.734088235294117,6.327911764705882,7.176513,1.0332445220588236,12.305147058823527,12.161305147058824,12.3671875,551.375,0.0169478823529411,13.112195245098038,952.0
380,2021-11-26 08:00:00,2.455216142857142,3.697519357142857,6.738221428571428,6.3201,7.146577364285714,1.0346849714285715,12.271875,13.047767857142857,13.115625,556.4,9.708194464285716,15.08707961904762,952.0
381,2021-11-26 09:00:00,2.5628825157232704,3.83992213836478,6.579610062893081,6.310182389937107,7.345460666666666,1.03822106918239,12.672169811320757,14.862028301886792,14.767688679245284,489.7547169811321,73.92609955974844,18.672417295597484,952.0
382,2021-11-26 10:00:00,2.711622060606061,4.049533454545454,6.164709090909091,6.270230303030303,7.644564593939394,1.1161201818181818,13.442424242424243,17.038636363636364,16.838257575757577,379.7636363636364,71.72821236363636,21.14097955555556,952.0
383,2021-11-26 11:00:00,2.947751292517007,4.186574965986394,6.088612244897959,6.234727891156463,7.633005414965986,1.5203795102040816,15.014030612244898,19.941326530612244,19.682397959183675,336.0204081632653,184.4312149659864,24.453841315192744,952.0
384,2021-11-26 12:00:00,3.070099577464789,4.280876478873239,6.078105633802817,6.225169014084507,7.647073077464789,1.9333985070422537,17.023767605633804,22.205105633802816,22.097271126760564,297.72535211267603,213.98552112676057,28.089576384976525,952.0
385,2021-11-26 13:00:00,3.1934332624113475,4.354820070921986,6.030326241134752,6.209127659574468,7.649515702127659,2.3425239148936168,19.37455673758865,24.13962765957447,24.05053191489361,294.0567375886525,290.3467716312057,30.116124799054376,952.0
386,2021-11-26 14:00:00,3.2332861702127658,4.369753262411348,6.043340425531915,6.211624113475177,7.589851212765957,2.5913846382978725,21.027482269503547,24.50044326241135,24.493351063829788,288.3829787234043,201.974900070922,28.796966855791965,952.0
387,2021-11-26 15:00:00,3.174275114503817,4.3171929770992366,6.145977099236641,6.2327709923664125,7.503573694656489,2.694890595419847,21.90601145038168,23.481393129771,23.8263358778626,295.40458015267177,50.51531954198474,25.06562954198473,952.0
388,2021-11-26 16:00:00,3.003985035971223,4.130806474820144,6.278553956834533,6.273719424460432,7.386672244604317,2.6812055755395683,21.912769784172664,20.975269784172664,21.389838129496404,312.41007194244605,13.325117280575538,20.231543429256597,
389,2021-11-26 17:00:00,2.7949592366412213,3.8582170229007633,6.346083969465648,6.2976106870229005,7.333044129770992,2.65505420610687,21.06679389312977,17.33635496183206,17.924141221374047,338.7557251908397,0.0061285114503816,16.380053816793893,952.0
390,2021-11-26 18:00:00,2.623247755102041,3.6057623809523807,6.374299319727892,6.331292517006803,7.289045986394558,2.633350768707482,19.56930272108844,14.225340136054422,14.749149659863946,360.6530612244898,0.0040520544217687,13.514515804988662,952.0
391,2021-11-26 19:00:00,2.523202152777778,3.4390942361111114,6.445180555555556,6.360048611111111,7.260540951388888,2.620183618055556,17.877604166666668,12.307725694444445,12.68793402777778,378.78472222222223,0.0079132430555555,12.070366597222224,952.0
392,2021-11-26 20:00:00,2.4773420394736845,3.346928815789474,6.497203947368422,6.377953947368421,7.2355762105263155,2.615437138157895,16.25699013157895,11.300986842105264,11.600740131578949,394.8684210526316,0.0086894342105263,11.46506254385965,952.0
393,2021-11-26 21:00:00,2.4863784722222224,3.336645208333333,6.553298611111111,6.385451388888889,7.216164534722221,2.616240715277778,14.91362847222222,11.426649305555555,11.59418402777778,413.7013888888889,0.0133086388888888,12.30676111111111,952.0
394,2021-11-26 22:00:00,2.5424683333333333,3.3995647333333334,6.604526666666667,6.381873333333333,7.20186918,2.61616928,14.07375,12.336666666666666,12.36375,432.1933333333333,0.01415752,13.7072198,952.0
395,2021-11-26 23:00:00,2.5521416,3.4224654,6.5962266666666665,6.38402,7.18502318,2.613742653333333,13.59375,12.529583333333331,12.607083333333334,447.76666666666665,0.00742406,13.5311144,806.7796610169491
396,2021-11-27 00:00:00,2.540294081632653,3.416155238095238,6.604965986394558,6.386278911564626,7.167500517006802,2.611414285714286,13.168792517006803,12.398809523809524,12.501700680272108,463.1088435374149,0.0022902925170068,13.382766938775507,0.0
397,2021-11-27 01:00:00,2.539290869565217,3.4159613043478263,6.637188405797102,6.38759420289855,7.1560245217391305,2.609456652173913,12.928442028985508,12.397644927536232,12.493659420289855,474.768115942029,0.0116352898550724,13.42531657004831,0.0
398,2021-11-27 02:00:00,,,,,,,,,,,,,0.0
399,2021-11-27 03:00:00,,,,,,,,,,,,,0.0
400,2021-11-27 04:00:00,,,,,,,,,,,,,0.0
401,2021-11-27 05:00:00,,,,,,,,,,,,,0.0
402,2021-11-27 06:00:00,,,,,,,,,,,,,0.0
403,2021-11-27 07:00:00,,,,,,,,,,,,,0.0
404,2021-11-27 08:00:00,,,,,,,,,,,,,0.0
405,2021-11-27 09:00:00,,,,,,,,,,,,,0.0
406,2021-11-27 10:00:00,,,,,,,,,,,,,0.0
413,2021-11-27 17:00:00,,,,,,,,,,,,,0.0
414,2021-11-27 18:00:00,,,,,,,,,,,,,0.0
415,2021-11-27 19:00:00,,,,,,,,,,,,,0.0
416,2021-11-27 20:00:00,,,,,,,,,,,,,0.0
417,2021-11-27 21:00:00,,,,,,,,,,,,,0.0
418,2021-11-27 22:00:00,,,,,,,,,,,,,0.0
419,2021-11-27 23:00:00,,,,,,,,,,,,,0.0
420,2021-11-28 00:00:00,,,,,,,,,,,,,0.0
421,2021-11-28 01:00:00,,,,,,,,,,,,,0.0
422,2021-11-28 02:00:00,,,,,,,,,,,,,0.0
423,2021-11-28 03:00:00,,,,,,,,,,,,,0.0
424,2021-11-28 04:00:00,,,,,,,,,,,,,0.0
425,2021-11-28 05:00:00,,,,,,,,,,,,,0.0
426,2021-11-28 06:00:00,,,,,,,,,,,,,0.0
427,2021-11-28 07:00:00,,,,,,,,,,,,,0.0
428,2021-11-28 08:00:00,,,,,,,,,,,,,0.0
429,2021-11-28 09:00:00,2.649895657894737,3.542158026315789,6.501881578947368,6.427078947368422,7.397927263157895,3.9984636184210527,11.291940789473683,13.749177631578949,13.389802631578949,521.2763157894736,69.60978342105263,18.192039385964915,0.0
430,2021-11-28 10:00:00,2.758291935483871,3.692316580645161,6.225451612903226,6.412509677419354,7.616871451612902,4.000193103225807,11.957258064516129,15.397983870967742,15.129435483870967,416.0709677419355,74.71341296774193,20.805032795698924,0.0
431,2021-11-28 11:00:00,2.924721712328767,4.059135342465753,6.149102739726027,6.328260273972603,7.770775821917807,4.310410589041096,13.404965753424657,18.43535958904109,18.17251712328768,342.7260273972603,182.3816451369863,24.670633995433796,0.0
432,2021-11-28 12:00:00,3.023081677852349,4.259401744966443,6.089194630872483,6.315785234899329,7.745048281879194,4.743490865771812,15.654781879194632,20.824244966442954,20.64890939597316,336.5973154362416,198.8815536912752,27.19665210290828,0.0
433,2021-11-28 13:00:00,3.1437665333333333,4.334960266666667,6.043266666666667,6.296193333333333,7.705622433333333,5.10072554,17.875416666666666,22.758333333333333,22.542916666666667,308.68666666666667,286.4621,29.97041391111111,0.0
434,2021-11-28 14:00:00,3.209681437908497,4.397276797385621,6.063862745098039,6.28259477124183,7.708022437908496,5.379205535947713,19.74019607843137,24.05923202614379,23.93014705882353,302.81045751633985,201.3836980392157,29.08728760348584,0.0
435,2021-11-28 15:00:00,3.1686926490066227,4.359268145695364,5.964238410596026,6.288682119205298,7.679251741721855,5.56451655629139,20.89072847682119,23.496274834437084,23.623344370860927,307.5430463576159,30.569116291390728,25.026506865342167,0.0
436,2021-11-28 16:00:00,2.952291428571429,4.173214736842105,6.122586466165413,6.339233082706767,7.579298210526315,5.553947413533835,21.086936090225564,20.69830827067669,21.205357142857142,312.187969924812,13.764826421052632,20.31086022556391,0.0
437,2021-11-28 17:00:00,2.7615910489510487,3.893051468531469,6.1890979020979024,6.366615384615385,7.526791412587412,5.522539965034965,20.3631993006993,17.049388111888113,17.607517482517483,332.0769230769231,0.0092363146853146,16.224768438228438,0.0
438,2021-11-28 18:00:00,2.637815731707317,3.671623231707317,6.262646341463415,6.40564024390244,7.502472774390244,5.503876445121951,19.103658536585368,14.438643292682928,14.94092987804878,356.4024390243902,0.0048953353658536,14.257956036585368,0.0
439,2021-11-28 19:00:00,2.6154802666666668,3.584509333333333,6.382913333333334,6.43052,7.488696006666667,5.495004793333333,17.725,13.65875,13.910416666666666,379.9,0.0077693733333333,14.0464878,0.0
440,2021-11-28 20:00:00,2.5773948062015504,3.5276510852713177,6.409852713178294,6.443643410852713,7.470644837209302,5.4870434108527135,16.539244186046513,13.000484496124033,13.156492248062015,400.1085271317829,0.0118447829457364,13.50252550387597,0.0
441,2021-11-28 21:00:00,2.552486346153846,3.4882403205128205,6.439557692307693,6.453192307692308,7.44933441025641,5.48217983974359,15.55048076923077,12.591346153846152,12.715544871794872,418.4038461538461,0.0109567948717948,13.288648269230768,0.0
442,2021-11-28 22:00:00,2.535646129032258,3.466124193548387,6.49421935483871,6.455032258064516,7.429944122580645,5.479045238709678,14.649193548387096,12.336693548387096,12.50241935483871,436.7032258064516,0.0193816580645161,13.163025720430108,0.0
443,2021-11-28 23:00:00,2.52690921875,3.45885265625,6.5413203125,6.4571796875,7.411607953125,5.4777899296875,13.95458984375,12.2236328125,12.4423828125,453.4765625,0.0214467109375,13.121880833333334,0.0
444,2021-11-29 00:00:00,2.520195588235294,3.4536655147058823,6.589294117647059,6.461588235294117,7.391603779411764,5.476373625,13.394761029411764,12.178308823529411,12.400735294117649,469.4264705882353,0.0078074632352941,13.128850710784311,0.0
445,2021-11-29 01:00:00,2.5110259285714287,3.4469217857142858,6.6115,6.465214285714286,7.372002871428572,5.474391157142857,12.947321428571428,12.085267857142858,12.275892857142855,484.6857142857143,0.0231231142857142,12.969138,0.0
446,2021-11-29 02:00:00,2.5088731012658227,3.4490358227848104,6.64326582278481,6.462335443037975,7.352467689873418,5.472824860759493,12.584256329113924,12.09889240506329,12.302610759493673,499.373417721519,0.0104902848101265,13.018541012658227,0.0
447,2021-11-29 03:00:00,2.504660802469136,3.445457777777778,6.644462962962964,6.468283950617284,7.330516185185185,5.471622209876543,12.275462962962964,12.051697530864198,12.24266975308642,513.2283950617284,0.008153037037037,13.071870534979425,0.0
448,2021-11-29 04:00:00,2.503272993197279,3.4477703401360547,6.650863945578231,6.471278911564626,7.313523945578231,5.468834238095238,12.068027210884354,12.023809523809524,12.234268707482991,526.5102040816327,0.0112752721088435,12.920396235827663,0.0
449,2021-11-29 05:00:00,2.493720328947368,3.435771710526316,6.644822368421053,6.472901315789474,7.292673552631579,5.467228434210527,11.856496710526317,11.859786184210526,12.07483552631579,540.2697368421053,0.0175492368421052,12.85451129385965,0.0
450,2021-11-29 06:00:00,2.506518311688312,3.452273896103896,6.661136363636364,6.470188311688312,7.271543071428571,5.466252305194805,11.71185064935065,12.11323051948052,12.290584415584416,554.6688311688312,0.0164804805194805,13.363257792207792,0.0
451,2021-11-29 07:00:00,2.505008939393939,3.457850075757576,6.660840909090909,6.471484848484849,7.248319446969697,5.4647000075757575,11.628314393939394,12.102746212121213,12.34564393939394,568.2878787878788,0.0105945909090909,13.31978606060606,0.0
452,2021-11-29 08:00:00,2.5412175,3.498478375,6.661037500000001,6.46905,7.2169832375,5.46507104375,11.659375,12.73359375,12.793359375,571.425,6.96361914375,14.613230458333332,0.0
453,2021-11-29 09:00:00,2.638162988505748,3.618372586206896,6.577109195402298,6.455706896551724,7.341344695402299,5.467582563218391,12.097341954022989,14.44073275862069,14.255387931034482,506.5977011494253,66.64301264367816,18.36451425287356,0.0
454,2021-11-29 10:00:00,2.763397350993378,3.831465430463577,6.214450331125828,6.406947019867549,7.653057178807948,5.486075523178808,12.978476821192054,16.4635761589404,16.229718543046356,390.0198675496689,89.75145774834436,20.887164834437087,0.0
455,2021-11-29 11:00:00,2.970133381294964,4.1259178417266185,6.031244604316546,6.36231654676259,7.766909388489208,5.798243244604317,14.393884892086332,19.44469424460432,19.12589928057554,346.2517985611511,212.4281049640288,24.48218486810552,0.0
456,2021-11-29 12:00:00,3.1109431506849314,4.269956095890411,6.027568493150685,6.347979452054794,7.744376636986301,6.216229047945205,16.544948630136986,21.81378424657534,21.555650684931507,311.7739726027397,169.15899561643838,26.823308538812785,0.0
457,2021-11-29 13:00:00,3.136136,4.26321023076923,5.999092307692307,6.357030769230769,7.669664276923077,6.554249969230769,18.497115384615384,22.410096153846155,22.267788461538466,352.9153846153846,293.1234892307692,27.14938046153846,
458,2021-11-29 14:00:00,3.137873237410072,4.203137410071943,6.1086834532374095,6.354086330935251,7.652248107913669,6.77894245323741,19.89838129496403,22.1726618705036,22.03956834532374,338.80575539568343,158.68550978417267,26.21800889688249,
459,2021-11-29 15:00:00,3.131892808219178,4.198956301369863,6.097965753424657,6.350102739726028,7.676051664383563,6.947550726027397,20.60316780821918,22.034246575342465,22.19777397260274,319.97945205479454,39.344749986301366,25.020005684931505,
460,2021-11-29 16:00:00,3.077838269230769,4.149994038461538,6.238416666666667,6.37951282051282,7.575493801282052,6.954104750000001,20.868189102564106,21.28125,21.50761217948718,330.65384615384613,9.267294903846151,21.86932205128205,
461,2021-11-29 17:00:00,2.876671224489796,3.947089591836735,6.259673469387756,6.410653061224489,7.528454115646259,6.934602088435375,20.43154761904762,18.23937074829932,18.86777210884354,368.06802721088434,0.0193793809523809,17.40781811791383,
462,2021-11-29 18:00:00,2.729298686131387,3.7496265693430657,6.394350364963503,6.4332700729927,7.4905699270073,6.919084992700729,19.451186131386866,15.838047445255476,16.416514598540147,390.8029197080292,0.0120982919708029,15.210741386861317,
463,2021-11-29 19:00:00,2.6930196598639458,3.662822176870748,6.470054421768707,6.452687074829932,7.47048649659864,6.912150306122449,18.312925170068027,15.105442176870747,15.518707482993197,416.2789115646258,0.0169129183673469,15.20756378684807,
464,2021-11-29 20:00:00,2.657894379562044,3.616386642335767,6.540671532846716,6.462956204379561,7.452343832116788,6.905888897810219,17.353102189781023,14.514142335766424,14.947080291970805,437.0,0.0117202189781021,14.66330189781022,
465,2021-11-29 21:00:00,2.61510338028169,3.566289647887324,6.549288732394366,6.480992957746479,7.434590415492958,6.900813915492957,16.492077464788732,13.852992957746478,14.30149647887324,454.725352112676,0.0120370492957746,13.983491971830986,
466,2021-11-29 22:00:00,2.5707952413793103,3.5104559310344827,6.578448275862069,6.49303448275862,7.420190820689655,6.896775503448276,15.648275862068964,13.10344827586207,13.57801724137931,470.2206896551724,0.0116093999999999,13.14454296551724,
467,2021-11-29 23:00:00,2.517241020408163,3.442253129251701,6.605979591836735,6.503394557823129,7.403992510204082,6.893072074829933,14.750425170068027,12.20875850340136,12.691751700680271,486.8299319727891,0.0192032176870748,12.224693038548752,
468,2021-11-30 00:00:00,2.486410704225352,3.3934920422535213,6.621492957746479,6.515450704225352,7.384329147887323,6.890056676056338,13.972271126760564,11.661531690140846,12.088028169014084,499.056338028169,0.0165965352112676,11.898296737089202,
469,2021-11-30 01:00:00,2.4666900621118013,3.3625572670807453,6.636987577639752,6.524745341614906,7.372116838509316,6.887430596273292,13.25776397515528,11.282996894409935,11.722049689440992,511.1925465838509,0.014959652173913,11.583959689440992,
470,2021-11-30 02:00:00,2.438339872611465,3.322740063694268,6.647866242038216,6.531114649681529,7.359301025477707,6.8846865668789805,12.579617834394904,10.73686305732484,11.185509554140127,520.8216560509554,0.0107220573248407,10.94305585774947,
471,2021-11-30 03:00:00,2.4130453289473683,3.289070592105263,6.651519736842105,6.537177631578947,7.34473672368421,6.882194730263159,11.94407894736842,10.335115131578949,10.75452302631579,532.5065789473684,0.0131193355263157,10.618113359649122,
472,2021-11-30 04:00:00,2.4000065060240963,3.2694763855421685,6.656746987951808,6.539084337349398,7.333602927710843,6.880494674698795,11.489457831325302,10.102409638554215,10.498493975903614,540.9036144578313,0.0162251807228915,10.450556080321284,
984,2021-12-21 12:00:00,2.92719,4.8261666666666665,6.166999999999999,7.018000000000001,7.949138333333333,1.0701783333333337,14.354166666666666,19.541666666666668,19.166666666666668,320.0,180.6205,24.88499555555556,
