time,EC급액,EC배액,pH급액,pH배액,저울급액,저울배액,온도토양,온도급액,온도배액,내부이산화탄소,내부광량,내부PT100온도센서1번건구,내부PT100온도센서2번습구,내부PT100온도센서3번,내부PT100센서를이용한계산습도
2021-11-10 12,3.134467284768212,5.3452759602649005,6.111364238410596,5.5318079470198676,8.361795821192054,0.0026935231788079474,17.193708609271525,18.699917218543046,18.799668874172184,356.13907284768214,34.536123649006626,22.26439119205298,20.36485430463576,19.497797417218543,89.01099629139073
2021-11-10 13,3.1492355555555553,5.400006666666666,6.116659722222222,5.524145833333333,8.150847256944445,0.0004765643433680556,17.671006944444443,19.032552083333332,19.03472222222222,306.43055555555554,93.80737645833334,22.010089236111114,20.185340902777778,21.256055694444445,89.40860368055556
2021-11-10 14,3.2156669047619046,5.710989880952381,6.044505952380952,5.486428571428571,8.16994675,0.0004770304674642857,18.52827380952381,20.564732142857142,20.561755952380953,226.48809523809524,95.53469803571429,24.600205238095235,22.47406607142857,24.067567202380953,87.98311208333332
2021-11-10 15,3.269514295302013,5.767595503355705,6.0228187919463085,5.522604026845638,8.284692020134228,0.23361515436241612,20.0876677852349,21.296979865771814,21.19756711409396,180.88590604026845,66.64518290604026,24.469770738255033,22.252150067114094,22.435387651006714,87.47549308724832
2021-11-10 16,3.140324013605442,5.639354897959184,6.027748299319728,5.574040816326531,8.211208768707483,0.37997040816326527,19.82908163265306,19.525085034013607,19.8656462585034,194.61904761904762,6.4730635170068025,21.1217606122449,19.338881020408163,17.82191857142857,89.5684674829932
2021-11-10 17,2.9246684105960266,5.288130331125828,6.132682119205298,5.617900662251656,8.15304982781457,0.37054387417218543,18.762831125827816,16.120860927152318,16.56498344370861,227.46357615894038,0.008232443708609271,16.890155364238414,15.398996225165563,14.101413642384104,90.93678105960265
2021-11-10 18,2.7977058641975305,5.038376543209877,6.232438271604938,5.646512345679012,8.11265101851852,0.36521143209876544,17.512345679012345,13.987268518518519,14.300154320987655,258.5617283950617,0.005595228395061729,15.237055802469136,14.043019012345678,12.73893512345679,92.58857827160493
2021-11-10 19,2.7346495061728393,4.894395987654321,6.2971049382716044,5.667234567901234,8.083808475308642,0.3623901975308642,16.260416666666668,12.88966049382716,13.080632716049383,288.9753086419753,0.0003197283950617284,14.412478209876543,13.36916438271605,12.249483271604939,93.45507339506173
2021-11-10 20,2.7162738607594936,4.847255063291139,6.350246835443039,5.679873417721518,8.060173183544304,0.36153451898734174,15.236946202531646,12.632120253164556,12.74248417721519,312.63291139240505,0.013604588607594937,14.441813037974685,13.488909683544303,12.63328917721519,94.00747537974684
2021-11-10 21,2.711440909090909,4.83265916083916,6.393314685314685,5.691300699300699,8.038214174825175,0.3607430839160839,14.444055944055943,12.58784965034965,12.658216783216783,336.74825174825173,0.007968587412587413,14.434726993006992,13.471709020979022,12.61309937062937,93.94524713286714
2021-11-10 22,2.712395394736842,4.845523289473684,6.409861842105263,5.700934210526316,8.01721355263158,0.3603416052631579,13.885690789473685,12.73108552631579,12.832236842105264,357.3355263157895,0.015504657894736843,14.745725394736843,13.78513480263158,13.108066513157894,93.97424460526315
2021-11-10 23,2.714653178807947,4.857507549668874,6.418443708609272,5.705900662251656,7.99562582781457,0.3596045231788079,13.493791390728477,12.848096026490067,12.935430463576159,376.50331125827813,0.011662622516556292,14.853756754966886,13.877793443708612,12.978855562913907,93.88539046357616
2021-11-11 00,2.714083716216216,4.865907567567567,6.454087837837838,5.710155405405405,7.9750126013513505,0.35831595270270267,13.198057432432432,12.901182432432432,12.983108108108109,393.36486486486484,0.011549054054054054,14.89399222972973,13.916758108108107,13.018878581081081,93.8795262162162
2021-11-11 01,2.707751232876712,4.8602111643835615,6.476506849315069,5.715520547945205,7.953993842465754,0.3577021780821918,12.92123287671233,12.819349315068493,12.852739726027398,410.2260273972603,0.015787075342465755,14.619882602739727,13.659815205479452,12.819666438356164,93.97180582191781
2021-11-11 02,2.6997304,4.858965866666667,6.50732,5.71928,7.94090304,0.35634602666666665,12.759166666666667,12.743333333333334,12.813333333333333,421.0,0.0024171333333333333,14.6309272,13.637789733333333,12.555612266666667,93.77036613333334
2021-11-11 15,3.395675308641975,5.9623938271604935,5.941246913580247,5.741123456790124,8.250128209876543,1.2241823580246913,22.675154320987655,23.304783950617285,23.494598765432098,178.03703703703704,55.62259543209876,25.910969753086423,23.61386802469136,23.428943456790122,87.18297679012345
2021-11-11 16,3.3168994736842103,5.8154354385964915,5.940573099415205,5.765076023391813,8.178521748538012,1.2178258538011697,22.383040935672515,21.672514619883042,22.047149122807017,185.53801169590642,17.446394573099415,23.334318713450294,21.34685842105263,20.35337789473684,88.61737789473685
2021-11-11 17,3.0651547794117646,5.456309117647059,6.035735294117647,5.800257352941177,8.115009080882354,1.2046061029411763,21.363051470588236,18.186580882352942,18.72104779411765,217.9558823529412,0.018471294117647058,18.910545220588237,17.304039411764705,16.288196838235294,90.41992242647059
2021-11-11 18,2.8870319161676647,5.1706799401197605,6.247209580838324,5.827233532934132,8.075134580838323,1.1961303832335328,19.942739520958085,15.69124251497006,16.17252994011976,246.8622754491018,0.010390173652694611,16.546380179640718,15.247497964071856,14.096094610778442,92.03843550898203
2021-11-11 19,2.7993697902097905,5.002900769230769,6.329979020979021,5.843258741258741,8.04531313986014,1.192760853146853,18.469842657342657,14.388548951048952,14.728583916083917,274.7762237762238,0.0014488321678321678,15.581595244755244,14.5054772027972,13.68300986013986,93.31423972027972
2021-11-11 20,2.7850771328671327,4.94927034965035,6.404251748251748,5.85595104895105,8.020544482517483,1.1910774405594404,17.32867132867133,14.054632867132867,14.280594405594405,301.05594405594405,0.007063062937062938,15.603050979020978,14.586604335664335,13.902986573426574,93.67497783216783
2021-11-11 21,2.7586462585034015,4.910200952380952,6.427210884353741,5.85691156462585,7.998581380952381,1.188623925170068,16.395833333333332,13.703656462585034,13.90688775510204,323.2244897959184,0.02008408163265306,15.32877680272109,14.249130816326531,13.552396734693879,93.27995653061224
2021-11-11 22,2.7139743046357614,4.852669602649007,6.462099337748344,5.868543046357615,7.9745103973509925,1.1851763642384108,15.497930463576159,13.09975165562914,13.331125827814569,343.887417218543,0.010119039735099339,14.811306357615893,13.742319470198675,12.847202251655629,93.31901390728477
2021-11-11 23,2.6830604895104897,4.799993496503497,6.504797202797203,5.876608391608392,7.951643048951048,1.183103041958042,14.730332167832168,12.711101398601398,12.853146853146853,361.9300699300699,0.008874097902097903,14.45757951048951,13.434053216783218,12.746808321678321,93.5776572027972
2021-11-12 00,2.669535111111111,4.781838592592593,6.53805925925926,5.880274074074074,7.927371814814815,1.1814458592592594,14.040740740740741,12.526388888888889,12.685648148148148,379.27407407407406,0.0011510222222222222,14.326482518518517,13.260819925925928,12.314963259259258,93.31441718518518
2021-11-12 01,2.6536795302013423,4.759378120805369,6.568268456375839,5.882973154362416,7.906556315436241,1.1803714161073824,13.516778523489933,12.351090604026846,12.49496644295302,395.6442953020134,0.013383469798657718,14.147309060402685,13.138460604026845,12.507157852348994,93.65182140939598
2021-11-12 02,2.6493043790849673,4.759624836601308,6.594549019607843,5.88537908496732,7.881037647058823,1.1788247777777776,13.080473856209151,12.334558823529411,12.477124183006536,411.8627450980392,0.010494568627450981,14.17692202614379,13.154112810457516,12.331423594771241,93.56803379084968
2021-11-12 03,2.6432363513513515,4.748308243243244,6.6048243243243245,5.887148648648648,7.859373621621622,1.1776769256756758,12.722128378378379,12.25929054054054,12.400337837837839,427.5135135135135,0.016798635135135135,14.07806668918919,13.117941351351352,12.697850540540541,93.94666081081081
2021-11-12 04,2.6510349681528664,4.766694904458598,6.620904458598726,5.887261146496815,7.832574095541401,1.1761860318471338,12.492436305732484,12.414410828025478,12.517914012738853,439.81528662420385,0.016000611464968152,14.358357388535033,13.372664840764333,12.40663101910828,93.80325713375797
2021-11-12 05,2.648000205479452,4.76518102739726,6.634034246575342,5.88945205479452,7.808790219178083,1.1746066506849315,12.300085616438356,12.38484589041096,12.480736301369863,453.6986301369863,0.008691753424657535,14.290255547945204,13.299842739726026,12.468366164383562,93.7711345890411
2021-11-12 06,2.651507973856209,4.775017450980393,6.637281045751634,5.890039215686275,7.782555928104575,1.1732418954248367,12.161764705882353,12.471813725490197,12.558006535947712,468.640522875817,0.008463366013071894,14.49013248366013,13.51912522875817,12.927200718954248,93.89919725490196
2021-11-12 07,2.6687516783216783,4.807096713286714,6.646895104895105,5.883195804195805,7.756224692307693,1.1730087762237762,12.150786713286713,12.803758741258742,12.848776223776223,484.3006993006993,1.5225425104895105,15.014638111888111,14.098479510489511,13.844589370629372,94.25698216783216
2021-11-12 08,2.728094025974026,4.90851961038961,6.643415584415584,5.870811688311688,7.717233948051949,1.1737655324675325,12.415584415584416,13.783279220779221,13.726055194805195,473.0974025974026,24.52311688961039,16.939514545454543,15.989984675324676,16.046427597402595,94.13887967532467
2021-11-12 09,2.833914666666667,5.083508,6.35582962962963,5.86397037037037,8.028378103703703,1.1757023555555557,14.403703703703703,15.622685185185185,15.298148148148147,395.7111111111111,101.67377533333334,20.561178444444444,18.895718074074075,19.821225851851853,90.21028
2021-11-12 10,2.9579324731182797,5.326913333333334,6.076204301075268,5.830677419354839,8.270970537634408,1.1776162150537635,16.894489247311828,17.831317204301076,17.304435483870968,335.5698924731183,74.6563805376344,23.559459784946235,21.26103806451613,22.654315698924734,86.9695070967742
2021-11-25 11,2.9766905421686745,4.420331024096385,6.173397590361446,6.183487951807229,7.725841939759036,4.170275457831325,14.839231927710843,19.802710843373493,19.714231927710845,357.9879518072289,172.84595728915662,25.117467409638557,22.82572560240964,22.66915981927711,87.17438644578313
2021-11-25 12,3.02910275862069,4.612000827586208,6.109096551724138,6.161420689655172,7.693911268965517,4.689547172413793,16.92155172413793,21.969396551724138,21.994396551724137,337.6965517241379,175.19280220689657,28.71512979310345,25.41887627586207,27.747118827586206,82.41479572413793
2021-11-25 13,3.0315864814814812,4.668262654320988,6.098407407407407,6.171469135802469,7.694893370370371,5.033106895061729,18.959104938271604,23.742283950617285,23.64699074074074,308.179012345679,248.89520000000002,31.1470275308642,27.478407469135803,29.762905185185186,80.9634849382716
2021-11-25 14,3.0225804225352113,4.66755514084507,6.123267605633803,6.183978873239437,7.625981492957747,5.201992845070423,20.528609154929576,24.231954225352112,24.268485915492956,308.4577464788732,184.87246091549295,30.836039366197184,27.19253753521127,28.042660211267606,80.99847422535211
2021-11-25 15,3.096835859872612,4.64735152866242,6.00831847133758,6.188458598726115,7.6326598343949055,5.290321127388535,21.56329617834395,24.023885350318473,24.232085987261147,296.94267515923565,51.34694095541401,28.304340700636946,25.341929808917197,25.806363375796177,84.03563878980891
2021-11-25 16,3.011586328125,4.512817734375,6.044328125,6.2126953125,7.5215313671875,1.4414711015625,21.9541015625,22.3330078125,22.6162109375,304.609375,13.4936105625,24.119729453125,21.851508515625,20.845596171875002,87.180149140625
2021-11-25 17,2.796923722627737,4.217510218978102,6.113919708029197,6.236839416058394,7.465177394160584,1.0898817445255473,21.451642335766422,18.776459854014597,19.10903284671533,330.0729927007299,0.007372394160583942,19.511452773722628,17.693940583941608,16.14862284671533,89.25757262773722
2021-11-25 18,2.555025,3.8880126923076923,6.268938461538461,6.274738461538462,7.423110253846153,1.0699646538461538,19.947596153846153,14.81201923076923,15.236538461538462,354.9769230769231,0.0123513,15.533715461538462,14.122460153846154,12.678134076923076,91.313714
2021-11-25 19,2.4658530534351146,3.713525038167939,6.440847328244274,6.305320610687023,7.399322557251908,1.060260786259542,18.418416030534353,12.873091603053435,13.192748091603054,372.51145038167937,0.02609558778625954,13.738099312977099,12.615222366412214,11.49452854961832,92.93668297709924
2021-11-25 20,2.4407437579617834,3.630833757961783,6.502292993630573,6.32023566878981,7.3848204522293,1.0573746815286624,16.843550955414013,12.224124203821656,12.451035031847134,392.49044585987264,0.00857764331210191,13.63055566878981,12.692536560509554,12.50629025477707,94.06203006369427
2021-11-25 21,2.4576118064516126,3.6344524516129035,6.551729032258065,6.320432258064517,7.370617645161291,1.0543683677419355,15.625403225806451,12.416532258064516,12.558870967741935,411.7935483870968,0.0038429161290322584,14.123406645161289,13.18240535483871,12.735097483870968,94.0660406451613
2021-11-25 22,2.4490974125874128,3.6338440559440555,6.544496503496503,6.322853146853147,7.350716230769231,1.0514814895104896,14.716783216783217,12.356643356643357,12.501748251748252,428.8041958041958,0.016661573426573425,14.033562587412588,13.083763426573427,12.655048811188811,94.00799251748252
2021-11-25 23,2.4529457251908395,3.6429542748091603,6.5580152671755725,6.323908396946565,7.331502557251908,1.050415213740458,14.064885496183207,12.530534351145038,12.63692748091603,443.618320610687,0.018780908396946565,14.298165038167939,13.405323740458016,13.331264274809161,94.3692279389313
2021-11-26 00,2.466961463414634,3.681085914634146,6.596621951219512,6.323682926829268,7.31430031707317,1.0485713475609755,13.618521341463415,12.954649390243903,13.034679878048781,460.3231707317073,0.014528091463414635,14.920631463414635,13.976010975609755,13.514922987804876,94.07959969512196
2021-11-26 01,2.4670861475409835,3.6911387704918033,6.605065573770491,6.325385245901639,7.29444705737705,1.0463620163934426,13.324795081967213,13.00922131147541,13.122438524590164,475.37704918032784,0.01592083606557377,14.872231147540983,13.919418770491804,13.391875491803278,94.02736008196722
2021-11-26 02,2.4631837037037037,3.6908864444444447,6.634422222222223,6.325325925925926,7.276351051851852,1.0444275777777778,13.103240740740741,12.999074074074073,13.10138888888889,490.3333333333333,0.00920814074074074,14.79808274074074,13.859596666666667,13.345975851851852,94.11154185185184
2021-11-26 03,2.4598853594771244,3.6930350980392155,6.674156862745098,6.325398692810457,7.258381405228758,1.0422021960784316,12.928513071895425,12.993464052287582,13.121323529411764,502.9477124183006,0.024205215686274508,14.830237581699347,13.893946862745098,13.302336209150328,94.12632300653594
2021-11-26 04,2.447912553191489,3.685203120567376,6.704595744680851,6.324971631205674,7.240264425531915,1.0395777943262412,12.773936170212766,12.847517730496454,12.979166666666666,514.950354609929,0.012122425531914893,14.578686737588653,13.643868297872341,12.96802439716312,94.12422333333333
2021-11-26 05,2.438358662790698,3.6718720348837213,6.693668604651163,6.325389534883722,7.2230565,1.0372871453488373,12.618459302325581,12.672238372093023,12.805595930232558,527.5348837209302,0.008281308139534883,14.3925236627907,13.482261569767442,12.898323837209302,94.26654604651162
2021-11-26 06,2.4357352459016393,3.6689868032786888,6.695819672131147,6.324196721311475,7.205501663934426,1.035438975409836,12.480020491803279,12.65420081967213,12.787397540983607,540.6147540983607,0.0072174426229508195,14.455944098360655,13.540821721311476,13.192705245901639,94.23969508196721
2021-11-26 07,2.4072498529411765,3.639539338235294,6.734088235294117,6.327911764705882,7.176513,1.0332445220588236,12.305147058823529,12.161305147058824,12.3671875,551.375,0.016947882352941174,13.98129830882353,13.030951029411765,12.324336397058824,94.00386514705882
2021-11-26 08,2.4552161428571426,3.697519357142857,6.738221428571428,6.3201,7.146577364285714,1.0346849714285715,12.271875,13.047767857142857,13.115625,556.4,9.708194464285715,15.694990857142859,14.841426785714287,14.724821214285717,94.66992907142858
2021-11-26 09,2.5628825157232704,3.83992213836478,6.579610062893081,6.310182389937107,7.345460666666666,1.0382210691823899,12.672169811320755,14.862028301886792,14.767688679245284,489.75471698113205,73.92609955974844,19.416403144654087,17.8445093081761,18.756339433962264,90.69281559748428
2021-11-26 10,2.711622060606061,4.049533454545454,6.164709090909091,6.270230303030303,7.644564593939394,1.1161201818181818,13.442424242424243,17.038636363636364,16.838257575757577,379.76363636363635,71.72821236363636,22.163604424242422,19.80090078787879,21.458433454545457,86.48777903030303
2021-11-26 11,2.947751292517007,4.186574965986394,6.088612244897959,6.234727891156463,7.633005414965986,1.5203795102040816,15.014030612244898,19.941326530612244,19.682397959183675,336.0204081632653,184.43121496598638,25.947754217687073,22.741719659863946,24.67205006802721,82.55113585034015
2021-11-26 12,3.070099577464789,4.280876478873239,6.078105633802817,6.225169014084507,7.647073077464789,1.9333985070422537,17.023767605633804,22.205105633802816,22.097271126760564,297.72535211267603,213.98552112676057,29.33401366197183,25.824192887323942,29.1105226056338,81.4443064084507
2021-11-26 13,3.1934332624113475,4.354820070921986,6.030326241134752,6.2091276595744676,7.649515702127659,2.3425239148936168,19.37455673758865,24.13962765957447,24.050531914893618,294.0567375886525,290.3467716312057,32.1005040425532,27.770169574468085,30.477700780141845,77.97537624113475
2021-11-26 14,3.2332861702127658,4.369753262411348,6.043340425531915,6.211624113475177,7.589851212765957,2.5913846382978725,21.027482269503547,24.50044326241135,24.493351063829788,288.3829787234043,201.974900070922,31.151520354609932,27.005034468085107,28.23434574468085,78.69071716312057
2021-11-26 15,3.174275114503817,4.3171929770992366,6.145977099236641,6.2327709923664125,7.503573694656489,2.694890595419847,21.90601145038168,23.481393129770993,23.826335877862597,295.40458015267177,50.51531954198474,27.33378503816794,23.934623435114503,23.928480152671757,81.77141244274809
2021-11-26 16,3.003985035971223,4.130806474820144,6.278553956834533,6.273719424460432,7.386672244604317,2.6812055755395683,21.912769784172664,20.975269784172664,21.389838129496404,312.41007194244605,13.325117280575538,22.200732446043165,19.746225179856115,18.747672661870503,86.00872043165468
2021-11-26 17,2.7949592366412213,3.8582170229007633,6.346083969465648,6.2976106870229005,7.333044129770992,2.65505420610687,21.06679389312977,17.33635496183206,17.924141221374047,338.7557251908397,0.0061285114503816795,17.851125801526717,16.096801908396948,15.192233740458015,89.50033251908397
2021-11-26 18,2.6232477551020406,3.6057623809523807,6.374299319727892,6.331292517006803,7.289045986394558,2.6333507687074826,19.569302721088434,14.225340136054422,14.749149659863946,360.6530612244898,0.004052054421768708,14.92803619047619,13.585702585034014,12.029808639455782,91.68377462585035
2021-11-26 19,2.523202152777778,3.4390942361111114,6.445180555555556,6.360048611111111,7.260540951388888,2.6201836180555556,17.877604166666668,12.307725694444445,12.687934027777779,378.78472222222223,0.007913243055555555,13.130992222222222,12.032212083333333,11.047895486111111,93.05284125
2021-11-26 20,2.4773420394736845,3.346928815789474,6.497203947368422,6.377953947368421,7.2355762105263155,2.615437138157895,16.25699013157895,11.300986842105264,11.600740131578947,394.86842105263156,0.008689434210526316,12.34689552631579,11.408557631578947,10.63973447368421,94.00232138157894
2021-11-26 21,2.4863784722222224,3.336645208333333,6.553298611111111,6.385451388888889,7.216164534722221,2.616240715277778,14.913628472222221,11.426649305555555,11.594184027777779,413.7013888888889,0.013308638888888889,12.875171250000001,11.957805624999999,12.087306458333334,94.15553868055555
2021-11-26 22,2.5424683333333333,3.3995647333333334,6.604526666666667,6.381873333333333,7.20186918,2.61616928,14.07375,12.336666666666666,12.36375,432.1933333333333,0.01415752,14.381368066666667,13.490148399999999,13.250142933333333,94.38386299999999
2021-11-26 23,2.5521416,3.4224654,6.5962266666666665,6.38402,7.18502318,2.6137426533333334,13.59375,12.529583333333333,12.607083333333334,447.76666666666665,0.0074240600000000006,14.380253333333334,13.408564333333334,12.804525533333333,93.88966026666667
2021-11-27 00,2.540294081632653,3.416155238095238,6.604965986394558,6.386278911564626,7.167500517006802,2.611414285714286,13.168792517006803,12.398809523809524,12.501700680272108,463.10884353741494,0.0022902925170068026,14.128017074829932,13.176059659863945,12.844224081632653,93.99902061224489
2021-11-27 01,2.5392908695652174,3.4159613043478263,6.637188405797102,6.38759420289855,7.1560245217391305,2.609456652173913,12.928442028985508,12.397644927536232,12.493659420289855,474.768115942029,0.011635289855072463,14.23340579710145,13.243538115942028,12.799005797101449,93.77172
2021-11-28 09,2.649895657894737,3.5421580263157892,6.501881578947368,6.427078947368422,7.397927263157895,3.9984636184210527,11.291940789473685,13.749177631578947,13.389802631578947,521.2763157894736,69.60978342105263,18.35212960526316,16.959800131578948,19.264188421052634,91.61392907894738
2021-11-28 10,2.758291935483871,3.692316580645161,6.225451612903226,6.412509677419354,7.616871451612902,4.000193103225807,11.957258064516129,15.397983870967742,15.129435483870967,416.0709677419355,74.71341296774193,21.67659309677419,19.774296516129034,20.96420877419355,88.94681787096773
2021-11-28 11,2.924721712328767,4.059135342465753,6.149102739726027,6.328260273972603,7.770775821917807,4.310410589041096,13.404965753424657,18.435359589041095,18.172517123287673,342.7260273972603,182.3816451369863,26.015782191780822,23.32001924657534,24.676100547945207,85.18509890410958
2021-11-28 12,3.023081677852349,4.259401744966443,6.089194630872483,6.315785234899329,7.745048281879194,4.743490865771812,15.654781879194632,20.824244966442954,20.648909395973153,336.5973154362416,198.88155369127517,28.961478926174497,25.070510067114093,27.55796731543624,79.57995651006712
2021-11-28 13,3.1437665333333333,4.334960266666667,6.043266666666667,6.296193333333333,7.705622433333333,5.10072554,17.875416666666666,22.758333333333333,22.542916666666667,308.68666666666667,286.4621,31.631889133333335,27.639890533333332,30.639462066666667,79.45710873333333
2021-11-28 14,3.209681437908497,4.397276797385621,6.063862745098039,6.28259477124183,7.708022437908496,5.379205535947713,19.74019607843137,24.05923202614379,23.93014705882353,302.81045751633985,201.3836980392157,31.381899411764707,27.58678248366013,28.29318091503268,80.34290986928104
2021-11-28 15,3.1686926490066227,4.359268145695364,5.964238410596026,6.288682119205298,7.679251741721855,5.56451655629139,20.89072847682119,23.496274834437084,23.623344370860927,307.5430463576159,30.569116291390728,27.170857483443708,24.334754569536422,23.573908543046358,84.54393271523179
2021-11-28 16,2.952291428571429,4.173214736842105,6.122586466165413,6.339233082706767,7.579298210526315,5.553947413533835,21.086936090225564,20.69830827067669,21.205357142857142,312.187969924812,13.764826421052632,22.032844962406013,20.059483533834587,18.840252180451127,88.59293345864663
2021-11-28 17,2.7615910489510487,3.8930514685314686,6.1890979020979024,6.366615384615385,7.5267914125874125,5.522539965034965,20.3631993006993,17.049388111888113,17.607517482517483,332.0769230769231,0.009236314685314686,17.848506223776223,16.30178853146853,14.524010559440558,90.68515482517483
2021-11-28 18,2.637815731707317,3.671623231707317,6.262646341463415,6.40564024390244,7.502472774390244,5.503876445121951,19.103658536585368,14.438643292682928,14.940929878048781,356.4024390243902,0.004895335365853658,15.296192439024392,14.098151402439024,13.379524268292682,92.57073487804878
2021-11-28 19,2.6154802666666668,3.584509333333333,6.382913333333334,6.43052,7.488696006666667,5.495004793333333,17.725,13.65875,13.910416666666666,379.9,0.007769373333333333,14.967253133333333,13.950416666666667,13.2217936,93.64210353333333
2021-11-28 20,2.5773948062015504,3.5276510852713177,6.409852713178294,6.443643410852713,7.470644837209302,5.4870434108527135,16.539244186046513,13.000484496124031,13.156492248062015,400.1085271317829,0.011844782945736433,14.388836666666666,13.406343333333334,12.712396511627906,93.82413085271317
2021-11-28 21,2.552486346153846,3.4882403205128205,6.439557692307693,6.453192307692308,7.4493344102564105,5.48217983974359,15.55048076923077,12.591346153846153,12.715544871794872,418.40384615384613,0.010956794871794871,14.094653205128205,13.158802371794872,12.612489230769231,94.09641487179488
2021-11-28 22,2.535646129032258,3.466124193548387,6.49421935483871,6.455032258064516,7.429944122580645,5.479045238709678,14.649193548387096,12.336693548387096,12.50241935483871,436.7032258064516,0.019381658064516128,13.939875806451612,12.986579677419355,12.562621677419356,93.98227948387097
2021-11-28 23,2.52690921875,3.45885265625,6.5413203125,6.4571796875,7.411607953125,5.4777899296875,13.95458984375,12.2236328125,12.4423828125,453.4765625,0.0214467109375,13.93436078125,12.996058046875,12.435223671875,94.074250078125
2021-11-29 00,2.520195588235294,3.4536655147058823,6.589294117647059,6.461588235294117,7.391603779411764,5.476373625,13.394761029411764,12.178308823529411,12.400735294117647,469.4264705882353,0.007807463235294117,13.920009485294118,12.998178161764706,12.468364485294117,94.17500176470588
2021-11-29 01,2.5110259285714287,3.4469217857142858,6.6115,6.465214285714286,7.372002871428572,5.474391157142857,12.947321428571428,12.085267857142858,12.275892857142857,484.6857142857143,0.023123114285714286,13.786441071428571,12.849363928571428,12.271609000000002,94.07538799999999
2021-11-29 02,2.5088731012658227,3.4490358227848104,6.64326582278481,6.462335443037975,7.352467689873418,5.472824860759493,12.584256329113924,12.09889240506329,12.302610759493671,499.373417721519,0.010490284810126583,13.852109746835442,12.91103506329114,12.2924782278481,94.05349056962025
2021-11-29 03,2.504660802469136,3.445457777777778,6.6444629629629635,6.468283950617284,7.330516185185185,5.471622209876543,12.275462962962964,12.051697530864198,12.24266975308642,513.2283950617284,0.008153037037037037,13.826340493827159,12.948247469135802,12.44102364197531,94.44032574074075
2021-11-29 04,2.503272993197279,3.4477703401360547,6.650863945578231,6.471278911564626,7.313523945578231,5.468834238095238,12.068027210884354,12.023809523809524,12.234268707482993,526.5102040816327,0.011275272108843538,13.788332653061225,12.840605578231292,12.132250476190476,94.00957700680273
2021-11-29 05,2.493720328947368,3.435771710526316,6.644822368421053,6.472901315789474,7.292673552631579,5.467228434210527,11.856496710526315,11.859786184210526,12.07483552631579,540.2697368421053,0.017549236842105263,13.602164605263157,12.717365855263159,12.244003421052632,94.38948006578947
2021-11-29 06,2.506518311688312,3.452273896103896,6.661136363636364,6.470188311688312,7.271543071428571,5.466252305194805,11.71185064935065,12.113230519480519,12.290584415584416,554.6688311688312,0.01648048051948052,14.074902012987012,13.203876363636365,12.810995,94.49438084415584
2021-11-29 07,2.505008939393939,3.457850075757576,6.660840909090909,6.471484848484849,7.248319446969697,5.4647000075757575,11.628314393939394,12.102746212121213,12.34564393939394,568.2878787878788,0.01059459090909091,14.117931363636362,13.166071212121212,12.675355606060606,93.9995484090909
2021-11-29 08,2.5412175,3.498478375,6.661037500000001,6.46905,7.2169832375,5.46507104375,11.659375,12.73359375,12.793359375,571.425,6.96361914375,15.246042499999998,14.393883249999998,14.199765625000001,94.6587245625
2021-11-29 09,2.6381629885057474,3.6183725862068963,6.577109195402298,6.455706896551724,7.341344695402299,5.467582563218391,12.097341954022989,14.44073275862069,14.255387931034482,506.5977011494253,66.64301264367816,18.947267586206898,17.623505459770115,18.52276971264368,92.10644195402298
2021-11-29 10,2.763397350993378,3.8314654304635765,6.2144503311258275,6.406947019867549,7.653057178807948,5.486075523178808,12.978476821192054,16.4635761589404,16.229718543046356,390.0198675496689,89.75145774834436,22.007564105960263,19.534704238410594,21.119226158940396,85.88323682119204
2021-11-29 11,2.970133381294964,4.1259178417266185,6.031244604316546,6.36231654676259,7.766909388489208,5.798243244604317,14.393884892086332,19.444694244604317,19.12589928057554,346.2517985611511,212.4281049640288,25.757283597122303,22.715741510791364,24.97352949640288,83.35320366906475
2021-11-29 12,3.1109431506849314,4.269956095890411,6.027568493150685,6.347979452054794,7.744376636986301,6.216229047945205,16.544948630136986,21.81378424657534,21.555650684931507,311.7739726027397,169.15899561643838,28.49570684931507,25.272856301369863,26.701362465753427,82.81498924657534
2021-11-29 13,3.136136,4.26321023076923,5.999092307692307,6.357030769230769,7.669664276923077,6.554249969230769,18.497115384615384,22.410096153846155,22.267788461538462,352.9153846153846,293.1234892307692,29.24986907692308,24.898674307692307,27.299598,77.46142499999999
2021-11-29 14,3.137873237410072,4.2031374100719425,6.1086834532374095,6.354086330935251,7.652248107913669,6.77894245323741,19.89838129496403,22.172661870503596,22.03956834532374,338.80575539568343,158.68550978417267,28.413034820143885,24.73792050359712,25.503071366906475,80.54770482014389
2021-11-29 15,3.131892808219178,4.198956301369863,6.097965753424657,6.350102739726028,7.676051664383563,6.947550726027397,20.60316780821918,22.034246575342465,22.19777397260274,319.97945205479454,39.344749986301366,26.791659246575342,24.12966684931507,24.13869095890411,85.38148726027397
2021-11-29 16,3.077838269230769,4.149994038461538,6.238416666666667,6.37951282051282,7.575493801282052,6.954104750000001,20.868189102564102,21.28125,21.50761217948718,330.65384615384613,9.267294903846153,23.594064743589744,21.513043397435897,20.500858012820515,88.14369641025641
2021-11-29 17,2.876671224489796,3.947089591836735,6.259673469387756,6.410653061224489,7.528454115646259,6.9346020884353745,20.43154761904762,18.23937074829932,18.86777210884354,368.06802721088434,0.01937938095238095,19.080379183673468,17.57628326530612,15.566791904761903,91.02337632653062
2021-11-29 18,2.729298686131387,3.7496265693430657,6.394350364963503,6.4332700729927,7.4905699270073,6.919084992700729,19.451186131386862,15.838047445255475,16.416514598540147,390.8029197080292,0.01209829197080292,16.338256642335764,15.241067226277373,14.052900291970804,93.22595437956204
2021-11-29 19,2.6930196598639458,3.662822176870748,6.470054421768707,6.452687074829932,7.47048649659864,6.912150306122449,18.312925170068027,15.105442176870747,15.518707482993197,416.27891156462584,0.01691291836734694,16.13425238095238,15.194552789115646,14.29388619047619,94.16300700680273
2021-11-29 20,2.6578943795620438,3.6163866423357667,6.540671532846716,6.462956204379561,7.452343832116788,6.905888897810219,17.353102189781023,14.514142335766424,14.947080291970803,437.0,0.011720218978102189,15.628807445255473,14.674901605839416,13.686196642335766,94.05458029197081
2021-11-29 21,2.61510338028169,3.566289647887324,6.549288732394366,6.480992957746479,7.434590415492958,6.900813915492957,16.492077464788732,13.852992957746478,14.30149647887324,454.72535211267603,0.012037049295774649,14.927130492957746,13.99928852112676,13.02405690140845,94.18239246478872
2021-11-29 22,2.5707952413793103,3.5104559310344827,6.578448275862069,6.49303448275862,7.420190820689655,6.896775503448276,15.648275862068965,13.10344827586207,13.57801724137931,470.2206896551724,0.011609399999999999,14.114501379310344,13.187971931034483,12.131155586206896,94.15443441379311
2021-11-29 23,2.517241020408163,3.442253129251701,6.605979591836735,6.503394557823129,7.403992510204082,6.893072074829933,14.750425170068027,12.208758503401361,12.691751700680273,486.8299319727891,0.01920321768707483,13.158388911564625,12.263124965986394,11.252565238095238,94.3058694557823
2021-11-30 00,2.486410704225352,3.3934920422535213,6.6214929577464785,6.515450704225352,7.384329147887323,6.890056676056338,13.972271126760564,11.661531690140846,12.088028169014084,499.056338028169,0.016596535211267607,12.729785281690141,11.915520845070423,11.049584084507043,94.79191161971832
2021-11-30 01,2.4666900621118013,3.3625572670807453,6.636987577639752,6.524745341614906,7.372116838509316,6.887430596273292,13.25776397515528,11.282996894409937,11.722049689440993,511.1925465838509,0.014959652173913044,12.468321180124223,11.635380807453416,10.648177080745342,94.66448049689441
2021-11-30 02,2.438339872611465,3.3227400636942677,6.647866242038216,6.531114649681529,7.359301025477707,6.8846865668789805,12.579617834394904,10.736863057324841,11.185509554140127,520.8216560509554,0.010722057324840764,11.820934522292994,10.981670700636943,10.026562350318471,94.59845796178344
2021-11-30 03,2.4130453289473683,3.289070592105263,6.651519736842105,6.537177631578947,7.34473672368421,6.8821947302631585,11.944078947368421,10.335115131578947,10.75452302631579,532.5065789473684,0.01311933552631579,11.454879407894737,10.655699539473684,9.743761131578948,94.83602697368421
2021-11-30 04,2.4000065060240963,3.2694763855421685,6.6567469879518075,6.539084337349398,7.333602927710843,6.880494674698795,11.489457831325302,10.102409638554217,10.498493975903614,540.9036144578313,0.016225180722891565,11.260213493975904,10.483062289156626,9.608392457831325,94.96762180722891
2021-12-21 12,2.92719,4.8261666666666665,6.166999999999999,7.018000000000001,7.949138333333333,1.0701783333333335,14.354166666666666,19.541666666666668,19.166666666666668,320.0,180.6205,26.196640000000002,23.084976666666666,25.373369999999998,83.02533333333334
